195
C5 x (C13 : C3)
1 3 5 13 3 15 3 5 65 13 15 3 15 15 3 5 65 65 13 15 15 3 15 15 15 3 5 65 65 65 \
13 15 15 15 3 15 15 15 15 3 65 65 65 65 13 15 15 15 15 3 15 15 15 15 3 65 65 6\
5 65 13 15 15 15 15 3 15 15 15 15 3 65 65 65 65 13 15 15 15 15 3 15 15 15 15 3\
 65 65 65 65 13 15 15 15 15 3 15 15 15 15 3 65 65 65 65 13 15 15 15 15 3 15 15\
 15 15 3 65 65 65 65 13 15 15 15 15 3 15 15 15 15 3 65 65 65 65 13 15 15 15 15\
 3 15 15 15 15 3 65 65 65 65 13 15 15 15 15 3 15 15 15 15 3 65 65 65 65 15 15 \
15 15 3 15 15 15 15 65 65 65 15 15 15 15 15 15 15 65 65 15 15 15 15 15 65 15 1\
5 15 15
0 4 26 149 1 45 49 15 190 134 35 129 31 105 109 7 184 183 119 22 180 84 19 91 \
164 168 2 175 174 173 104 12 170 140 39 10 77 151 194 34 163 162 161 160 89 5 \
157 126 95 6 63 137 192 90 94 148 147 146 145 74 143 112 81 50 144 123 187 76 \
150 154 133 132 131 130 59 98 67 36 188 99 179 62 136 191 21 118 117 116 115 4\
4 53 23 181 155 54 48 122 186 75 79 103 102 101 100 30 13 171 141 110 14 108 1\
78 61 135 139 88 87 86 85 18 158 127 96 65 159 167 47 121 185 11 73 72 71 70 9\
 113 82 51 193 114 33 107 177 60 64 58 57 56 55 3 68 37 189 169 69 93 166 46 1\
20 124 43 42 41 40 24 182 156 125 25 153 32 106 176 29 28 27 172 142 111 80 20\
 92 165 17 16 128 97 66 78 152 8 83 52 138 38
0 1 2 3 4 5 6 7 8 9 10 11 12 13 14 15 16 17 18 19 20 21 22 23 24 25 26 27 28 2\
9 30 31 32 33 34 35 36 37 38 39 40 41 42 43 44 45 46 47 48 49 50 51 52 53 54 5\
5 56 57 58 59 60 61 62 63 64 65 66 67 68 69 70 71 72 73 74 75 76 77 78 79 80 8\
1 82 83 84 85 86 87 88 89 90 91 92 93 94 95 96 97 98 99 100 101 102 103 104 10\
5 106 107 108 109 110 111 112 113 114 115 116 117 118 119 120 121 122 123 124 \
125 126 127 128 129 130 131 132 133 134 135 136 137 138 139 140 141 142 143 14\
4 145 146 147 148 149 150 151 152 153 154 155 156 157 158 159 160 161 162 163 \
164 165 166 167 168 169 170 171 172 173 174 175 176 177 178 179 180 181 182 18\
3 184 185 186 187 188 189 190 191 192 193 194
1 4 5 6 0 10 11 12 13 14 2 3 19 20 21 22 23 24 25 7 8 9 31 32 33 34 35 36 37 3\
8 39 15 16 17 18 45 46 47 48 49 50 51 52 53 54 26 27 28 29 30 60 61 62 63 64 6\
5 66 67 68 69 40 41 42 43 44 75 76 77 78 79 80 81 82 83 84 55 56 57 58 59 90 9\
1 92 93 94 95 96 97 98 99 70 71 72 73 74 105 106 107 108 109 110 111 112 113 1\
14 85 86 87 88 89 120 121 122 123 124 125 126 127 128 129 100 101 102 103 104 \
135 136 137 138 139 140 141 142 143 144 115 116 117 118 119 150 151 152 153 15\
4 155 156 157 158 159 130 131 132 133 134 164 165 166 167 168 169 170 171 172 \
145 146 147 148 149 176 177 178 179 180 181 182 160 161 162 163 185 186 187 18\
8 189 173 174 175 191 192 193 183 184 194 190
2 5 7 8 10 12 13 15 16 17 19 20 22 23 24 26 27 28 29 31 32 33 35 36 37 38 0 40\
 41 42 43 45 46 47 48 1 50 51 52 53 3 55 56 57 58 4 60 61 62 63 6 65 66 67 68 \
9 70 71 72 73 11 75 76 77 78 14 80 81 82 83 18 85 86 87 88 21 90 91 92 93 25 9\
5 96 97 98 30 100 101 102 103 34 105 106 107 108 39 110 111 112 113 44 115 116\
 117 118 49 120 121 122 123 54 125 126 127 128 59 130 131 132 133 64 135 136 1\
37 138 69 140 141 142 143 74 145 146 147 148 79 150 151 152 153 84 155 156 157\
 158 89 160 161 162 163 94 164 165 166 167 99 169 170 171 172 104 173 174 175 \
109 176 177 178 179 114 180 181 182 119 183 184 124 185 186 187 129 188 189 13\
4 190 139 191 192 144 193 149 154 194 159 168
3 25 8 9 124 38 39 16 17 18 138 139 52 53 54 27 28 29 30 152 153 154 66 67 68 \
69 40 41 42 43 44 165 166 167 168 80 81 82 83 84 55 56 57 58 59 176 177 178 17\
9 4 95 96 97 98 99 70 71 72 73 74 185 186 187 10 11 110 111 112 113 114 85 86 \
87 88 89 191 192 19 20 21 125 126 127 128 129 100 101 102 103 104 194 31 32 33\
 34 140 141 142 143 144 115 116 117 118 119 45 46 47 48 49 155 156 157 158 159\
 130 131 132 133 134 60 61 62 63 64 169 170 171 172 1 145 146 147 148 149 75 7\
6 77 78 79 180 181 182 5 6 160 161 162 163 0 90 91 92 93 94 188 189 12 13 14 1\
73 174 175 2 105 106 107 108 109 193 22 23 24 183 184 7 120 121 122 123 35 36 \
37 190 15 135 136 137 50 51 26 150 151 65 164
4 0 10 11 1 2 3 19 20 21 5 6 7 8 9 31 32 33 34 12 13 14 15 16 17 18 45 46 47 4\
8 49 22 23 24 25 26 27 28 29 30 60 61 62 63 64 35 36 37 38 39 40 41 42 43 44 7\
5 76 77 78 79 50 51 52 53 54 55 56 57 58 59 90 91 92 93 94 65 66 67 68 69 70 7\
1 72 73 74 105 106 107 108 109 80 81 82 83 84 85 86 87 88 89 120 121 122 123 1\
24 95 96 97 98 99 100 101 102 103 104 135 136 137 138 139 110 111 112 113 114 \
115 116 117 118 119 150 151 152 153 154 125 126 127 128 129 130 131 132 133 13\
4 164 165 166 167 168 140 141 142 143 144 145 146 147 148 149 176 177 178 179 \
155 156 157 158 159 160 161 162 163 185 186 187 169 170 171 172 173 174 175 19\
1 192 180 181 182 183 184 194 188 189 190 193
5 10 12 13 2 19 20 22 23 24 7 8 31 32 33 35 36 37 38 15 16 17 45 46 47 48 1 50\
 51 52 53 26 27 28 29 4 60 61 62 63 6 65 66 67 68 0 40 41 42 43 11 75 76 77 78\
 14 80 81 82 83 3 55 56 57 58 21 90 91 92 93 25 95 96 97 98 9 70 71 72 73 34 1\
05 106 107 108 39 110 111 112 113 18 85 86 87 88 49 120 121 122 123 54 125 126\
 127 128 30 100 101 102 103 64 135 136 137 138 69 140 141 142 143 44 115 116 1\
17 118 79 150 151 152 153 84 155 156 157 158 59 130 131 132 133 94 164 165 166\
 167 99 169 170 171 172 74 145 146 147 148 109 176 177 178 179 114 180 181 182\
 89 160 161 162 163 124 185 186 187 129 188 189 104 173 174 175 139 191 192 14\
4 193 119 183 184 154 194 159 134 190 168 149
6 34 13 14 104 48 49 23 24 25 118 119 62 63 64 36 37 38 39 132 133 134 76 77 7\
8 79 50 51 52 53 54 146 147 148 149 90 91 92 93 94 65 66 67 68 69 160 161 162 \
163 0 105 106 107 108 109 80 81 82 83 84 173 174 175 2 3 120 121 122 123 124 9\
5 96 97 98 99 183 184 7 8 9 135 136 137 138 139 110 111 112 113 114 190 15 16 \
17 18 150 151 152 153 154 125 126 127 128 129 26 27 28 29 30 164 165 166 167 1\
68 140 141 142 143 144 40 41 42 43 44 176 177 178 179 4 155 156 157 158 159 55\
 56 57 58 59 185 186 187 10 11 169 170 171 172 1 70 71 72 73 74 191 192 19 20 \
21 180 181 182 5 85 86 87 88 89 194 31 32 33 188 189 12 100 101 102 103 45 46 \
47 193 22 115 116 117 60 61 35 130 131 75 145
7 12 15 16 19 22 23 26 27 28 31 32 35 36 37 0 40 41 42 45 46 47 1 50 51 52 2 3\
 55 56 57 4 60 61 62 5 6 65 66 67 8 9 70 71 72 10 11 75 76 77 13 14 80 81 82 1\
7 18 85 86 87 20 21 90 91 92 24 25 95 96 97 29 30 100 101 102 33 34 105 106 10\
7 38 39 110 111 112 43 44 115 116 117 48 49 120 121 122 53 54 125 126 127 58 5\
9 130 131 132 63 64 135 136 137 68 69 140 141 142 73 74 145 146 147 78 79 150 \
151 152 83 84 155 156 157 88 89 160 161 162 93 94 164 165 166 98 99 169 170 17\
1 103 104 173 174 175 108 109 176 177 178 113 114 180 181 182 118 119 183 184 \
123 124 185 186 187 128 129 188 189 133 134 190 138 139 191 192 143 144 193 14\
8 149 153 154 194 158 159 163 167 168 172 179
8 38 16 17 138 52 53 27 28 29 152 153 66 67 68 40 41 42 43 165 166 167 80 81 8\
2 83 3 55 56 57 58 176 177 178 179 25 95 96 97 98 9 70 71 72 73 124 185 186 18\
7 10 39 110 111 112 113 18 85 86 87 88 139 191 192 19 20 54 125 126 127 128 30\
 100 101 102 103 154 194 31 32 33 69 140 141 142 143 44 115 116 117 118 168 45\
 46 47 48 84 155 156 157 158 59 130 131 132 133 4 60 61 62 63 99 169 170 171 1\
72 74 145 146 147 148 11 75 76 77 78 114 180 181 182 5 89 160 161 162 163 21 9\
0 91 92 93 129 188 189 12 13 104 173 174 175 2 34 105 106 107 108 144 193 22 2\
3 24 119 183 184 7 49 120 121 122 123 159 35 36 37 134 190 15 64 135 136 137 1\
 50 51 149 26 79 150 151 6 65 0 94 164 14 109
9 69 17 18 64 83 84 28 29 30 78 79 97 98 99 41 42 43 44 92 93 94 111 112 113 1\
14 55 56 57 58 59 106 107 108 109 125 126 127 128 129 70 71 72 73 74 120 121 1\
22 123 124 140 141 142 143 144 85 86 87 88 89 135 136 137 138 139 155 156 157 \
158 159 100 101 102 103 104 150 151 152 153 154 169 170 171 172 1 115 116 117 \
118 119 164 165 166 167 168 180 181 182 5 6 130 131 132 133 134 176 177 178 17\
9 4 188 189 12 13 14 145 146 147 148 149 185 186 187 10 11 193 22 23 24 25 160\
 161 162 163 0 191 192 19 20 21 35 36 37 38 39 173 174 175 2 3 194 31 32 33 34\
 50 51 52 53 54 183 184 7 8 45 46 47 48 49 65 66 67 68 190 15 16 60 61 62 63 8\
0 81 82 26 27 75 76 77 95 96 40 90 91 110 105
10 2 19 20 5 7 8 31 32 33 12 13 15 16 17 45 46 47 48 22 23 24 26 27 28 29 4 60\
 61 62 63 35 36 37 38 0 40 41 42 43 11 75 76 77 78 1 50 51 52 53 3 55 56 57 58\
 21 90 91 92 93 6 65 66 67 68 9 70 71 72 73 34 105 106 107 108 14 80 81 82 83 \
18 85 86 87 88 49 120 121 122 123 25 95 96 97 98 30 100 101 102 103 64 135 136\
 137 138 39 110 111 112 113 44 115 116 117 118 79 150 151 152 153 54 125 126 1\
27 128 59 130 131 132 133 94 164 165 166 167 69 140 141 142 143 74 145 146 147\
 148 109 176 177 178 179 84 155 156 157 158 89 160 161 162 163 124 185 186 187\
 99 169 170 171 172 104 173 174 175 139 191 192 114 180 181 182 119 183 184 15\
4 194 129 188 189 134 190 168 144 193 149 159
11 18 20 21 114 29 30 32 33 34 128 129 42 43 44 46 47 48 49 142 143 144 56 57 \
58 59 60 61 62 63 64 156 157 158 159 70 71 72 73 74 75 76 77 78 79 169 170 171\
 172 1 85 86 87 88 89 90 91 92 93 94 180 181 182 5 6 100 101 102 103 104 105 1\
06 107 108 109 188 189 12 13 14 115 116 117 118 119 120 121 122 123 124 193 22\
 23 24 25 130 131 132 133 134 135 136 137 138 139 35 36 37 38 39 145 146 147 1\
48 149 150 151 152 153 154 50 51 52 53 54 160 161 162 163 0 164 165 166 167 16\
8 65 66 67 68 69 173 174 175 2 3 176 177 178 179 4 80 81 82 83 84 183 184 7 8 \
9 185 186 187 10 95 96 97 98 99 190 15 16 17 191 192 19 110 111 112 113 26 27 \
28 194 31 125 126 127 40 41 45 140 141 55 155
12 19 22 23 7 31 32 35 36 37 15 16 45 46 47 1 50 51 52 26 27 28 4 60 61 62 5 6\
 65 66 67 0 40 41 42 10 11 75 76 77 13 14 80 81 82 2 3 55 56 57 20 21 90 91 92\
 24 25 95 96 97 8 9 70 71 72 33 34 105 106 107 38 39 110 111 112 17 18 85 86 8\
7 48 49 120 121 122 53 54 125 126 127 29 30 100 101 102 63 64 135 136 137 68 6\
9 140 141 142 43 44 115 116 117 78 79 150 151 152 83 84 155 156 157 58 59 130 \
131 132 93 94 164 165 166 98 99 169 170 171 73 74 145 146 147 108 109 176 177 \
178 113 114 180 181 182 88 89 160 161 162 123 124 185 186 187 128 129 188 189 \
103 104 173 174 175 138 139 191 192 143 144 193 118 119 183 184 153 154 194 15\
8 159 133 134 190 167 168 172 148 149 179 163
13 48 23 24 118 62 63 36 37 38 132 133 76 77 78 50 51 52 53 146 147 148 90 91 \
92 93 6 65 66 67 68 160 161 162 163 34 105 106 107 108 14 80 81 82 83 104 173 \
174 175 2 49 120 121 122 123 25 95 96 97 98 119 183 184 7 8 64 135 136 137 138\
 39 110 111 112 113 134 190 15 16 17 79 150 151 152 153 54 125 126 127 128 149\
 26 27 28 29 94 164 165 166 167 69 140 141 142 143 0 40 41 42 43 109 176 177 1\
78 179 84 155 156 157 158 3 55 56 57 58 124 185 186 187 10 99 169 170 171 172 \
9 70 71 72 73 139 191 192 19 20 114 180 181 182 5 18 85 86 87 88 154 194 31 32\
 33 129 188 189 12 30 100 101 102 103 168 45 46 47 144 193 22 44 115 116 117 4\
 60 61 159 35 59 130 131 11 75 1 74 145 21 89
14 79 24 25 44 93 94 37 38 39 58 59 107 108 109 51 52 53 54 72 73 74 121 122 1\
23 124 65 66 67 68 69 86 87 88 89 135 136 137 138 139 80 81 82 83 84 100 101 1\
02 103 104 150 151 152 153 154 95 96 97 98 99 115 116 117 118 119 164 165 166 \
167 168 110 111 112 113 114 130 131 132 133 134 176 177 178 179 4 125 126 127 \
128 129 145 146 147 148 149 185 186 187 10 11 140 141 142 143 144 160 161 162 \
163 0 191 192 19 20 21 155 156 157 158 159 173 174 175 2 3 194 31 32 33 34 169\
 170 171 172 1 183 184 7 8 9 45 46 47 48 49 180 181 182 5 6 190 15 16 17 18 60\
 61 62 63 64 188 189 12 13 26 27 28 29 30 75 76 77 78 193 22 23 40 41 42 43 90\
 91 92 35 36 55 56 57 105 106 50 70 71 120 85
15 22 26 27 31 35 36 0 40 41 45 46 1 50 51 2 3 55 56 4 60 61 5 6 65 66 7 8 9 7\
0 71 10 11 75 76 12 13 14 80 81 16 17 18 85 86 19 20 21 90 91 23 24 25 95 96 2\
8 29 30 100 101 32 33 34 105 106 37 38 39 110 111 42 43 44 115 116 47 48 49 12\
0 121 52 53 54 125 126 57 58 59 130 131 62 63 64 135 136 67 68 69 140 141 72 7\
3 74 145 146 77 78 79 150 151 82 83 84 155 156 87 88 89 160 161 92 93 94 164 1\
65 97 98 99 169 170 102 103 104 173 174 107 108 109 176 177 112 113 114 180 18\
1 117 118 119 183 184 122 123 124 185 186 127 128 129 188 189 132 133 134 190 \
137 138 139 191 192 142 143 144 193 147 148 149 152 153 154 194 157 158 159 16\
2 163 166 167 168 171 172 175 178 179 182 187
16 52 27 28 152 66 67 40 41 42 165 166 80 81 82 3 55 56 57 176 177 178 25 95 9\
6 97 8 9 70 71 72 124 185 186 187 38 39 110 111 112 17 18 85 86 87 138 139 191\
 192 19 53 54 125 126 127 29 30 100 101 102 153 154 194 31 32 68 69 140 141 14\
2 43 44 115 116 117 167 168 45 46 47 83 84 155 156 157 58 59 130 131 132 179 4\
 60 61 62 98 99 169 170 171 73 74 145 146 147 10 11 75 76 77 113 114 180 181 1\
82 88 89 160 161 162 20 21 90 91 92 128 129 188 189 12 103 104 173 174 175 33 \
34 105 106 107 143 144 193 22 23 118 119 183 184 7 48 49 120 121 122 158 159 3\
5 36 37 133 134 190 15 63 64 135 136 137 172 1 50 51 148 149 26 78 79 150 151 \
5 6 65 163 0 93 94 164 13 14 2 108 109 24 123
17 83 28 29 78 97 98 41 42 43 92 93 111 112 113 55 56 57 58 106 107 108 125 12\
6 127 128 9 70 71 72 73 120 121 122 123 69 140 141 142 143 18 85 86 87 88 64 1\
35 136 137 138 84 155 156 157 158 30 100 101 102 103 79 150 151 152 153 99 169\
 170 171 172 44 115 116 117 118 94 164 165 166 167 114 180 181 182 5 59 130 13\
1 132 133 109 176 177 178 179 129 188 189 12 13 74 145 146 147 148 124 185 186\
 187 10 144 193 22 23 24 89 160 161 162 163 139 191 192 19 20 159 35 36 37 38 \
104 173 174 175 2 154 194 31 32 33 1 50 51 52 53 119 183 184 7 8 168 45 46 47 \
48 6 65 66 67 68 134 190 15 16 4 60 61 62 63 14 80 81 82 149 26 27 11 75 76 77\
 25 95 96 0 40 21 90 91 39 110 3 34 105 54 49
18 114 29 30 11 128 129 42 43 44 20 21 142 143 144 56 57 58 59 32 33 34 156 15\
7 158 159 70 71 72 73 74 46 47 48 49 169 170 171 172 1 85 86 87 88 89 60 61 62\
 63 64 180 181 182 5 6 100 101 102 103 104 75 76 77 78 79 188 189 12 13 14 115\
 116 117 118 119 90 91 92 93 94 193 22 23 24 25 130 131 132 133 134 105 106 10\
7 108 109 35 36 37 38 39 145 146 147 148 149 120 121 122 123 124 50 51 52 53 5\
4 160 161 162 163 0 135 136 137 138 139 65 66 67 68 69 173 174 175 2 3 150 151\
 152 153 154 80 81 82 83 84 183 184 7 8 9 164 165 166 167 168 95 96 97 98 99 1\
90 15 16 17 176 177 178 179 4 110 111 112 113 26 27 28 185 186 187 10 125 126 \
127 40 41 191 192 19 140 141 55 194 31 155 45
19 7 31 32 12 15 16 45 46 47 22 23 26 27 28 4 60 61 62 35 36 37 0 40 41 42 10 \
11 75 76 77 1 50 51 52 2 3 55 56 57 20 21 90 91 92 5 6 65 66 67 8 9 70 71 72 3\
3 34 105 106 107 13 14 80 81 82 17 18 85 86 87 48 49 120 121 122 24 25 95 96 9\
7 29 30 100 101 102 63 64 135 136 137 38 39 110 111 112 43 44 115 116 117 78 7\
9 150 151 152 53 54 125 126 127 58 59 130 131 132 93 94 164 165 166 68 69 140 \
141 142 73 74 145 146 147 108 109 176 177 178 83 84 155 156 157 88 89 160 161 \
162 123 124 185 186 187 98 99 169 170 171 103 104 173 174 175 138 139 191 192 \
113 114 180 181 182 118 119 183 184 153 154 194 128 129 188 189 133 134 190 16\
7 168 143 144 193 148 149 179 158 159 163 172
20 29 32 33 128 42 43 46 47 48 142 143 56 57 58 60 61 62 63 156 157 158 70 71 \
72 73 11 75 76 77 78 169 170 171 172 18 85 86 87 88 21 90 91 92 93 114 180 181\
 182 5 30 100 101 102 103 34 105 106 107 108 129 188 189 12 13 44 115 116 117 \
118 49 120 121 122 123 144 193 22 23 24 59 130 131 132 133 64 135 136 137 138 \
159 35 36 37 38 74 145 146 147 148 79 150 151 152 153 1 50 51 52 53 89 160 161\
 162 163 94 164 165 166 167 6 65 66 67 68 104 173 174 175 2 109 176 177 178 17\
9 14 80 81 82 83 119 183 184 7 8 124 185 186 187 10 25 95 96 97 98 134 190 15 \
16 17 139 191 192 19 39 110 111 112 113 149 26 27 28 154 194 31 54 125 126 127\
 0 40 41 168 45 69 140 141 3 55 4 84 155 9 99
21 59 33 34 54 73 74 47 48 49 68 69 87 88 89 61 62 63 64 82 83 84 101 102 103 \
104 75 76 77 78 79 96 97 98 99 115 116 117 118 119 90 91 92 93 94 110 111 112 \
113 114 130 131 132 133 134 105 106 107 108 109 125 126 127 128 129 145 146 14\
7 148 149 120 121 122 123 124 140 141 142 143 144 160 161 162 163 0 135 136 13\
7 138 139 155 156 157 158 159 173 174 175 2 3 150 151 152 153 154 169 170 171 \
172 1 183 184 7 8 9 164 165 166 167 168 180 181 182 5 6 190 15 16 17 18 176 17\
7 178 179 4 188 189 12 13 14 26 27 28 29 30 185 186 187 10 11 193 22 23 24 25 \
40 41 42 43 44 191 192 19 20 35 36 37 38 39 55 56 57 58 194 31 32 50 51 52 53 \
70 71 72 45 46 65 66 67 85 86 60 80 81 100 95
22 31 35 36 15 45 46 1 50 51 26 27 4 60 61 5 6 65 66 0 40 41 10 11 75 76 12 13\
 14 80 81 2 3 55 56 19 20 21 90 91 23 24 25 95 96 7 8 9 70 71 32 33 34 105 106\
 37 38 39 110 111 16 17 18 85 86 47 48 49 120 121 52 53 54 125 126 28 29 30 10\
0 101 62 63 64 135 136 67 68 69 140 141 42 43 44 115 116 77 78 79 150 151 82 8\
3 84 155 156 57 58 59 130 131 92 93 94 164 165 97 98 99 169 170 72 73 74 145 1\
46 107 108 109 176 177 112 113 114 180 181 87 88 89 160 161 122 123 124 185 18\
6 127 128 129 188 189 102 103 104 173 174 137 138 139 191 192 142 143 144 193 \
117 118 119 183 184 152 153 154 194 157 158 159 132 133 134 190 166 167 168 17\
1 172 147 148 149 178 179 182 162 163 187 175
23 62 36 37 132 76 77 50 51 52 146 147 90 91 92 6 65 66 67 160 161 162 34 105 \
106 107 13 14 80 81 82 104 173 174 175 48 49 120 121 122 24 25 95 96 97 118 11\
9 183 184 7 63 64 135 136 137 38 39 110 111 112 133 134 190 15 16 78 79 150 15\
1 152 53 54 125 126 127 148 149 26 27 28 93 94 164 165 166 68 69 140 141 142 1\
63 0 40 41 42 108 109 176 177 178 83 84 155 156 157 2 3 55 56 57 123 124 185 1\
86 187 98 99 169 170 171 8 9 70 71 72 138 139 191 192 19 113 114 180 181 182 1\
7 18 85 86 87 153 154 194 31 32 128 129 188 189 12 29 30 100 101 102 167 168 4\
5 46 47 143 144 193 22 43 44 115 116 117 179 4 60 61 158 159 35 58 59 130 131 \
10 11 75 172 1 73 74 145 20 21 5 88 89 33 103
24 93 37 38 58 107 108 51 52 53 72 73 121 122 123 65 66 67 68 86 87 88 135 136\
 137 138 14 80 81 82 83 100 101 102 103 79 150 151 152 153 25 95 96 97 98 44 1\
15 116 117 118 94 164 165 166 167 39 110 111 112 113 59 130 131 132 133 109 17\
6 177 178 179 54 125 126 127 128 74 145 146 147 148 124 185 186 187 10 69 140 \
141 142 143 89 160 161 162 163 139 191 192 19 20 84 155 156 157 158 104 173 17\
4 175 2 154 194 31 32 33 99 169 170 171 172 119 183 184 7 8 168 45 46 47 48 11\
4 180 181 182 5 134 190 15 16 17 4 60 61 62 63 129 188 189 12 13 149 26 27 28 \
29 11 75 76 77 78 144 193 22 23 0 40 41 42 43 21 90 91 92 159 35 36 3 55 56 57\
 34 105 106 1 50 9 70 71 49 120 6 18 85 64 30
25 124 38 39 3 138 139 52 53 54 8 9 152 153 154 66 67 68 69 16 17 18 165 166 1\
67 168 80 81 82 83 84 27 28 29 30 176 177 178 179 4 95 96 97 98 99 40 41 42 43\
 44 185 186 187 10 11 110 111 112 113 114 55 56 57 58 59 191 192 19 20 21 125 \
126 127 128 129 70 71 72 73 74 194 31 32 33 34 140 141 142 143 144 85 86 87 88\
 89 45 46 47 48 49 155 156 157 158 159 100 101 102 103 104 60 61 62 63 64 169 \
170 171 172 1 115 116 117 118 119 75 76 77 78 79 180 181 182 5 6 130 131 132 1\
33 134 90 91 92 93 94 188 189 12 13 14 145 146 147 148 149 105 106 107 108 109\
 193 22 23 24 160 161 162 163 0 120 121 122 123 35 36 37 173 174 175 2 135 136\
 137 50 51 183 184 7 150 151 65 190 15 164 26
26 35 0 40 45 1 50 2 3 55 4 60 5 6 65 7 8 9 70 10 11 75 12 13 14 80 15 16 17 1\
8 85 19 20 21 90 22 23 24 25 95 27 28 29 30 100 31 32 33 34 105 36 37 38 39 11\
0 41 42 43 44 115 46 47 48 49 120 51 52 53 54 125 56 57 58 59 130 61 62 63 64 \
135 66 67 68 69 140 71 72 73 74 145 76 77 78 79 150 81 82 83 84 155 86 87 88 8\
9 160 91 92 93 94 164 96 97 98 99 169 101 102 103 104 173 106 107 108 109 176 \
111 112 113 114 180 116 117 118 119 183 121 122 123 124 185 126 127 128 129 18\
8 131 132 133 134 190 136 137 138 139 191 141 142 143 144 193 146 147 148 149 \
151 152 153 154 194 156 157 158 159 161 162 163 165 166 167 168 170 171 172 17\
4 175 177 178 179 181 182 184 186 187 189 192
27 66 40 41 165 80 81 3 55 56 176 177 25 95 96 8 9 70 71 124 185 186 38 39 110\
 111 16 17 18 85 86 138 139 191 192 52 53 54 125 126 28 29 30 100 101 152 153 \
154 194 31 67 68 69 140 141 42 43 44 115 116 166 167 168 45 46 82 83 84 155 15\
6 57 58 59 130 131 178 179 4 60 61 97 98 99 169 170 72 73 74 145 146 187 10 11\
 75 76 112 113 114 180 181 87 88 89 160 161 19 20 21 90 91 127 128 129 188 189\
 102 103 104 173 174 32 33 34 105 106 142 143 144 193 22 117 118 119 183 184 4\
7 48 49 120 121 157 158 159 35 36 132 133 134 190 15 62 63 64 135 136 171 172 \
1 50 51 147 148 149 26 77 78 79 150 151 182 5 6 65 162 163 0 92 93 94 164 12 1\
3 14 175 2 107 108 109 23 24 7 122 123 37 137
28 97 41 42 92 111 112 55 56 57 106 107 125 126 127 9 70 71 72 120 121 122 69 \
140 141 142 17 18 85 86 87 64 135 136 137 83 84 155 156 157 29 30 100 101 102 \
78 79 150 151 152 98 99 169 170 171 43 44 115 116 117 93 94 164 165 166 113 11\
4 180 181 182 58 59 130 131 132 108 109 176 177 178 128 129 188 189 12 73 74 1\
45 146 147 123 124 185 186 187 143 144 193 22 23 88 89 160 161 162 138 139 191\
 192 19 158 159 35 36 37 103 104 173 174 175 153 154 194 31 32 172 1 50 51 52 \
118 119 183 184 7 167 168 45 46 47 5 6 65 66 67 133 134 190 15 16 179 4 60 61 \
62 13 14 80 81 82 148 149 26 27 10 11 75 76 77 24 25 95 96 163 0 40 20 21 90 9\
1 38 39 110 2 3 33 34 105 53 54 8 48 49 68 63
29 128 42 43 20 142 143 56 57 58 32 33 156 157 158 70 71 72 73 46 47 48 169 17\
0 171 172 18 85 86 87 88 60 61 62 63 114 180 181 182 5 30 100 101 102 103 11 7\
5 76 77 78 129 188 189 12 13 44 115 116 117 118 21 90 91 92 93 144 193 22 23 2\
4 59 130 131 132 133 34 105 106 107 108 159 35 36 37 38 74 145 146 147 148 49 \
120 121 122 123 1 50 51 52 53 89 160 161 162 163 64 135 136 137 138 6 65 66 67\
 68 104 173 174 175 2 79 150 151 152 153 14 80 81 82 83 119 183 184 7 8 94 164\
 165 166 167 25 95 96 97 98 134 190 15 16 17 109 176 177 178 179 39 110 111 11\
2 113 149 26 27 28 124 185 186 187 10 54 125 126 127 0 40 41 139 191 192 19 69\
 140 141 3 55 154 194 31 84 155 9 168 45 99 4
30 159 43 44 139 172 1 57 58 59 153 154 182 5 6 71 72 73 74 166 167 168 189 12\
 13 14 85 86 87 88 89 177 178 179 4 193 22 23 24 25 100 101 102 103 104 185 18\
6 187 10 11 35 36 37 38 39 115 116 117 118 119 191 192 19 20 21 50 51 52 53 54\
 130 131 132 133 134 194 31 32 33 34 65 66 67 68 69 145 146 147 148 149 45 46 \
47 48 49 80 81 82 83 84 160 161 162 163 0 60 61 62 63 64 95 96 97 98 99 173 17\
4 175 2 3 75 76 77 78 79 110 111 112 113 114 183 184 7 8 9 90 91 92 93 94 125 \
126 127 128 129 190 15 16 17 18 105 106 107 108 109 140 141 142 143 144 26 27 \
28 29 120 121 122 123 124 155 156 157 158 40 41 42 135 136 137 138 169 170 171\
 55 56 150 151 152 180 181 70 164 165 188 176
31 15 45 46 22 26 27 4 60 61 35 36 0 40 41 10 11 75 76 1 50 51 2 3 55 56 19 20\
 21 90 91 5 6 65 66 7 8 9 70 71 32 33 34 105 106 12 13 14 80 81 16 17 18 85 86\
 47 48 49 120 121 23 24 25 95 96 28 29 30 100 101 62 63 64 135 136 37 38 39 11\
0 111 42 43 44 115 116 77 78 79 150 151 52 53 54 125 126 57 58 59 130 131 92 9\
3 94 164 165 67 68 69 140 141 72 73 74 145 146 107 108 109 176 177 82 83 84 15\
5 156 87 88 89 160 161 122 123 124 185 186 97 98 99 169 170 102 103 104 173 17\
4 137 138 139 191 192 112 113 114 180 181 117 118 119 183 184 152 153 154 194 \
127 128 129 188 189 132 133 134 190 166 167 168 142 143 144 193 147 148 149 17\
8 179 157 158 159 162 163 187 171 172 175 182
32 42 46 47 142 56 57 60 61 62 156 157 70 71 72 11 75 76 77 169 170 171 18 85 \
86 87 20 21 90 91 92 114 180 181 182 29 30 100 101 102 33 34 105 106 107 128 1\
29 188 189 12 43 44 115 116 117 48 49 120 121 122 143 144 193 22 23 58 59 130 \
131 132 63 64 135 136 137 158 159 35 36 37 73 74 145 146 147 78 79 150 151 152\
 172 1 50 51 52 88 89 160 161 162 93 94 164 165 166 5 6 65 66 67 103 104 173 1\
74 175 108 109 176 177 178 13 14 80 81 82 118 119 183 184 7 123 124 185 186 18\
7 24 25 95 96 97 133 134 190 15 16 138 139 191 192 19 38 39 110 111 112 148 14\
9 26 27 28 153 154 194 31 53 54 125 126 127 163 0 40 41 167 168 45 68 69 140 1\
41 2 3 55 179 4 83 84 155 8 9 10 98 99 17 113
33 73 47 48 68 87 88 61 62 63 82 83 101 102 103 75 76 77 78 96 97 98 115 116 1\
17 118 21 90 91 92 93 110 111 112 113 59 130 131 132 133 34 105 106 107 108 54\
 125 126 127 128 74 145 146 147 148 49 120 121 122 123 69 140 141 142 143 89 1\
60 161 162 163 64 135 136 137 138 84 155 156 157 158 104 173 174 175 2 79 150 \
151 152 153 99 169 170 171 172 119 183 184 7 8 94 164 165 166 167 114 180 181 \
182 5 134 190 15 16 17 109 176 177 178 179 129 188 189 12 13 149 26 27 28 29 1\
24 185 186 187 10 144 193 22 23 24 0 40 41 42 43 139 191 192 19 20 159 35 36 3\
7 38 3 55 56 57 58 154 194 31 32 1 50 51 52 53 9 70 71 72 168 45 46 6 65 66 67\
 18 85 86 4 60 14 80 81 30 100 11 25 95 44 39
34 104 48 49 6 118 119 62 63 64 13 14 132 133 134 76 77 78 79 23 24 25 146 147\
 148 149 90 91 92 93 94 36 37 38 39 160 161 162 163 0 105 106 107 108 109 50 5\
1 52 53 54 173 174 175 2 3 120 121 122 123 124 65 66 67 68 69 183 184 7 8 9 13\
5 136 137 138 139 80 81 82 83 84 190 15 16 17 18 150 151 152 153 154 95 96 97 \
98 99 26 27 28 29 30 164 165 166 167 168 110 111 112 113 114 40 41 42 43 44 17\
6 177 178 179 4 125 126 127 128 129 55 56 57 58 59 185 186 187 10 11 140 141 1\
42 143 144 70 71 72 73 74 191 192 19 20 21 155 156 157 158 159 85 86 87 88 89 \
194 31 32 33 169 170 171 172 1 100 101 102 103 45 46 47 180 181 182 5 115 116 \
117 60 61 188 189 12 130 131 75 193 22 145 35
35 45 1 50 26 4 60 5 6 65 0 40 10 11 75 12 13 14 80 2 3 55 19 20 21 90 22 23 2\
4 25 95 7 8 9 70 31 32 33 34 105 36 37 38 39 110 15 16 17 18 85 46 47 48 49 12\
0 51 52 53 54 125 27 28 29 30 100 61 62 63 64 135 66 67 68 69 140 41 42 43 44 \
115 76 77 78 79 150 81 82 83 84 155 56 57 58 59 130 91 92 93 94 164 96 97 98 9\
9 169 71 72 73 74 145 106 107 108 109 176 111 112 113 114 180 86 87 88 89 160 \
121 122 123 124 185 126 127 128 129 188 101 102 103 104 173 136 137 138 139 19\
1 141 142 143 144 193 116 117 118 119 183 151 152 153 154 194 156 157 158 159 \
131 132 133 134 190 165 166 167 168 170 171 172 146 147 148 149 177 178 179 18\
1 182 161 162 163 186 187 189 174 175 192 184
36 76 50 51 146 90 91 6 65 66 160 161 34 105 106 13 14 80 81 104 173 174 48 49\
 120 121 23 24 25 95 96 118 119 183 184 62 63 64 135 136 37 38 39 110 111 132 \
133 134 190 15 77 78 79 150 151 52 53 54 125 126 147 148 149 26 27 92 93 94 16\
4 165 67 68 69 140 141 162 163 0 40 41 107 108 109 176 177 82 83 84 155 156 17\
5 2 3 55 56 122 123 124 185 186 97 98 99 169 170 7 8 9 70 71 137 138 139 191 1\
92 112 113 114 180 181 16 17 18 85 86 152 153 154 194 31 127 128 129 188 189 2\
8 29 30 100 101 166 167 168 45 46 142 143 144 193 22 42 43 44 115 116 178 179 \
4 60 61 157 158 159 35 57 58 59 130 131 187 10 11 75 171 172 1 72 73 74 145 19\
 20 21 182 5 87 88 89 32 33 12 102 103 47 117
37 107 51 52 72 121 122 65 66 67 86 87 135 136 137 14 80 81 82 100 101 102 79 \
150 151 152 24 25 95 96 97 44 115 116 117 93 94 164 165 166 38 39 110 111 112 \
58 59 130 131 132 108 109 176 177 178 53 54 125 126 127 73 74 145 146 147 123 \
124 185 186 187 68 69 140 141 142 88 89 160 161 162 138 139 191 192 19 83 84 1\
55 156 157 103 104 173 174 175 153 154 194 31 32 98 99 169 170 171 118 119 183\
 184 7 167 168 45 46 47 113 114 180 181 182 133 134 190 15 16 179 4 60 61 62 1\
28 129 188 189 12 148 149 26 27 28 10 11 75 76 77 143 144 193 22 23 163 0 40 4\
1 42 20 21 90 91 92 158 159 35 36 2 3 55 56 57 33 34 105 106 172 1 50 8 9 70 7\
1 48 49 120 5 6 17 18 85 63 64 13 29 30 78 43
38 138 52 53 8 152 153 66 67 68 16 17 165 166 167 80 81 82 83 27 28 29 176 177\
 178 179 25 95 96 97 98 40 41 42 43 124 185 186 187 10 39 110 111 112 113 3 55\
 56 57 58 139 191 192 19 20 54 125 126 127 128 9 70 71 72 73 154 194 31 32 33 \
69 140 141 142 143 18 85 86 87 88 168 45 46 47 48 84 155 156 157 158 30 100 10\
1 102 103 4 60 61 62 63 99 169 170 171 172 44 115 116 117 118 11 75 76 77 78 1\
14 180 181 182 5 59 130 131 132 133 21 90 91 92 93 129 188 189 12 13 74 145 14\
6 147 148 34 105 106 107 108 144 193 22 23 24 89 160 161 162 163 49 120 121 12\
2 123 159 35 36 37 104 173 174 175 2 64 135 136 137 1 50 51 119 183 184 7 79 1\
50 151 6 65 134 190 15 94 164 14 149 26 109 0
39 168 53 54 119 179 4 67 68 69 133 134 187 10 11 81 82 83 84 147 148 149 192 \
19 20 21 95 96 97 98 99 161 162 163 0 194 31 32 33 34 110 111 112 113 114 173 \
174 175 2 3 45 46 47 48 49 125 126 127 128 129 183 184 7 8 9 60 61 62 63 64 14\
0 141 142 143 144 190 15 16 17 18 75 76 77 78 79 155 156 157 158 159 26 27 28 \
29 30 90 91 92 93 94 169 170 171 172 1 40 41 42 43 44 105 106 107 108 109 180 \
181 182 5 6 55 56 57 58 59 120 121 122 123 124 188 189 12 13 14 70 71 72 73 74\
 135 136 137 138 139 193 22 23 24 25 85 86 87 88 89 150 151 152 153 154 35 36 \
37 38 100 101 102 103 104 164 165 166 167 50 51 52 115 116 117 118 176 177 178\
 65 66 130 131 132 185 186 80 145 146 191 160
40 80 3 55 176 25 95 8 9 70 124 185 38 39 110 16 17 18 85 138 139 191 52 53 54\
 125 27 28 29 30 100 152 153 154 194 66 67 68 69 140 41 42 43 44 115 165 166 1\
67 168 45 81 82 83 84 155 56 57 58 59 130 177 178 179 4 60 96 97 98 99 169 71 \
72 73 74 145 186 187 10 11 75 111 112 113 114 180 86 87 88 89 160 192 19 20 21\
 90 126 127 128 129 188 101 102 103 104 173 31 32 33 34 105 141 142 143 144 19\
3 116 117 118 119 183 46 47 48 49 120 156 157 158 159 35 131 132 133 134 190 6\
1 62 63 64 135 170 171 172 1 50 146 147 148 149 26 76 77 78 79 150 181 182 5 6\
 65 161 162 163 0 91 92 93 94 164 189 12 13 14 174 175 2 106 107 108 109 22 23\
 24 184 7 121 122 123 36 37 15 136 137 51 151
41 111 55 56 106 125 126 9 70 71 120 121 69 140 141 17 18 85 86 64 135 136 83 \
84 155 156 28 29 30 100 101 78 79 150 151 97 98 99 169 170 42 43 44 115 116 92\
 93 94 164 165 112 113 114 180 181 57 58 59 130 131 107 108 109 176 177 127 12\
8 129 188 189 72 73 74 145 146 122 123 124 185 186 142 143 144 193 22 87 88 89\
 160 161 137 138 139 191 192 157 158 159 35 36 102 103 104 173 174 152 153 154\
 194 31 171 172 1 50 51 117 118 119 183 184 166 167 168 45 46 182 5 6 65 66 13\
2 133 134 190 15 178 179 4 60 61 12 13 14 80 81 147 148 149 26 27 187 10 11 75\
 76 23 24 25 95 96 162 163 0 40 19 20 21 90 91 37 38 39 110 175 2 3 32 33 34 1\
05 52 53 54 7 8 47 48 49 67 68 16 62 63 82 77
42 142 56 57 32 156 157 70 71 72 46 47 169 170 171 18 85 86 87 60 61 62 114 18\
0 181 182 29 30 100 101 102 11 75 76 77 128 129 188 189 12 43 44 115 116 117 2\
0 21 90 91 92 143 144 193 22 23 58 59 130 131 132 33 34 105 106 107 158 159 35\
 36 37 73 74 145 146 147 48 49 120 121 122 172 1 50 51 52 88 89 160 161 162 63\
 64 135 136 137 5 6 65 66 67 103 104 173 174 175 78 79 150 151 152 13 14 80 81\
 82 118 119 183 184 7 93 94 164 165 166 24 25 95 96 97 133 134 190 15 16 108 1\
09 176 177 178 38 39 110 111 112 148 149 26 27 28 123 124 185 186 187 53 54 12\
5 126 127 163 0 40 41 138 139 191 192 19 68 69 140 141 2 3 55 153 154 194 31 8\
3 84 155 8 9 167 168 45 98 99 17 179 4 113 10
43 172 57 58 153 182 5 71 72 73 166 167 189 12 13 85 86 87 88 177 178 179 193 \
22 23 24 30 100 101 102 103 185 186 187 10 159 35 36 37 38 44 115 116 117 118 \
139 191 192 19 20 1 50 51 52 53 59 130 131 132 133 154 194 31 32 33 6 65 66 67\
 68 74 145 146 147 148 168 45 46 47 48 14 80 81 82 83 89 160 161 162 163 4 60 \
61 62 63 25 95 96 97 98 104 173 174 175 2 11 75 76 77 78 39 110 111 112 113 11\
9 183 184 7 8 21 90 91 92 93 54 125 126 127 128 134 190 15 16 17 34 105 106 10\
7 108 69 140 141 142 143 149 26 27 28 29 49 120 121 122 123 84 155 156 157 158\
 0 40 41 42 64 135 136 137 138 99 169 170 171 3 55 56 79 150 151 152 114 180 1\
81 9 70 94 164 165 129 188 18 109 176 144 124
44 14 58 59 79 24 25 72 73 74 93 94 37 38 39 86 87 88 89 107 108 109 51 52 53 \
54 100 101 102 103 104 121 122 123 124 65 66 67 68 69 115 116 117 118 119 135 \
136 137 138 139 80 81 82 83 84 130 131 132 133 134 150 151 152 153 154 95 96 9\
7 98 99 145 146 147 148 149 164 165 166 167 168 110 111 112 113 114 160 161 16\
2 163 0 176 177 178 179 4 125 126 127 128 129 173 174 175 2 3 185 186 187 10 1\
1 140 141 142 143 144 183 184 7 8 9 191 192 19 20 21 155 156 157 158 159 190 1\
5 16 17 18 194 31 32 33 34 169 170 171 172 1 26 27 28 29 30 45 46 47 48 49 180\
 181 182 5 6 40 41 42 43 60 61 62 63 64 188 189 12 13 55 56 57 75 76 77 78 193\
 22 23 70 71 90 91 92 35 36 85 105 106 50 120
45 26 4 60 35 0 40 10 11 75 1 50 2 3 55 19 20 21 90 5 6 65 7 8 9 70 31 32 33 3\
4 105 12 13 14 80 15 16 17 18 85 46 47 48 49 120 22 23 24 25 95 27 28 29 30 10\
0 61 62 63 64 135 36 37 38 39 110 41 42 43 44 115 76 77 78 79 150 51 52 53 54 \
125 56 57 58 59 130 91 92 93 94 164 66 67 68 69 140 71 72 73 74 145 106 107 10\
8 109 176 81 82 83 84 155 86 87 88 89 160 121 122 123 124 185 96 97 98 99 169 \
101 102 103 104 173 136 137 138 139 191 111 112 113 114 180 116 117 118 119 18\
3 151 152 153 154 194 126 127 128 129 188 131 132 133 134 190 165 166 167 168 \
141 142 143 144 193 146 147 148 149 177 178 179 156 157 158 159 161 162 163 18\
6 187 170 171 172 174 175 192 181 182 184 189
46 56 60 61 156 70 71 11 75 76 169 170 18 85 86 20 21 90 91 114 180 181 29 30 \
100 101 32 33 34 105 106 128 129 188 189 42 43 44 115 116 47 48 49 120 121 142\
 143 144 193 22 57 58 59 130 131 62 63 64 135 136 157 158 159 35 36 72 73 74 1\
45 146 77 78 79 150 151 171 172 1 50 51 87 88 89 160 161 92 93 94 164 165 182 \
5 6 65 66 102 103 104 173 174 107 108 109 176 177 12 13 14 80 81 117 118 119 1\
83 184 122 123 124 185 186 23 24 25 95 96 132 133 134 190 15 137 138 139 191 1\
92 37 38 39 110 111 147 148 149 26 27 152 153 154 194 31 52 53 54 125 126 162 \
163 0 40 41 166 167 168 45 67 68 69 140 141 175 2 3 55 178 179 4 82 83 84 155 \
7 8 9 187 10 97 98 99 16 17 19 112 113 28 127
47 87 61 62 82 101 102 75 76 77 96 97 115 116 117 21 90 91 92 110 111 112 59 1\
30 131 132 33 34 105 106 107 54 125 126 127 73 74 145 146 147 48 49 120 121 12\
2 68 69 140 141 142 88 89 160 161 162 63 64 135 136 137 83 84 155 156 157 103 \
104 173 174 175 78 79 150 151 152 98 99 169 170 171 118 119 183 184 7 93 94 16\
4 165 166 113 114 180 181 182 133 134 190 15 16 108 109 176 177 178 128 129 18\
8 189 12 148 149 26 27 28 123 124 185 186 187 143 144 193 22 23 163 0 40 41 42\
 138 139 191 192 19 158 159 35 36 37 2 3 55 56 57 153 154 194 31 32 172 1 50 5\
1 52 8 9 70 71 72 167 168 45 46 5 6 65 66 67 17 18 85 86 179 4 60 13 14 80 81 \
29 30 100 10 11 24 25 95 43 44 20 38 39 58 53
48 118 62 63 13 132 133 76 77 78 23 24 146 147 148 90 91 92 93 36 37 38 160 16\
1 162 163 34 105 106 107 108 50 51 52 53 104 173 174 175 2 49 120 121 122 123 \
6 65 66 67 68 119 183 184 7 8 64 135 136 137 138 14 80 81 82 83 134 190 15 16 \
17 79 150 151 152 153 25 95 96 97 98 149 26 27 28 29 94 164 165 166 167 39 110\
 111 112 113 0 40 41 42 43 109 176 177 178 179 54 125 126 127 128 3 55 56 57 5\
8 124 185 186 187 10 69 140 141 142 143 9 70 71 72 73 139 191 192 19 20 84 155\
 156 157 158 18 85 86 87 88 154 194 31 32 33 99 169 170 171 172 30 100 101 102\
 103 168 45 46 47 114 180 181 182 5 44 115 116 117 4 60 61 129 188 189 12 59 1\
30 131 11 75 144 193 22 74 145 21 159 35 89 1
49 149 63 64 129 163 0 77 78 79 143 144 175 2 3 91 92 93 94 157 158 159 184 7 \
8 9 105 106 107 108 109 170 171 172 1 190 15 16 17 18 120 121 122 123 124 180 \
181 182 5 6 26 27 28 29 30 135 136 137 138 139 188 189 12 13 14 40 41 42 43 44\
 150 151 152 153 154 193 22 23 24 25 55 56 57 58 59 164 165 166 167 168 35 36 \
37 38 39 70 71 72 73 74 176 177 178 179 4 50 51 52 53 54 85 86 87 88 89 185 18\
6 187 10 11 65 66 67 68 69 100 101 102 103 104 191 192 19 20 21 80 81 82 83 84\
 115 116 117 118 119 194 31 32 33 34 95 96 97 98 99 130 131 132 133 134 45 46 \
47 48 110 111 112 113 114 145 146 147 148 60 61 62 125 126 127 128 160 161 162\
 75 76 140 141 142 173 174 90 155 156 183 169
50 90 6 65 160 34 105 13 14 80 104 173 48 49 120 23 24 25 95 118 119 183 62 63\
 64 135 36 37 38 39 110 132 133 134 190 76 77 78 79 150 51 52 53 54 125 146 14\
7 148 149 26 91 92 93 94 164 66 67 68 69 140 161 162 163 0 40 106 107 108 109 \
176 81 82 83 84 155 174 175 2 3 55 121 122 123 124 185 96 97 98 99 169 184 7 8\
 9 70 136 137 138 139 191 111 112 113 114 180 15 16 17 18 85 151 152 153 154 1\
94 126 127 128 129 188 27 28 29 30 100 165 166 167 168 45 141 142 143 144 193 \
41 42 43 44 115 177 178 179 4 60 156 157 158 159 35 56 57 58 59 130 186 187 10\
 11 75 170 171 172 1 71 72 73 74 145 192 19 20 21 181 182 5 86 87 88 89 31 32 \
33 189 12 101 102 103 46 47 22 116 117 61 131
51 121 65 66 86 135 136 14 80 81 100 101 79 150 151 24 25 95 96 44 115 116 93 \
94 164 165 37 38 39 110 111 58 59 130 131 107 108 109 176 177 52 53 54 125 126\
 72 73 74 145 146 122 123 124 185 186 67 68 69 140 141 87 88 89 160 161 137 13\
8 139 191 192 82 83 84 155 156 102 103 104 173 174 152 153 154 194 31 97 98 99\
 169 170 117 118 119 183 184 166 167 168 45 46 112 113 114 180 181 132 133 134\
 190 15 178 179 4 60 61 127 128 129 188 189 147 148 149 26 27 187 10 11 75 76 \
142 143 144 193 22 162 163 0 40 41 19 20 21 90 91 157 158 159 35 36 175 2 3 55\
 56 32 33 34 105 106 171 172 1 50 7 8 9 70 71 47 48 49 120 182 5 6 16 17 18 85\
 62 63 64 12 13 28 29 30 77 78 23 42 43 92 57
52 152 66 67 16 165 166 80 81 82 27 28 176 177 178 25 95 96 97 40 41 42 124 18\
5 186 187 38 39 110 111 112 3 55 56 57 138 139 191 192 19 53 54 125 126 127 8 \
9 70 71 72 153 154 194 31 32 68 69 140 141 142 17 18 85 86 87 167 168 45 46 47\
 83 84 155 156 157 29 30 100 101 102 179 4 60 61 62 98 99 169 170 171 43 44 11\
5 116 117 10 11 75 76 77 113 114 180 181 182 58 59 130 131 132 20 21 90 91 92 \
128 129 188 189 12 73 74 145 146 147 33 34 105 106 107 143 144 193 22 23 88 89\
 160 161 162 48 49 120 121 122 158 159 35 36 37 103 104 173 174 175 63 64 135 \
136 137 172 1 50 51 118 119 183 184 7 78 79 150 151 5 6 65 133 134 190 15 93 9\
4 164 13 14 148 149 26 108 109 24 163 0 123 2
53 179 67 68 133 187 10 81 82 83 147 148 192 19 20 95 96 97 98 161 162 163 194\
 31 32 33 39 110 111 112 113 173 174 175 2 168 45 46 47 48 54 125 126 127 128 \
119 183 184 7 8 4 60 61 62 63 69 140 141 142 143 134 190 15 16 17 11 75 76 77 \
78 84 155 156 157 158 149 26 27 28 29 21 90 91 92 93 99 169 170 171 172 0 40 4\
1 42 43 34 105 106 107 108 114 180 181 182 5 3 55 56 57 58 49 120 121 122 123 \
129 188 189 12 13 9 70 71 72 73 64 135 136 137 138 144 193 22 23 24 18 85 86 8\
7 88 79 150 151 152 153 159 35 36 37 38 30 100 101 102 103 94 164 165 166 167 \
1 50 51 52 44 115 116 117 118 109 176 177 178 6 65 66 59 130 131 132 124 185 1\
86 14 80 74 145 146 139 191 25 89 160 154 104
54 21 68 69 59 33 34 82 83 84 73 74 47 48 49 96 97 98 99 87 88 89 61 62 63 64 \
110 111 112 113 114 101 102 103 104 75 76 77 78 79 125 126 127 128 129 115 116\
 117 118 119 90 91 92 93 94 140 141 142 143 144 130 131 132 133 134 105 106 10\
7 108 109 155 156 157 158 159 145 146 147 148 149 120 121 122 123 124 169 170 \
171 172 1 160 161 162 163 0 135 136 137 138 139 180 181 182 5 6 173 174 175 2 \
3 150 151 152 153 154 188 189 12 13 14 183 184 7 8 9 164 165 166 167 168 193 2\
2 23 24 25 190 15 16 17 18 176 177 178 179 4 35 36 37 38 39 26 27 28 29 30 185\
 186 187 10 11 50 51 52 53 40 41 42 43 44 191 192 19 20 65 66 67 55 56 57 58 1\
94 31 32 80 81 70 71 72 45 46 95 85 86 60 100
55 125 9 70 120 69 140 17 18 85 64 135 83 84 155 28 29 30 100 78 79 150 97 98 \
99 169 41 42 43 44 115 92 93 94 164 111 112 113 114 180 56 57 58 59 130 106 10\
7 108 109 176 126 127 128 129 188 71 72 73 74 145 121 122 123 124 185 141 142 \
143 144 193 86 87 88 89 160 136 137 138 139 191 156 157 158 159 35 101 102 103\
 104 173 151 152 153 154 194 170 171 172 1 50 116 117 118 119 183 165 166 167 \
168 45 181 182 5 6 65 131 132 133 134 190 177 178 179 4 60 189 12 13 14 80 146\
 147 148 149 26 186 187 10 11 75 22 23 24 25 95 161 162 163 0 40 192 19 20 21 \
90 36 37 38 39 110 174 175 2 3 31 32 33 34 105 51 52 53 54 184 7 8 46 47 48 49\
 66 67 68 15 16 61 62 63 81 82 27 76 77 96 91
56 156 70 71 46 169 170 18 85 86 60 61 114 180 181 29 30 100 101 11 75 76 128 \
129 188 189 42 43 44 115 116 20 21 90 91 142 143 144 193 22 57 58 59 130 131 3\
2 33 34 105 106 157 158 159 35 36 72 73 74 145 146 47 48 49 120 121 171 172 1 \
50 51 87 88 89 160 161 62 63 64 135 136 182 5 6 65 66 102 103 104 173 174 77 7\
8 79 150 151 12 13 14 80 81 117 118 119 183 184 92 93 94 164 165 23 24 25 95 9\
6 132 133 134 190 15 107 108 109 176 177 37 38 39 110 111 147 148 149 26 27 12\
2 123 124 185 186 52 53 54 125 126 162 163 0 40 41 137 138 139 191 192 67 68 6\
9 140 141 175 2 3 55 152 153 154 194 31 82 83 84 155 7 8 9 166 167 168 45 97 9\
8 99 16 17 178 179 4 112 113 28 187 10 127 19
57 182 71 72 166 189 12 85 86 87 177 178 193 22 23 30 100 101 102 185 186 187 \
159 35 36 37 43 44 115 116 117 139 191 192 19 172 1 50 51 52 58 59 130 131 132\
 153 154 194 31 32 5 6 65 66 67 73 74 145 146 147 167 168 45 46 47 13 14 80 81\
 82 88 89 160 161 162 179 4 60 61 62 24 25 95 96 97 103 104 173 174 175 10 11 \
75 76 77 38 39 110 111 112 118 119 183 184 7 20 21 90 91 92 53 54 125 126 127 \
133 134 190 15 16 33 34 105 106 107 68 69 140 141 142 148 149 26 27 28 48 49 1\
20 121 122 83 84 155 156 157 163 0 40 41 42 63 64 135 136 137 98 99 169 170 17\
1 2 3 55 56 78 79 150 151 152 113 114 180 181 8 9 70 93 94 164 165 128 129 188\
 17 18 108 109 176 143 144 29 123 124 158 138
58 24 72 73 93 37 38 86 87 88 107 108 51 52 53 100 101 102 103 121 122 123 65 \
66 67 68 44 115 116 117 118 135 136 137 138 14 80 81 82 83 59 130 131 132 133 \
79 150 151 152 153 25 95 96 97 98 74 145 146 147 148 94 164 165 166 167 39 110\
 111 112 113 89 160 161 162 163 109 176 177 178 179 54 125 126 127 128 104 173\
 174 175 2 124 185 186 187 10 69 140 141 142 143 119 183 184 7 8 139 191 192 1\
9 20 84 155 156 157 158 134 190 15 16 17 154 194 31 32 33 99 169 170 171 172 1\
49 26 27 28 29 168 45 46 47 48 114 180 181 182 5 0 40 41 42 43 4 60 61 62 63 1\
29 188 189 12 13 3 55 56 57 11 75 76 77 78 144 193 22 23 9 70 71 21 90 91 92 1\
59 35 36 18 85 34 105 106 1 50 30 49 120 6 64
59 54 73 74 21 68 69 87 88 89 33 34 82 83 84 101 102 103 104 47 48 49 96 97 98\
 99 115 116 117 118 119 61 62 63 64 110 111 112 113 114 130 131 132 133 134 75\
 76 77 78 79 125 126 127 128 129 145 146 147 148 149 90 91 92 93 94 140 141 14\
2 143 144 160 161 162 163 0 105 106 107 108 109 155 156 157 158 159 173 174 17\
5 2 3 120 121 122 123 124 169 170 171 172 1 183 184 7 8 9 135 136 137 138 139 \
180 181 182 5 6 190 15 16 17 18 150 151 152 153 154 188 189 12 13 14 26 27 28 \
29 30 164 165 166 167 168 193 22 23 24 25 40 41 42 43 44 176 177 178 179 4 35 \
36 37 38 39 55 56 57 58 185 186 187 10 11 50 51 52 53 70 71 72 191 192 19 20 6\
5 66 67 85 86 194 31 32 80 81 100 45 46 95 60
60 70 11 75 169 18 85 20 21 90 114 180 29 30 100 32 33 34 105 128 129 188 42 4\
3 44 115 46 47 48 49 120 142 143 144 193 56 57 58 59 130 61 62 63 64 135 156 1\
57 158 159 35 71 72 73 74 145 76 77 78 79 150 170 171 172 1 50 86 87 88 89 160\
 91 92 93 94 164 181 182 5 6 65 101 102 103 104 173 106 107 108 109 176 189 12\
 13 14 80 116 117 118 119 183 121 122 123 124 185 22 23 24 25 95 131 132 133 1\
34 190 136 137 138 139 191 36 37 38 39 110 146 147 148 149 26 151 152 153 154 \
194 51 52 53 54 125 161 162 163 0 40 165 166 167 168 45 66 67 68 69 140 174 17\
5 2 3 55 177 178 179 4 81 82 83 84 155 184 7 8 9 186 187 10 96 97 98 99 15 16 \
17 192 19 111 112 113 27 28 31 126 127 41 141
61 101 75 76 96 115 116 21 90 91 110 111 59 130 131 33 34 105 106 54 125 126 7\
3 74 145 146 47 48 49 120 121 68 69 140 141 87 88 89 160 161 62 63 64 135 136 \
82 83 84 155 156 102 103 104 173 174 77 78 79 150 151 97 98 99 169 170 117 118\
 119 183 184 92 93 94 164 165 112 113 114 180 181 132 133 134 190 15 107 108 1\
09 176 177 127 128 129 188 189 147 148 149 26 27 122 123 124 185 186 142 143 1\
44 193 22 162 163 0 40 41 137 138 139 191 192 157 158 159 35 36 175 2 3 55 56 \
152 153 154 194 31 171 172 1 50 51 7 8 9 70 71 166 167 168 45 46 182 5 6 65 66\
 16 17 18 85 86 178 179 4 60 12 13 14 80 81 28 29 30 100 187 10 11 23 24 25 95\
 42 43 44 19 20 37 38 39 57 58 32 52 53 72 67
62 132 76 77 23 146 147 90 91 92 36 37 160 161 162 34 105 106 107 50 51 52 104\
 173 174 175 48 49 120 121 122 6 65 66 67 118 119 183 184 7 63 64 135 136 137 \
13 14 80 81 82 133 134 190 15 16 78 79 150 151 152 24 25 95 96 97 148 149 26 2\
7 28 93 94 164 165 166 38 39 110 111 112 163 0 40 41 42 108 109 176 177 178 53\
 54 125 126 127 2 3 55 56 57 123 124 185 186 187 68 69 140 141 142 8 9 70 71 7\
2 138 139 191 192 19 83 84 155 156 157 17 18 85 86 87 153 154 194 31 32 98 99 \
169 170 171 29 30 100 101 102 167 168 45 46 47 113 114 180 181 182 43 44 115 1\
16 117 179 4 60 61 128 129 188 189 12 58 59 130 131 10 11 75 143 144 193 22 73\
 74 145 20 21 158 159 35 88 89 33 172 1 103 5
63 163 77 78 143 175 2 91 92 93 157 158 184 7 8 105 106 107 108 170 171 172 19\
0 15 16 17 49 120 121 122 123 180 181 182 5 149 26 27 28 29 64 135 136 137 138\
 129 188 189 12 13 0 40 41 42 43 79 150 151 152 153 144 193 22 23 24 3 55 56 5\
7 58 94 164 165 166 167 159 35 36 37 38 9 70 71 72 73 109 176 177 178 179 1 50\
 51 52 53 18 85 86 87 88 124 185 186 187 10 6 65 66 67 68 30 100 101 102 103 1\
39 191 192 19 20 14 80 81 82 83 44 115 116 117 118 154 194 31 32 33 25 95 96 9\
7 98 59 130 131 132 133 168 45 46 47 48 39 110 111 112 113 74 145 146 147 148 \
4 60 61 62 54 125 126 127 128 89 160 161 162 11 75 76 69 140 141 142 104 173 1\
74 21 90 84 155 156 119 183 34 99 169 134 114
64 9 78 79 69 17 18 92 93 94 83 84 28 29 30 106 107 108 109 97 98 99 41 42 43 \
44 120 121 122 123 124 111 112 113 114 55 56 57 58 59 135 136 137 138 139 125 \
126 127 128 129 70 71 72 73 74 150 151 152 153 154 140 141 142 143 144 85 86 8\
7 88 89 164 165 166 167 168 155 156 157 158 159 100 101 102 103 104 176 177 17\
8 179 4 169 170 171 172 1 115 116 117 118 119 185 186 187 10 11 180 181 182 5 \
6 130 131 132 133 134 191 192 19 20 21 188 189 12 13 14 145 146 147 148 149 19\
4 31 32 33 34 193 22 23 24 25 160 161 162 163 0 45 46 47 48 49 35 36 37 38 39 \
173 174 175 2 3 60 61 62 63 50 51 52 53 54 183 184 7 8 75 76 77 65 66 67 68 19\
0 15 16 90 91 80 81 82 26 27 105 95 96 40 110
65 135 14 80 100 79 150 24 25 95 44 115 93 94 164 37 38 39 110 58 59 130 107 1\
08 109 176 51 52 53 54 125 72 73 74 145 121 122 123 124 185 66 67 68 69 140 86\
 87 88 89 160 136 137 138 139 191 81 82 83 84 155 101 102 103 104 173 151 152 \
153 154 194 96 97 98 99 169 116 117 118 119 183 165 166 167 168 45 111 112 113\
 114 180 131 132 133 134 190 177 178 179 4 60 126 127 128 129 188 146 147 148 \
149 26 186 187 10 11 75 141 142 143 144 193 161 162 163 0 40 192 19 20 21 90 1\
56 157 158 159 35 174 175 2 3 55 31 32 33 34 105 170 171 172 1 50 184 7 8 9 70\
 46 47 48 49 120 181 182 5 6 15 16 17 18 85 61 62 63 64 189 12 13 27 28 29 30 \
76 77 78 22 23 41 42 43 91 92 36 56 57 106 71
66 165 80 81 27 176 177 25 95 96 40 41 124 185 186 38 39 110 111 3 55 56 138 1\
39 191 192 52 53 54 125 126 8 9 70 71 152 153 154 194 31 67 68 69 140 141 16 1\
7 18 85 86 166 167 168 45 46 82 83 84 155 156 28 29 30 100 101 178 179 4 60 61\
 97 98 99 169 170 42 43 44 115 116 187 10 11 75 76 112 113 114 180 181 57 58 5\
9 130 131 19 20 21 90 91 127 128 129 188 189 72 73 74 145 146 32 33 34 105 106\
 142 143 144 193 22 87 88 89 160 161 47 48 49 120 121 157 158 159 35 36 102 10\
3 104 173 174 62 63 64 135 136 171 172 1 50 51 117 118 119 183 184 77 78 79 15\
0 151 182 5 6 65 132 133 134 190 15 92 93 94 164 12 13 14 147 148 149 26 107 1\
08 109 23 24 162 163 0 122 123 37 175 2 137 7
67 187 81 82 147 192 19 95 96 97 161 162 194 31 32 39 110 111 112 173 174 175 \
168 45 46 47 53 54 125 126 127 119 183 184 7 179 4 60 61 62 68 69 140 141 142 \
133 134 190 15 16 10 11 75 76 77 83 84 155 156 157 148 149 26 27 28 20 21 90 9\
1 92 98 99 169 170 171 163 0 40 41 42 33 34 105 106 107 113 114 180 181 182 2 \
3 55 56 57 48 49 120 121 122 128 129 188 189 12 8 9 70 71 72 63 64 135 136 137\
 143 144 193 22 23 17 18 85 86 87 78 79 150 151 152 158 159 35 36 37 29 30 100\
 101 102 93 94 164 165 166 172 1 50 51 52 43 44 115 116 117 108 109 176 177 17\
8 5 6 65 66 58 59 130 131 132 123 124 185 186 13 14 80 73 74 145 146 138 139 1\
91 24 25 88 89 160 153 154 38 103 104 167 118
68 33 82 83 73 47 48 96 97 98 87 88 61 62 63 110 111 112 113 101 102 103 75 76\
 77 78 54 125 126 127 128 115 116 117 118 21 90 91 92 93 69 140 141 142 143 59\
 130 131 132 133 34 105 106 107 108 84 155 156 157 158 74 145 146 147 148 49 1\
20 121 122 123 99 169 170 171 172 89 160 161 162 163 64 135 136 137 138 114 18\
0 181 182 5 104 173 174 175 2 79 150 151 152 153 129 188 189 12 13 119 183 184\
 7 8 94 164 165 166 167 144 193 22 23 24 134 190 15 16 17 109 176 177 178 179 \
159 35 36 37 38 149 26 27 28 29 124 185 186 187 10 1 50 51 52 53 0 40 41 42 43\
 139 191 192 19 20 6 65 66 67 3 55 56 57 58 154 194 31 32 14 80 81 9 70 71 72 \
168 45 46 25 95 18 85 86 4 60 39 30 100 11 44
69 64 83 84 9 78 79 97 98 99 17 18 92 93 94 111 112 113 114 28 29 30 106 107 1\
08 109 125 126 127 128 129 41 42 43 44 120 121 122 123 124 140 141 142 143 144\
 55 56 57 58 59 135 136 137 138 139 155 156 157 158 159 70 71 72 73 74 150 151\
 152 153 154 169 170 171 172 1 85 86 87 88 89 164 165 166 167 168 180 181 182 \
5 6 100 101 102 103 104 176 177 178 179 4 188 189 12 13 14 115 116 117 118 119\
 185 186 187 10 11 193 22 23 24 25 130 131 132 133 134 191 192 19 20 21 35 36 \
37 38 39 145 146 147 148 149 194 31 32 33 34 50 51 52 53 54 160 161 162 163 0 \
45 46 47 48 49 65 66 67 68 173 174 175 2 3 60 61 62 63 80 81 82 183 184 7 8 75\
 76 77 95 96 190 15 16 90 91 110 26 27 105 40
70 169 18 85 60 114 180 29 30 100 11 75 128 129 188 42 43 44 115 20 21 90 142 \
143 144 193 56 57 58 59 130 32 33 34 105 156 157 158 159 35 71 72 73 74 145 46\
 47 48 49 120 170 171 172 1 50 86 87 88 89 160 61 62 63 64 135 181 182 5 6 65 \
101 102 103 104 173 76 77 78 79 150 189 12 13 14 80 116 117 118 119 183 91 92 \
93 94 164 22 23 24 25 95 131 132 133 134 190 106 107 108 109 176 36 37 38 39 1\
10 146 147 148 149 26 121 122 123 124 185 51 52 53 54 125 161 162 163 0 40 136\
 137 138 139 191 66 67 68 69 140 174 175 2 3 55 151 152 153 154 194 81 82 83 8\
4 155 184 7 8 9 165 166 167 168 45 96 97 98 99 15 16 17 177 178 179 4 111 112 \
113 27 28 186 187 10 126 127 41 192 19 141 31
71 189 85 86 177 193 22 30 100 101 185 186 159 35 36 43 44 115 116 139 191 192\
 172 1 50 51 57 58 59 130 131 153 154 194 31 182 5 6 65 66 72 73 74 145 146 16\
6 167 168 45 46 12 13 14 80 81 87 88 89 160 161 178 179 4 60 61 23 24 25 95 96\
 102 103 104 173 174 187 10 11 75 76 37 38 39 110 111 117 118 119 183 184 19 2\
0 21 90 91 52 53 54 125 126 132 133 134 190 15 32 33 34 105 106 67 68 69 140 1\
41 147 148 149 26 27 47 48 49 120 121 82 83 84 155 156 162 163 0 40 41 62 63 6\
4 135 136 97 98 99 169 170 175 2 3 55 56 77 78 79 150 151 112 113 114 180 181 \
7 8 9 70 92 93 94 164 165 127 128 129 188 16 17 18 107 108 109 176 142 143 144\
 28 29 122 123 124 157 158 42 137 138 171 152
72 37 86 87 107 51 52 100 101 102 121 122 65 66 67 44 115 116 117 135 136 137 \
14 80 81 82 58 59 130 131 132 79 150 151 152 24 25 95 96 97 73 74 145 146 147 \
93 94 164 165 166 38 39 110 111 112 88 89 160 161 162 108 109 176 177 178 53 5\
4 125 126 127 103 104 173 174 175 123 124 185 186 187 68 69 140 141 142 118 11\
9 183 184 7 138 139 191 192 19 83 84 155 156 157 133 134 190 15 16 153 154 194\
 31 32 98 99 169 170 171 148 149 26 27 28 167 168 45 46 47 113 114 180 181 182\
 163 0 40 41 42 179 4 60 61 62 128 129 188 189 12 2 3 55 56 57 10 11 75 76 77 \
143 144 193 22 23 8 9 70 71 20 21 90 91 92 158 159 35 36 17 18 85 33 34 105 10\
6 172 1 50 29 30 48 49 120 5 6 43 63 64 13 78
73 68 87 88 33 82 83 101 102 103 47 48 96 97 98 115 116 117 118 61 62 63 110 1\
11 112 113 59 130 131 132 133 75 76 77 78 54 125 126 127 128 74 145 146 147 14\
8 21 90 91 92 93 69 140 141 142 143 89 160 161 162 163 34 105 106 107 108 84 1\
55 156 157 158 104 173 174 175 2 49 120 121 122 123 99 169 170 171 172 119 183\
 184 7 8 64 135 136 137 138 114 180 181 182 5 134 190 15 16 17 79 150 151 152 \
153 129 188 189 12 13 149 26 27 28 29 94 164 165 166 167 144 193 22 23 24 0 40\
 41 42 43 109 176 177 178 179 159 35 36 37 38 3 55 56 57 58 124 185 186 187 10\
 1 50 51 52 53 9 70 71 72 139 191 192 19 20 6 65 66 67 18 85 86 154 194 31 32 \
14 80 81 30 100 168 45 46 25 95 44 4 60 39 11
74 99 88 89 154 113 114 102 103 104 167 168 127 128 129 116 117 118 119 178 17\
9 4 141 142 143 144 130 131 132 133 134 186 187 10 11 155 156 157 158 159 145 \
146 147 148 149 191 192 19 20 21 169 170 171 172 1 160 161 162 163 0 194 31 32\
 33 34 180 181 182 5 6 173 174 175 2 3 45 46 47 48 49 188 189 12 13 14 183 184\
 7 8 9 60 61 62 63 64 193 22 23 24 25 190 15 16 17 18 75 76 77 78 79 35 36 37 \
38 39 26 27 28 29 30 90 91 92 93 94 50 51 52 53 54 40 41 42 43 44 105 106 107 \
108 109 65 66 67 68 69 55 56 57 58 59 120 121 122 123 124 80 81 82 83 84 70 71\
 72 73 135 136 137 138 139 95 96 97 98 85 86 87 150 151 152 153 110 111 112 10\
0 101 164 165 166 125 126 115 176 177 140 185
75 115 21 90 110 59 130 33 34 105 54 125 73 74 145 47 48 49 120 68 69 140 87 8\
8 89 160 61 62 63 64 135 82 83 84 155 101 102 103 104 173 76 77 78 79 150 96 9\
7 98 99 169 116 117 118 119 183 91 92 93 94 164 111 112 113 114 180 131 132 13\
3 134 190 106 107 108 109 176 126 127 128 129 188 146 147 148 149 26 121 122 1\
23 124 185 141 142 143 144 193 161 162 163 0 40 136 137 138 139 191 156 157 15\
8 159 35 174 175 2 3 55 151 152 153 154 194 170 171 172 1 50 184 7 8 9 70 165 \
166 167 168 45 181 182 5 6 65 15 16 17 18 85 177 178 179 4 60 189 12 13 14 80 \
27 28 29 30 100 186 187 10 11 22 23 24 25 95 41 42 43 44 192 19 20 36 37 38 39\
 56 57 58 31 32 51 52 53 71 72 46 66 67 86 81
76 146 90 91 36 160 161 34 105 106 50 51 104 173 174 48 49 120 121 6 65 66 118\
 119 183 184 62 63 64 135 136 13 14 80 81 132 133 134 190 15 77 78 79 150 151 \
23 24 25 95 96 147 148 149 26 27 92 93 94 164 165 37 38 39 110 111 162 163 0 4\
0 41 107 108 109 176 177 52 53 54 125 126 175 2 3 55 56 122 123 124 185 186 67\
 68 69 140 141 7 8 9 70 71 137 138 139 191 192 82 83 84 155 156 16 17 18 85 86\
 152 153 154 194 31 97 98 99 169 170 28 29 30 100 101 166 167 168 45 46 112 11\
3 114 180 181 42 43 44 115 116 178 179 4 60 61 127 128 129 188 189 57 58 59 13\
0 131 187 10 11 75 142 143 144 193 22 72 73 74 145 19 20 21 157 158 159 35 87 \
88 89 32 33 171 172 1 102 103 47 182 5 117 12
77 175 91 92 157 184 7 105 106 107 170 171 190 15 16 49 120 121 122 180 181 18\
2 149 26 27 28 63 64 135 136 137 129 188 189 12 163 0 40 41 42 78 79 150 151 1\
52 143 144 193 22 23 2 3 55 56 57 93 94 164 165 166 158 159 35 36 37 8 9 70 71\
 72 108 109 176 177 178 172 1 50 51 52 17 18 85 86 87 123 124 185 186 187 5 6 \
65 66 67 29 30 100 101 102 138 139 191 192 19 13 14 80 81 82 43 44 115 116 117\
 153 154 194 31 32 24 25 95 96 97 58 59 130 131 132 167 168 45 46 47 38 39 110\
 111 112 73 74 145 146 147 179 4 60 61 62 53 54 125 126 127 88 89 160 161 162 \
10 11 75 76 68 69 140 141 142 103 104 173 174 20 21 90 83 84 155 156 118 119 1\
83 33 34 98 99 169 133 134 48 113 114 148 128
78 17 92 93 83 28 29 106 107 108 97 98 41 42 43 120 121 122 123 111 112 113 55\
 56 57 58 64 135 136 137 138 125 126 127 128 9 70 71 72 73 79 150 151 152 153 \
69 140 141 142 143 18 85 86 87 88 94 164 165 166 167 84 155 156 157 158 30 100\
 101 102 103 109 176 177 178 179 99 169 170 171 172 44 115 116 117 118 124 185\
 186 187 10 114 180 181 182 5 59 130 131 132 133 139 191 192 19 20 129 188 189\
 12 13 74 145 146 147 148 154 194 31 32 33 144 193 22 23 24 89 160 161 162 163\
 168 45 46 47 48 159 35 36 37 38 104 173 174 175 2 4 60 61 62 63 1 50 51 52 53\
 119 183 184 7 8 11 75 76 77 6 65 66 67 68 134 190 15 16 21 90 91 14 80 81 82 \
149 26 27 34 105 25 95 96 0 40 49 39 110 3 54
79 44 93 94 14 58 59 107 108 109 24 25 72 73 74 121 122 123 124 37 38 39 86 87\
 88 89 135 136 137 138 139 51 52 53 54 100 101 102 103 104 150 151 152 153 154\
 65 66 67 68 69 115 116 117 118 119 164 165 166 167 168 80 81 82 83 84 130 131\
 132 133 134 176 177 178 179 4 95 96 97 98 99 145 146 147 148 149 185 186 187 \
10 11 110 111 112 113 114 160 161 162 163 0 191 192 19 20 21 125 126 127 128 1\
29 173 174 175 2 3 194 31 32 33 34 140 141 142 143 144 183 184 7 8 9 45 46 47 \
48 49 155 156 157 158 159 190 15 16 17 18 60 61 62 63 64 169 170 171 172 1 26 \
27 28 29 30 75 76 77 78 180 181 182 5 6 40 41 42 43 90 91 92 188 189 12 13 55 \
56 57 105 106 193 22 23 70 71 120 35 36 85 50
80 176 25 95 40 124 185 38 39 110 3 55 138 139 191 52 53 54 125 8 9 70 152 153\
 154 194 66 67 68 69 140 16 17 18 85 165 166 167 168 45 81 82 83 84 155 27 28 \
29 30 100 177 178 179 4 60 96 97 98 99 169 41 42 43 44 115 186 187 10 11 75 11\
1 112 113 114 180 56 57 58 59 130 192 19 20 21 90 126 127 128 129 188 71 72 73\
 74 145 31 32 33 34 105 141 142 143 144 193 86 87 88 89 160 46 47 48 49 120 15\
6 157 158 159 35 101 102 103 104 173 61 62 63 64 135 170 171 172 1 50 116 117 \
118 119 183 76 77 78 79 150 181 182 5 6 65 131 132 133 134 190 91 92 93 94 164\
 189 12 13 14 146 147 148 149 26 106 107 108 109 22 23 24 161 162 163 0 121 12\
2 123 36 37 174 175 2 136 137 51 184 7 151 15
81 192 95 96 161 194 31 39 110 111 173 174 168 45 46 53 54 125 126 119 183 184\
 179 4 60 61 67 68 69 140 141 133 134 190 15 187 10 11 75 76 82 83 84 155 156 \
147 148 149 26 27 19 20 21 90 91 97 98 99 169 170 162 163 0 40 41 32 33 34 105\
 106 112 113 114 180 181 175 2 3 55 56 47 48 49 120 121 127 128 129 188 189 7 \
8 9 70 71 62 63 64 135 136 142 143 144 193 22 16 17 18 85 86 77 78 79 150 151 \
157 158 159 35 36 28 29 30 100 101 92 93 94 164 165 171 172 1 50 51 42 43 44 1\
15 116 107 108 109 176 177 182 5 6 65 66 57 58 59 130 131 122 123 124 185 186 \
12 13 14 80 72 73 74 145 146 137 138 139 191 23 24 25 87 88 89 160 152 153 154\
 37 38 102 103 104 166 167 52 117 118 178 132
82 47 96 97 87 61 62 110 111 112 101 102 75 76 77 54 125 126 127 115 116 117 2\
1 90 91 92 68 69 140 141 142 59 130 131 132 33 34 105 106 107 83 84 155 156 15\
7 73 74 145 146 147 48 49 120 121 122 98 99 169 170 171 88 89 160 161 162 63 6\
4 135 136 137 113 114 180 181 182 103 104 173 174 175 78 79 150 151 152 128 12\
9 188 189 12 118 119 183 184 7 93 94 164 165 166 143 144 193 22 23 133 134 190\
 15 16 108 109 176 177 178 158 159 35 36 37 148 149 26 27 28 123 124 185 186 1\
87 172 1 50 51 52 163 0 40 41 42 138 139 191 192 19 5 6 65 66 67 2 3 55 56 57 \
153 154 194 31 32 13 14 80 81 8 9 70 71 72 167 168 45 46 24 25 95 17 18 85 86 \
179 4 60 38 39 29 30 100 10 11 53 43 44 20 58
83 78 97 98 17 92 93 111 112 113 28 29 106 107 108 125 126 127 128 41 42 43 12\
0 121 122 123 69 140 141 142 143 55 56 57 58 64 135 136 137 138 84 155 156 157\
 158 9 70 71 72 73 79 150 151 152 153 99 169 170 171 172 18 85 86 87 88 94 164\
 165 166 167 114 180 181 182 5 30 100 101 102 103 109 176 177 178 179 129 188 \
189 12 13 44 115 116 117 118 124 185 186 187 10 144 193 22 23 24 59 130 131 13\
2 133 139 191 192 19 20 159 35 36 37 38 74 145 146 147 148 154 194 31 32 33 1 \
50 51 52 53 89 160 161 162 163 168 45 46 47 48 6 65 66 67 68 104 173 174 175 2\
 4 60 61 62 63 14 80 81 82 119 183 184 7 8 11 75 76 77 25 95 96 134 190 15 16 \
21 90 91 39 110 149 26 27 34 105 54 0 40 49 3
84 109 98 99 134 123 124 112 113 114 148 149 137 138 139 126 127 128 129 162 1\
63 0 151 152 153 154 140 141 142 143 144 174 175 2 3 164 165 166 167 168 155 1\
56 157 158 159 183 184 7 8 9 176 177 178 179 4 169 170 171 172 1 190 15 16 17 \
18 185 186 187 10 11 180 181 182 5 6 26 27 28 29 30 191 192 19 20 21 188 189 1\
2 13 14 40 41 42 43 44 194 31 32 33 34 193 22 23 24 25 55 56 57 58 59 45 46 47\
 48 49 35 36 37 38 39 70 71 72 73 74 60 61 62 63 64 50 51 52 53 54 85 86 87 88\
 89 75 76 77 78 79 65 66 67 68 69 100 101 102 103 104 90 91 92 93 94 80 81 82 \
83 115 116 117 118 119 105 106 107 108 95 96 97 130 131 132 133 120 121 122 11\
0 111 145 146 147 135 136 125 160 161 150 173
85 193 30 100 185 159 35 43 44 115 139 191 172 1 50 57 58 59 130 153 154 194 1\
82 5 6 65 71 72 73 74 145 166 167 168 45 189 12 13 14 80 86 87 88 89 160 177 1\
78 179 4 60 22 23 24 25 95 101 102 103 104 173 186 187 10 11 75 36 37 38 39 11\
0 116 117 118 119 183 192 19 20 21 90 51 52 53 54 125 131 132 133 134 190 31 3\
2 33 34 105 66 67 68 69 140 146 147 148 149 26 46 47 48 49 120 81 82 83 84 155\
 161 162 163 0 40 61 62 63 64 135 96 97 98 99 169 174 175 2 3 55 76 77 78 79 1\
50 111 112 113 114 180 184 7 8 9 70 91 92 93 94 164 126 127 128 129 188 15 16 \
17 18 106 107 108 109 176 141 142 143 144 27 28 29 121 122 123 124 156 157 158\
 41 42 136 137 138 170 171 56 151 152 181 165
86 51 100 101 121 65 66 44 115 116 135 136 14 80 81 58 59 130 131 79 150 151 2\
4 25 95 96 72 73 74 145 146 93 94 164 165 37 38 39 110 111 87 88 89 160 161 10\
7 108 109 176 177 52 53 54 125 126 102 103 104 173 174 122 123 124 185 186 67 \
68 69 140 141 117 118 119 183 184 137 138 139 191 192 82 83 84 155 156 132 133\
 134 190 15 152 153 154 194 31 97 98 99 169 170 147 148 149 26 27 166 167 168 \
45 46 112 113 114 180 181 162 163 0 40 41 178 179 4 60 61 127 128 129 188 189 \
175 2 3 55 56 187 10 11 75 76 142 143 144 193 22 7 8 9 70 71 19 20 21 90 91 15\
7 158 159 35 36 16 17 18 85 32 33 34 105 106 171 172 1 50 28 29 30 47 48 49 12\
0 182 5 6 42 43 62 63 64 12 13 57 77 78 23 92
87 82 101 102 47 96 97 115 116 117 61 62 110 111 112 59 130 131 132 75 76 77 5\
4 125 126 127 73 74 145 146 147 21 90 91 92 68 69 140 141 142 88 89 160 161 16\
2 33 34 105 106 107 83 84 155 156 157 103 104 173 174 175 48 49 120 121 122 98\
 99 169 170 171 118 119 183 184 7 63 64 135 136 137 113 114 180 181 182 133 13\
4 190 15 16 78 79 150 151 152 128 129 188 189 12 148 149 26 27 28 93 94 164 16\
5 166 143 144 193 22 23 163 0 40 41 42 108 109 176 177 178 158 159 35 36 37 2 \
3 55 56 57 123 124 185 186 187 172 1 50 51 52 8 9 70 71 72 138 139 191 192 19 \
5 6 65 66 67 17 18 85 86 153 154 194 31 32 13 14 80 81 29 30 100 167 168 45 46\
 24 25 95 43 44 179 4 60 38 39 58 10 11 53 20
88 113 102 103 167 127 128 116 117 118 178 179 141 142 143 130 131 132 133 186\
 187 10 155 156 157 158 74 145 146 147 148 191 192 19 20 99 169 170 171 172 89\
 160 161 162 163 154 194 31 32 33 114 180 181 182 5 104 173 174 175 2 168 45 4\
6 47 48 129 188 189 12 13 119 183 184 7 8 4 60 61 62 63 144 193 22 23 24 134 1\
90 15 16 17 11 75 76 77 78 159 35 36 37 38 149 26 27 28 29 21 90 91 92 93 1 50\
 51 52 53 0 40 41 42 43 34 105 106 107 108 6 65 66 67 68 3 55 56 57 58 49 120 \
121 122 123 14 80 81 82 83 9 70 71 72 73 64 135 136 137 138 25 95 96 97 98 18 \
85 86 87 79 150 151 152 153 39 110 111 112 30 100 101 94 164 165 166 54 125 12\
6 44 115 109 176 177 69 140 59 124 185 84 139
89 144 103 104 94 158 159 117 118 119 108 109 171 172 1 131 132 133 134 122 12\
3 124 181 182 5 6 145 146 147 148 149 136 137 138 139 188 189 12 13 14 160 161\
 162 163 0 150 151 152 153 154 193 22 23 24 25 173 174 175 2 3 164 165 166 167\
 168 35 36 37 38 39 183 184 7 8 9 176 177 178 179 4 50 51 52 53 54 190 15 16 1\
7 18 185 186 187 10 11 65 66 67 68 69 26 27 28 29 30 191 192 19 20 21 80 81 82\
 83 84 40 41 42 43 44 194 31 32 33 34 95 96 97 98 99 55 56 57 58 59 45 46 47 4\
8 49 110 111 112 113 114 70 71 72 73 74 60 61 62 63 64 125 126 127 128 129 85 \
86 87 88 75 76 77 78 79 140 141 142 143 100 101 102 90 91 92 93 155 156 157 11\
5 116 105 106 107 169 170 130 120 121 180 135
90 160 34 105 50 104 173 48 49 120 6 65 118 119 183 62 63 64 135 13 14 80 132 \
133 134 190 76 77 78 79 150 23 24 25 95 146 147 148 149 26 91 92 93 94 164 36 \
37 38 39 110 161 162 163 0 40 106 107 108 109 176 51 52 53 54 125 174 175 2 3 \
55 121 122 123 124 185 66 67 68 69 140 184 7 8 9 70 136 137 138 139 191 81 82 \
83 84 155 15 16 17 18 85 151 152 153 154 194 96 97 98 99 169 27 28 29 30 100 1\
65 166 167 168 45 111 112 113 114 180 41 42 43 44 115 177 178 179 4 60 126 127\
 128 129 188 56 57 58 59 130 186 187 10 11 75 141 142 143 144 193 71 72 73 74 \
145 192 19 20 21 156 157 158 159 35 86 87 88 89 31 32 33 170 171 172 1 101 102\
 103 46 47 181 182 5 116 117 61 189 12 131 22
91 184 105 106 170 190 15 49 120 121 180 181 149 26 27 63 64 135 136 129 188 1\
89 163 0 40 41 77 78 79 150 151 143 144 193 22 175 2 3 55 56 92 93 94 164 165 \
157 158 159 35 36 7 8 9 70 71 107 108 109 176 177 171 172 1 50 51 16 17 18 85 \
86 122 123 124 185 186 182 5 6 65 66 28 29 30 100 101 137 138 139 191 192 12 1\
3 14 80 81 42 43 44 115 116 152 153 154 194 31 23 24 25 95 96 57 58 59 130 131\
 166 167 168 45 46 37 38 39 110 111 72 73 74 145 146 178 179 4 60 61 52 53 54 \
125 126 87 88 89 160 161 187 10 11 75 76 67 68 69 140 141 102 103 104 173 174 \
19 20 21 90 82 83 84 155 156 117 118 119 183 32 33 34 97 98 99 169 132 133 134\
 47 48 112 113 114 147 148 62 127 128 162 142
92 28 106 107 97 41 42 120 121 122 111 112 55 56 57 64 135 136 137 125 126 127\
 9 70 71 72 78 79 150 151 152 69 140 141 142 17 18 85 86 87 93 94 164 165 166 \
83 84 155 156 157 29 30 100 101 102 108 109 176 177 178 98 99 169 170 171 43 4\
4 115 116 117 123 124 185 186 187 113 114 180 181 182 58 59 130 131 132 138 13\
9 191 192 19 128 129 188 189 12 73 74 145 146 147 153 154 194 31 32 143 144 19\
3 22 23 88 89 160 161 162 167 168 45 46 47 158 159 35 36 37 103 104 173 174 17\
5 179 4 60 61 62 172 1 50 51 52 118 119 183 184 7 10 11 75 76 77 5 6 65 66 67 \
133 134 190 15 16 20 21 90 91 13 14 80 81 82 148 149 26 27 33 34 105 24 25 95 \
96 163 0 40 48 49 38 39 110 2 3 63 53 54 8 68
93 58 107 108 24 72 73 121 122 123 37 38 86 87 88 135 136 137 138 51 52 53 100\
 101 102 103 79 150 151 152 153 65 66 67 68 44 115 116 117 118 94 164 165 166 \
167 14 80 81 82 83 59 130 131 132 133 109 176 177 178 179 25 95 96 97 98 74 14\
5 146 147 148 124 185 186 187 10 39 110 111 112 113 89 160 161 162 163 139 191\
 192 19 20 54 125 126 127 128 104 173 174 175 2 154 194 31 32 33 69 140 141 14\
2 143 119 183 184 7 8 168 45 46 47 48 84 155 156 157 158 134 190 15 16 17 4 60\
 61 62 63 99 169 170 171 172 149 26 27 28 29 11 75 76 77 78 114 180 181 182 5 \
0 40 41 42 43 21 90 91 92 129 188 189 12 13 3 55 56 57 34 105 106 144 193 22 2\
3 9 70 71 49 120 159 35 36 18 85 64 1 50 30 6
94 89 108 109 144 103 104 122 123 124 158 159 117 118 119 136 137 138 139 171 \
172 1 131 132 133 134 150 151 152 153 154 181 182 5 6 145 146 147 148 149 164 \
165 166 167 168 188 189 12 13 14 160 161 162 163 0 176 177 178 179 4 193 22 23\
 24 25 173 174 175 2 3 185 186 187 10 11 35 36 37 38 39 183 184 7 8 9 191 192 \
19 20 21 50 51 52 53 54 190 15 16 17 18 194 31 32 33 34 65 66 67 68 69 26 27 2\
8 29 30 45 46 47 48 49 80 81 82 83 84 40 41 42 43 44 60 61 62 63 64 95 96 97 9\
8 99 55 56 57 58 59 75 76 77 78 79 110 111 112 113 114 70 71 72 73 74 90 91 92\
 93 125 126 127 128 129 85 86 87 88 105 106 107 140 141 142 143 100 101 102 12\
0 121 155 156 157 115 116 135 169 170 130 180
95 194 39 110 173 168 45 53 54 125 119 183 179 4 60 67 68 69 140 133 134 190 1\
87 10 11 75 81 82 83 84 155 147 148 149 26 192 19 20 21 90 96 97 98 99 169 161\
 162 163 0 40 31 32 33 34 105 111 112 113 114 180 174 175 2 3 55 46 47 48 49 1\
20 126 127 128 129 188 184 7 8 9 70 61 62 63 64 135 141 142 143 144 193 15 16 \
17 18 85 76 77 78 79 150 156 157 158 159 35 27 28 29 30 100 91 92 93 94 164 17\
0 171 172 1 50 41 42 43 44 115 106 107 108 109 176 181 182 5 6 65 56 57 58 59 \
130 121 122 123 124 185 189 12 13 14 80 71 72 73 74 145 136 137 138 139 191 22\
 23 24 25 86 87 88 89 160 151 152 153 154 36 37 38 101 102 103 104 165 166 167\
 51 52 116 117 118 177 178 66 131 132 186 146
96 61 110 111 101 75 76 54 125 126 115 116 21 90 91 68 69 140 141 59 130 131 3\
3 34 105 106 82 83 84 155 156 73 74 145 146 47 48 49 120 121 97 98 99 169 170 \
87 88 89 160 161 62 63 64 135 136 112 113 114 180 181 102 103 104 173 174 77 7\
8 79 150 151 127 128 129 188 189 117 118 119 183 184 92 93 94 164 165 142 143 \
144 193 22 132 133 134 190 15 107 108 109 176 177 157 158 159 35 36 147 148 14\
9 26 27 122 123 124 185 186 171 172 1 50 51 162 163 0 40 41 137 138 139 191 19\
2 182 5 6 65 66 175 2 3 55 56 152 153 154 194 31 12 13 14 80 81 7 8 9 70 71 16\
6 167 168 45 46 23 24 25 95 16 17 18 85 86 178 179 4 60 37 38 39 28 29 30 100 \
187 10 11 52 53 42 43 44 19 20 67 57 58 32 72
97 92 111 112 28 106 107 125 126 127 41 42 120 121 122 69 140 141 142 55 56 57\
 64 135 136 137 83 84 155 156 157 9 70 71 72 78 79 150 151 152 98 99 169 170 1\
71 17 18 85 86 87 93 94 164 165 166 113 114 180 181 182 29 30 100 101 102 108 \
109 176 177 178 128 129 188 189 12 43 44 115 116 117 123 124 185 186 187 143 1\
44 193 22 23 58 59 130 131 132 138 139 191 192 19 158 159 35 36 37 73 74 145 1\
46 147 153 154 194 31 32 172 1 50 51 52 88 89 160 161 162 167 168 45 46 47 5 6\
 65 66 67 103 104 173 174 175 179 4 60 61 62 13 14 80 81 82 118 119 183 184 7 \
10 11 75 76 77 24 25 95 96 133 134 190 15 16 20 21 90 91 38 39 110 148 149 26 \
27 33 34 105 53 54 163 0 40 48 49 68 2 3 63 8
98 123 112 113 148 137 138 126 127 128 162 163 151 152 153 140 141 142 143 174\
 175 2 164 165 166 167 84 155 156 157 158 183 184 7 8 109 176 177 178 179 99 1\
69 170 171 172 134 190 15 16 17 124 185 186 187 10 114 180 181 182 5 149 26 27\
 28 29 139 191 192 19 20 129 188 189 12 13 0 40 41 42 43 154 194 31 32 33 144 \
193 22 23 24 3 55 56 57 58 168 45 46 47 48 159 35 36 37 38 9 70 71 72 73 4 60 \
61 62 63 1 50 51 52 53 18 85 86 87 88 11 75 76 77 78 6 65 66 67 68 30 100 101 \
102 103 21 90 91 92 93 14 80 81 82 83 44 115 116 117 118 34 105 106 107 108 25\
 95 96 97 59 130 131 132 133 49 120 121 122 39 110 111 74 145 146 147 64 135 1\
36 54 125 89 160 161 79 150 69 104 173 94 119
99 154 113 114 74 167 168 127 128 129 88 89 178 179 4 141 142 143 144 102 103 \
104 186 187 10 11 155 156 157 158 159 116 117 118 119 191 192 19 20 21 169 170\
 171 172 1 130 131 132 133 134 194 31 32 33 34 180 181 182 5 6 145 146 147 148\
 149 45 46 47 48 49 188 189 12 13 14 160 161 162 163 0 60 61 62 63 64 193 22 2\
3 24 25 173 174 175 2 3 75 76 77 78 79 35 36 37 38 39 183 184 7 8 9 90 91 92 9\
3 94 50 51 52 53 54 190 15 16 17 18 105 106 107 108 109 65 66 67 68 69 26 27 2\
8 29 30 120 121 122 123 124 80 81 82 83 84 40 41 42 43 44 135 136 137 138 139 \
95 96 97 98 55 56 57 58 59 150 151 152 153 110 111 112 70 71 72 73 164 165 166\
 125 126 85 86 87 176 177 140 100 101 185 115
100 65 44 115 135 14 80 58 59 130 79 150 24 25 95 72 73 74 145 93 94 164 37 38\
 39 110 86 87 88 89 160 107 108 109 176 51 52 53 54 125 101 102 103 104 173 12\
1 122 123 124 185 66 67 68 69 140 116 117 118 119 183 136 137 138 139 191 81 8\
2 83 84 155 131 132 133 134 190 151 152 153 154 194 96 97 98 99 169 146 147 14\
8 149 26 165 166 167 168 45 111 112 113 114 180 161 162 163 0 40 177 178 179 4\
 60 126 127 128 129 188 174 175 2 3 55 186 187 10 11 75 141 142 143 144 193 18\
4 7 8 9 70 192 19 20 21 90 156 157 158 159 35 15 16 17 18 85 31 32 33 34 105 1\
70 171 172 1 50 27 28 29 30 46 47 48 49 120 181 182 5 6 41 42 43 61 62 63 64 1\
89 12 13 56 57 76 77 78 22 23 71 91 92 36 106
101 96 115 116 61 110 111 59 130 131 75 76 54 125 126 73 74 145 146 21 90 91 6\
8 69 140 141 87 88 89 160 161 33 34 105 106 82 83 84 155 156 102 103 104 173 1\
74 47 48 49 120 121 97 98 99 169 170 117 118 119 183 184 62 63 64 135 136 112 \
113 114 180 181 132 133 134 190 15 77 78 79 150 151 127 128 129 188 189 147 14\
8 149 26 27 92 93 94 164 165 142 143 144 193 22 162 163 0 40 41 107 108 109 17\
6 177 157 158 159 35 36 175 2 3 55 56 122 123 124 185 186 171 172 1 50 51 7 8 \
9 70 71 137 138 139 191 192 182 5 6 65 66 16 17 18 85 86 152 153 154 194 31 12\
 13 14 80 81 28 29 30 100 166 167 168 45 46 23 24 25 95 42 43 44 178 179 4 60 \
37 38 39 57 58 187 10 11 52 53 72 19 20 67 32
102 127 116 117 178 141 142 130 131 132 186 187 155 156 157 74 145 146 147 191\
 192 19 99 169 170 171 88 89 160 161 162 154 194 31 32 113 114 180 181 182 103\
 104 173 174 175 167 168 45 46 47 128 129 188 189 12 118 119 183 184 7 179 4 6\
0 61 62 143 144 193 22 23 133 134 190 15 16 10 11 75 76 77 158 159 35 36 37 14\
8 149 26 27 28 20 21 90 91 92 172 1 50 51 52 163 0 40 41 42 33 34 105 106 107 \
5 6 65 66 67 2 3 55 56 57 48 49 120 121 122 13 14 80 81 82 8 9 70 71 72 63 64 \
135 136 137 24 25 95 96 97 17 18 85 86 87 78 79 150 151 152 38 39 110 111 112 \
29 30 100 101 93 94 164 165 166 53 54 125 126 43 44 115 108 109 176 177 68 69 \
140 58 59 123 124 185 83 84 73 138 139 98 153
103 158 117 118 108 171 172 131 132 133 122 123 181 182 5 145 146 147 148 136 \
137 138 188 189 12 13 89 160 161 162 163 150 151 152 153 144 193 22 23 24 104 \
173 174 175 2 94 164 165 166 167 159 35 36 37 38 119 183 184 7 8 109 176 177 1\
78 179 1 50 51 52 53 134 190 15 16 17 124 185 186 187 10 6 65 66 67 68 149 26 \
27 28 29 139 191 192 19 20 14 80 81 82 83 0 40 41 42 43 154 194 31 32 33 25 95\
 96 97 98 3 55 56 57 58 168 45 46 47 48 39 110 111 112 113 9 70 71 72 73 4 60 \
61 62 63 54 125 126 127 128 18 85 86 87 88 11 75 76 77 78 69 140 141 142 143 3\
0 100 101 102 21 90 91 92 93 84 155 156 157 44 115 116 34 105 106 107 99 169 1\
70 59 130 49 120 121 114 180 74 64 135 129 79
104 6 118 119 34 13 14 132 133 134 48 49 23 24 25 146 147 148 149 62 63 64 36 \
37 38 39 160 161 162 163 0 76 77 78 79 50 51 52 53 54 173 174 175 2 3 90 91 92\
 93 94 65 66 67 68 69 183 184 7 8 9 105 106 107 108 109 80 81 82 83 84 190 15 \
16 17 18 120 121 122 123 124 95 96 97 98 99 26 27 28 29 30 135 136 137 138 139\
 110 111 112 113 114 40 41 42 43 44 150 151 152 153 154 125 126 127 128 129 55\
 56 57 58 59 164 165 166 167 168 140 141 142 143 144 70 71 72 73 74 176 177 17\
8 179 4 155 156 157 158 159 85 86 87 88 89 185 186 187 10 11 169 170 171 172 1\
 100 101 102 103 191 192 19 20 21 180 181 182 5 115 116 117 194 31 32 33 188 1\
89 12 130 131 45 46 47 193 22 145 60 61 35 75
105 190 49 120 180 149 26 63 64 135 129 188 163 0 40 77 78 79 150 143 144 193 \
175 2 3 55 91 92 93 94 164 157 158 159 35 184 7 8 9 70 106 107 108 109 176 170\
 171 172 1 50 15 16 17 18 85 121 122 123 124 185 181 182 5 6 65 27 28 29 30 10\
0 136 137 138 139 191 189 12 13 14 80 41 42 43 44 115 151 152 153 154 194 22 2\
3 24 25 95 56 57 58 59 130 165 166 167 168 45 36 37 38 39 110 71 72 73 74 145 \
177 178 179 4 60 51 52 53 54 125 86 87 88 89 160 186 187 10 11 75 66 67 68 69 \
140 101 102 103 104 173 192 19 20 21 90 81 82 83 84 155 116 117 118 119 183 31\
 32 33 34 96 97 98 99 169 131 132 133 134 46 47 48 111 112 113 114 146 147 148\
 61 62 126 127 128 161 162 76 141 142 174 156
106 41 120 121 111 55 56 64 135 136 125 126 9 70 71 78 79 150 151 69 140 141 1\
7 18 85 86 92 93 94 164 165 83 84 155 156 28 29 30 100 101 107 108 109 176 177\
 97 98 99 169 170 42 43 44 115 116 122 123 124 185 186 112 113 114 180 181 57 \
58 59 130 131 137 138 139 191 192 127 128 129 188 189 72 73 74 145 146 152 153\
 154 194 31 142 143 144 193 22 87 88 89 160 161 166 167 168 45 46 157 158 159 \
35 36 102 103 104 173 174 178 179 4 60 61 171 172 1 50 51 117 118 119 183 184 \
187 10 11 75 76 182 5 6 65 66 132 133 134 190 15 19 20 21 90 91 12 13 14 80 81\
 147 148 149 26 27 32 33 34 105 23 24 25 95 96 162 163 0 40 47 48 49 37 38 39 \
110 175 2 3 62 63 52 53 54 7 8 77 67 68 16 82
107 72 121 122 37 86 87 135 136 137 51 52 100 101 102 79 150 151 152 65 66 67 \
44 115 116 117 93 94 164 165 166 14 80 81 82 58 59 130 131 132 108 109 176 177\
 178 24 25 95 96 97 73 74 145 146 147 123 124 185 186 187 38 39 110 111 112 88\
 89 160 161 162 138 139 191 192 19 53 54 125 126 127 103 104 173 174 175 153 1\
54 194 31 32 68 69 140 141 142 118 119 183 184 7 167 168 45 46 47 83 84 155 15\
6 157 133 134 190 15 16 179 4 60 61 62 98 99 169 170 171 148 149 26 27 28 10 1\
1 75 76 77 113 114 180 181 182 163 0 40 41 42 20 21 90 91 92 128 129 188 189 1\
2 2 3 55 56 57 33 34 105 106 143 144 193 22 23 8 9 70 71 48 49 120 158 159 35 \
36 17 18 85 63 64 172 1 50 29 30 78 5 6 43 13
108 103 122 123 158 117 118 136 137 138 171 172 131 132 133 150 151 152 153 18\
1 182 5 145 146 147 148 94 164 165 166 167 188 189 12 13 89 160 161 162 163 10\
9 176 177 178 179 144 193 22 23 24 104 173 174 175 2 124 185 186 187 10 159 35\
 36 37 38 119 183 184 7 8 139 191 192 19 20 1 50 51 52 53 134 190 15 16 17 154\
 194 31 32 33 6 65 66 67 68 149 26 27 28 29 168 45 46 47 48 14 80 81 82 83 0 4\
0 41 42 43 4 60 61 62 63 25 95 96 97 98 3 55 56 57 58 11 75 76 77 78 39 110 11\
1 112 113 9 70 71 72 73 21 90 91 92 93 54 125 126 127 128 18 85 86 87 88 34 10\
5 106 107 69 140 141 142 143 30 100 101 102 49 120 121 84 155 156 157 44 115 1\
16 64 135 99 169 170 59 130 79 114 180 74 129
109 134 123 124 84 148 149 137 138 139 98 99 162 163 0 151 152 153 154 112 113\
 114 174 175 2 3 164 165 166 167 168 126 127 128 129 183 184 7 8 9 176 177 178\
 179 4 140 141 142 143 144 190 15 16 17 18 185 186 187 10 11 155 156 157 158 1\
59 26 27 28 29 30 191 192 19 20 21 169 170 171 172 1 40 41 42 43 44 194 31 32 \
33 34 180 181 182 5 6 55 56 57 58 59 45 46 47 48 49 188 189 12 13 14 70 71 72 \
73 74 60 61 62 63 64 193 22 23 24 25 85 86 87 88 89 75 76 77 78 79 35 36 37 38\
 39 100 101 102 103 104 90 91 92 93 94 50 51 52 53 54 115 116 117 118 119 105 \
106 107 108 65 66 67 68 69 130 131 132 133 120 121 122 80 81 82 83 145 146 147\
 135 136 95 96 97 160 161 150 110 111 173 125
110 75 54 125 115 21 90 68 69 140 59 130 33 34 105 82 83 84 155 73 74 145 47 4\
8 49 120 96 97 98 99 169 87 88 89 160 61 62 63 64 135 111 112 113 114 180 101 \
102 103 104 173 76 77 78 79 150 126 127 128 129 188 116 117 118 119 183 91 92 \
93 94 164 141 142 143 144 193 131 132 133 134 190 106 107 108 109 176 156 157 \
158 159 35 146 147 148 149 26 121 122 123 124 185 170 171 172 1 50 161 162 163\
 0 40 136 137 138 139 191 181 182 5 6 65 174 175 2 3 55 151 152 153 154 194 18\
9 12 13 14 80 184 7 8 9 70 165 166 167 168 45 22 23 24 25 95 15 16 17 18 85 17\
7 178 179 4 60 36 37 38 39 27 28 29 30 100 186 187 10 11 51 52 53 41 42 43 44 \
192 19 20 66 67 56 57 58 31 32 81 71 72 46 86
111 106 125 126 41 120 121 69 140 141 55 56 64 135 136 83 84 155 156 9 70 71 7\
8 79 150 151 97 98 99 169 170 17 18 85 86 92 93 94 164 165 112 113 114 180 181\
 28 29 30 100 101 107 108 109 176 177 127 128 129 188 189 42 43 44 115 116 122\
 123 124 185 186 142 143 144 193 22 57 58 59 130 131 137 138 139 191 192 157 1\
58 159 35 36 72 73 74 145 146 152 153 154 194 31 171 172 1 50 51 87 88 89 160 \
161 166 167 168 45 46 182 5 6 65 66 102 103 104 173 174 178 179 4 60 61 12 13 \
14 80 81 117 118 119 183 184 187 10 11 75 76 23 24 25 95 96 132 133 134 190 15\
 19 20 21 90 91 37 38 39 110 147 148 149 26 27 32 33 34 105 52 53 54 162 163 0\
 40 47 48 49 67 68 175 2 3 62 63 82 7 8 77 16
112 137 126 127 162 151 152 140 141 142 174 175 164 165 166 84 155 156 157 183\
 184 7 109 176 177 178 98 99 169 170 171 134 190 15 16 123 124 185 186 187 113\
 114 180 181 182 148 149 26 27 28 138 139 191 192 19 128 129 188 189 12 163 0 \
40 41 42 153 154 194 31 32 143 144 193 22 23 2 3 55 56 57 167 168 45 46 47 158\
 159 35 36 37 8 9 70 71 72 179 4 60 61 62 172 1 50 51 52 17 18 85 86 87 10 11 \
75 76 77 5 6 65 66 67 29 30 100 101 102 20 21 90 91 92 13 14 80 81 82 43 44 11\
5 116 117 33 34 105 106 107 24 25 95 96 97 58 59 130 131 132 48 49 120 121 122\
 38 39 110 111 73 74 145 146 147 63 64 135 136 53 54 125 88 89 160 161 78 79 1\
50 68 69 103 104 173 93 94 83 118 119 108 133
113 167 127 128 88 178 179 141 142 143 102 103 186 187 10 155 156 157 158 116 \
117 118 191 192 19 20 99 169 170 171 172 130 131 132 133 154 194 31 32 33 114 \
180 181 182 5 74 145 146 147 148 168 45 46 47 48 129 188 189 12 13 89 160 161 \
162 163 4 60 61 62 63 144 193 22 23 24 104 173 174 175 2 11 75 76 77 78 159 35\
 36 37 38 119 183 184 7 8 21 90 91 92 93 1 50 51 52 53 134 190 15 16 17 34 105\
 106 107 108 6 65 66 67 68 149 26 27 28 29 49 120 121 122 123 14 80 81 82 83 0\
 40 41 42 43 64 135 136 137 138 25 95 96 97 98 3 55 56 57 58 79 150 151 152 15\
3 39 110 111 112 9 70 71 72 73 94 164 165 166 54 125 126 18 85 86 87 109 176 1\
77 69 140 30 100 101 124 185 84 44 115 139 59
114 11 128 129 18 20 21 142 143 144 29 30 32 33 34 156 157 158 159 42 43 44 46\
 47 48 49 169 170 171 172 1 56 57 58 59 60 61 62 63 64 180 181 182 5 6 70 71 7\
2 73 74 75 76 77 78 79 188 189 12 13 14 85 86 87 88 89 90 91 92 93 94 193 22 2\
3 24 25 100 101 102 103 104 105 106 107 108 109 35 36 37 38 39 115 116 117 118\
 119 120 121 122 123 124 50 51 52 53 54 130 131 132 133 134 135 136 137 138 13\
9 65 66 67 68 69 145 146 147 148 149 150 151 152 153 154 80 81 82 83 84 160 16\
1 162 163 0 164 165 166 167 168 95 96 97 98 99 173 174 175 2 3 176 177 178 179\
 4 110 111 112 113 183 184 7 8 9 185 186 187 10 125 126 127 190 15 16 17 191 1\
92 19 140 141 26 27 28 194 31 155 40 41 45 55
115 110 59 130 75 54 125 73 74 145 21 90 68 69 140 87 88 89 160 33 34 105 82 8\
3 84 155 101 102 103 104 173 47 48 49 120 96 97 98 99 169 116 117 118 119 183 \
61 62 63 64 135 111 112 113 114 180 131 132 133 134 190 76 77 78 79 150 126 12\
7 128 129 188 146 147 148 149 26 91 92 93 94 164 141 142 143 144 193 161 162 1\
63 0 40 106 107 108 109 176 156 157 158 159 35 174 175 2 3 55 121 122 123 124 \
185 170 171 172 1 50 184 7 8 9 70 136 137 138 139 191 181 182 5 6 65 15 16 17 \
18 85 151 152 153 154 194 189 12 13 14 80 27 28 29 30 100 165 166 167 168 45 2\
2 23 24 25 95 41 42 43 44 177 178 179 4 60 36 37 38 39 56 57 58 186 187 10 11 \
51 52 53 71 72 192 19 20 66 67 86 31 32 81 46
116 141 130 131 186 155 156 74 145 146 191 192 99 169 170 88 89 160 161 154 19\
4 31 113 114 180 181 102 103 104 173 174 167 168 45 46 127 128 129 188 189 117\
 118 119 183 184 178 179 4 60 61 142 143 144 193 22 132 133 134 190 15 187 10 \
11 75 76 157 158 159 35 36 147 148 149 26 27 19 20 21 90 91 171 172 1 50 51 16\
2 163 0 40 41 32 33 34 105 106 182 5 6 65 66 175 2 3 55 56 47 48 49 120 121 12\
 13 14 80 81 7 8 9 70 71 62 63 64 135 136 23 24 25 95 96 16 17 18 85 86 77 78 \
79 150 151 37 38 39 110 111 28 29 30 100 101 92 93 94 164 165 52 53 54 125 126\
 42 43 44 115 107 108 109 176 177 67 68 69 140 57 58 59 122 123 124 185 82 83 \
84 72 73 137 138 139 97 98 87 152 153 112 166
117 171 131 132 122 181 182 145 146 147 136 137 188 189 12 89 160 161 162 150 \
151 152 144 193 22 23 103 104 173 174 175 94 164 165 166 158 159 35 36 37 118 \
119 183 184 7 108 109 176 177 178 172 1 50 51 52 133 134 190 15 16 123 124 185\
 186 187 5 6 65 66 67 148 149 26 27 28 138 139 191 192 19 13 14 80 81 82 163 0\
 40 41 42 153 154 194 31 32 24 25 95 96 97 2 3 55 56 57 167 168 45 46 47 38 39\
 110 111 112 8 9 70 71 72 179 4 60 61 62 53 54 125 126 127 17 18 85 86 87 10 1\
1 75 76 77 68 69 140 141 142 29 30 100 101 102 20 21 90 91 92 83 84 155 156 15\
7 43 44 115 116 33 34 105 106 107 98 99 169 170 58 59 130 48 49 120 121 113 11\
4 180 73 74 63 64 135 128 129 88 78 79 143 93
118 13 132 133 48 23 24 146 147 148 62 63 36 37 38 160 161 162 163 76 77 78 50\
 51 52 53 104 173 174 175 2 90 91 92 93 6 65 66 67 68 119 183 184 7 8 34 105 1\
06 107 108 14 80 81 82 83 134 190 15 16 17 49 120 121 122 123 25 95 96 97 98 1\
49 26 27 28 29 64 135 136 137 138 39 110 111 112 113 0 40 41 42 43 79 150 151 \
152 153 54 125 126 127 128 3 55 56 57 58 94 164 165 166 167 69 140 141 142 143\
 9 70 71 72 73 109 176 177 178 179 84 155 156 157 158 18 85 86 87 88 124 185 1\
86 187 10 99 169 170 171 172 30 100 101 102 103 139 191 192 19 20 114 180 181 \
182 5 44 115 116 117 154 194 31 32 33 129 188 189 12 59 130 131 168 45 46 47 1\
44 193 22 74 145 4 60 61 159 35 89 11 75 1 21
119 39 133 134 168 53 54 147 148 149 179 4 67 68 69 161 162 163 0 187 10 11 81\
 82 83 84 173 174 175 2 3 192 19 20 21 95 96 97 98 99 183 184 7 8 9 194 31 32 \
33 34 110 111 112 113 114 190 15 16 17 18 45 46 47 48 49 125 126 127 128 129 2\
6 27 28 29 30 60 61 62 63 64 140 141 142 143 144 40 41 42 43 44 75 76 77 78 79\
 155 156 157 158 159 55 56 57 58 59 90 91 92 93 94 169 170 171 172 1 70 71 72 \
73 74 105 106 107 108 109 180 181 182 5 6 85 86 87 88 89 120 121 122 123 124 1\
88 189 12 13 14 100 101 102 103 104 135 136 137 138 139 193 22 23 24 25 115 11\
6 117 118 150 151 152 153 154 35 36 37 38 130 131 132 164 165 166 167 50 51 52\
 145 146 176 177 178 65 66 160 185 186 80 191
120 55 64 135 125 9 70 78 79 150 69 140 17 18 85 92 93 94 164 83 84 155 28 29 \
30 100 106 107 108 109 176 97 98 99 169 41 42 43 44 115 121 122 123 124 185 11\
1 112 113 114 180 56 57 58 59 130 136 137 138 139 191 126 127 128 129 188 71 7\
2 73 74 145 151 152 153 154 194 141 142 143 144 193 86 87 88 89 160 165 166 16\
7 168 45 156 157 158 159 35 101 102 103 104 173 177 178 179 4 60 170 171 172 1\
 50 116 117 118 119 183 186 187 10 11 75 181 182 5 6 65 131 132 133 134 190 19\
2 19 20 21 90 189 12 13 14 80 146 147 148 149 26 31 32 33 34 105 22 23 24 25 9\
5 161 162 163 0 40 46 47 48 49 36 37 38 39 110 174 175 2 3 61 62 63 51 52 53 5\
4 184 7 8 76 77 66 67 68 15 16 91 81 82 27 96
121 86 135 136 51 100 101 79 150 151 65 66 44 115 116 93 94 164 165 14 80 81 5\
8 59 130 131 107 108 109 176 177 24 25 95 96 72 73 74 145 146 122 123 124 185 \
186 37 38 39 110 111 87 88 89 160 161 137 138 139 191 192 52 53 54 125 126 102\
 103 104 173 174 152 153 154 194 31 67 68 69 140 141 117 118 119 183 184 166 1\
67 168 45 46 82 83 84 155 156 132 133 134 190 15 178 179 4 60 61 97 98 99 169 \
170 147 148 149 26 27 187 10 11 75 76 112 113 114 180 181 162 163 0 40 41 19 2\
0 21 90 91 127 128 129 188 189 175 2 3 55 56 32 33 34 105 106 142 143 144 193 \
22 7 8 9 70 71 47 48 49 120 157 158 159 35 36 16 17 18 85 62 63 64 171 172 1 5\
0 28 29 30 77 78 182 5 6 42 43 92 12 13 57 23
122 117 136 137 171 131 132 150 151 152 181 182 145 146 147 94 164 165 166 188\
 189 12 89 160 161 162 108 109 176 177 178 144 193 22 23 103 104 173 174 175 1\
23 124 185 186 187 158 159 35 36 37 118 119 183 184 7 138 139 191 192 19 172 1\
 50 51 52 133 134 190 15 16 153 154 194 31 32 5 6 65 66 67 148 149 26 27 28 16\
7 168 45 46 47 13 14 80 81 82 163 0 40 41 42 179 4 60 61 62 24 25 95 96 97 2 3\
 55 56 57 10 11 75 76 77 38 39 110 111 112 8 9 70 71 72 20 21 90 91 92 53 54 1\
25 126 127 17 18 85 86 87 33 34 105 106 107 68 69 140 141 142 29 30 100 101 10\
2 48 49 120 121 83 84 155 156 157 43 44 115 116 63 64 135 98 99 169 170 58 59 \
130 78 79 113 114 180 73 74 93 128 129 88 143
123 148 137 138 98 162 163 151 152 153 112 113 174 175 2 164 165 166 167 126 1\
27 128 183 184 7 8 109 176 177 178 179 140 141 142 143 134 190 15 16 17 124 18\
5 186 187 10 84 155 156 157 158 149 26 27 28 29 139 191 192 19 20 99 169 170 1\
71 172 0 40 41 42 43 154 194 31 32 33 114 180 181 182 5 3 55 56 57 58 168 45 4\
6 47 48 129 188 189 12 13 9 70 71 72 73 4 60 61 62 63 144 193 22 23 24 18 85 8\
6 87 88 11 75 76 77 78 159 35 36 37 38 30 100 101 102 103 21 90 91 92 93 1 50 \
51 52 53 44 115 116 117 118 34 105 106 107 108 6 65 66 67 68 59 130 131 132 13\
3 49 120 121 122 14 80 81 82 83 74 145 146 147 64 135 136 25 95 96 97 89 160 1\
61 79 150 39 110 111 104 173 94 54 125 119 69
124 3 138 139 25 8 9 152 153 154 38 39 16 17 18 165 166 167 168 52 53 54 27 28\
 29 30 176 177 178 179 4 66 67 68 69 40 41 42 43 44 185 186 187 10 11 80 81 82\
 83 84 55 56 57 58 59 191 192 19 20 21 95 96 97 98 99 70 71 72 73 74 194 31 32\
 33 34 110 111 112 113 114 85 86 87 88 89 45 46 47 48 49 125 126 127 128 129 1\
00 101 102 103 104 60 61 62 63 64 140 141 142 143 144 115 116 117 118 119 75 7\
6 77 78 79 155 156 157 158 159 130 131 132 133 134 90 91 92 93 94 169 170 171 \
172 1 145 146 147 148 149 105 106 107 108 109 180 181 182 5 6 160 161 162 163 \
0 120 121 122 123 188 189 12 13 14 173 174 175 2 135 136 137 193 22 23 24 183 \
184 7 150 151 35 36 37 190 15 164 50 51 26 65
125 120 69 140 55 64 135 83 84 155 9 70 78 79 150 97 98 99 169 17 18 85 92 93 \
94 164 111 112 113 114 180 28 29 30 100 106 107 108 109 176 126 127 128 129 18\
8 41 42 43 44 115 121 122 123 124 185 141 142 143 144 193 56 57 58 59 130 136 \
137 138 139 191 156 157 158 159 35 71 72 73 74 145 151 152 153 154 194 170 171\
 172 1 50 86 87 88 89 160 165 166 167 168 45 181 182 5 6 65 101 102 103 104 17\
3 177 178 179 4 60 189 12 13 14 80 116 117 118 119 183 186 187 10 11 75 22 23 \
24 25 95 131 132 133 134 190 192 19 20 21 90 36 37 38 39 110 146 147 148 149 2\
6 31 32 33 34 105 51 52 53 54 161 162 163 0 40 46 47 48 49 66 67 68 174 175 2 \
3 61 62 63 81 82 184 7 8 76 77 96 15 16 91 27
126 151 140 141 174 164 165 84 155 156 183 184 109 176 177 98 99 169 170 134 1\
90 15 123 124 185 186 112 113 114 180 181 148 149 26 27 137 138 139 191 192 12\
7 128 129 188 189 162 163 0 40 41 152 153 154 194 31 142 143 144 193 22 175 2 \
3 55 56 166 167 168 45 46 157 158 159 35 36 7 8 9 70 71 178 179 4 60 61 171 17\
2 1 50 51 16 17 18 85 86 187 10 11 75 76 182 5 6 65 66 28 29 30 100 101 19 20 \
21 90 91 12 13 14 80 81 42 43 44 115 116 32 33 34 105 106 23 24 25 95 96 57 58\
 59 130 131 47 48 49 120 121 37 38 39 110 111 72 73 74 145 146 62 63 64 135 13\
6 52 53 54 125 87 88 89 160 161 77 78 79 150 67 68 69 102 103 104 173 92 93 94\
 82 83 117 118 119 107 108 97 132 133 122 147
127 178 141 142 102 186 187 155 156 157 116 117 191 192 19 99 169 170 171 130 \
131 132 154 194 31 32 113 114 180 181 182 74 145 146 147 167 168 45 46 47 128 \
129 188 189 12 88 89 160 161 162 179 4 60 61 62 143 144 193 22 23 103 104 173 \
174 175 10 11 75 76 77 158 159 35 36 37 118 119 183 184 7 20 21 90 91 92 172 1\
 50 51 52 133 134 190 15 16 33 34 105 106 107 5 6 65 66 67 148 149 26 27 28 48\
 49 120 121 122 13 14 80 81 82 163 0 40 41 42 63 64 135 136 137 24 25 95 96 97\
 2 3 55 56 57 78 79 150 151 152 38 39 110 111 112 8 9 70 71 72 93 94 164 165 1\
66 53 54 125 126 17 18 85 86 87 108 109 176 177 68 69 140 29 30 100 101 123 12\
4 185 83 84 43 44 115 138 139 98 58 59 153 73
128 20 142 143 29 32 33 156 157 158 42 43 46 47 48 169 170 171 172 56 57 58 60\
 61 62 63 114 180 181 182 5 70 71 72 73 11 75 76 77 78 129 188 189 12 13 18 85\
 86 87 88 21 90 91 92 93 144 193 22 23 24 30 100 101 102 103 34 105 106 107 10\
8 159 35 36 37 38 44 115 116 117 118 49 120 121 122 123 1 50 51 52 53 59 130 1\
31 132 133 64 135 136 137 138 6 65 66 67 68 74 145 146 147 148 79 150 151 152 \
153 14 80 81 82 83 89 160 161 162 163 94 164 165 166 167 25 95 96 97 98 104 17\
3 174 175 2 109 176 177 178 179 39 110 111 112 113 119 183 184 7 8 124 185 186\
 187 10 54 125 126 127 134 190 15 16 17 139 191 192 19 69 140 141 149 26 27 28\
 154 194 31 84 155 0 40 41 168 45 99 3 55 4 9
129 49 143 144 149 63 64 157 158 159 163 0 77 78 79 170 171 172 1 175 2 3 91 9\
2 93 94 180 181 182 5 6 184 7 8 9 105 106 107 108 109 188 189 12 13 14 190 15 \
16 17 18 120 121 122 123 124 193 22 23 24 25 26 27 28 29 30 135 136 137 138 13\
9 35 36 37 38 39 40 41 42 43 44 150 151 152 153 154 50 51 52 53 54 55 56 57 58\
 59 164 165 166 167 168 65 66 67 68 69 70 71 72 73 74 176 177 178 179 4 80 81 \
82 83 84 85 86 87 88 89 185 186 187 10 11 95 96 97 98 99 100 101 102 103 104 1\
91 192 19 20 21 110 111 112 113 114 115 116 117 118 119 194 31 32 33 34 125 12\
6 127 128 130 131 132 133 134 45 46 47 48 140 141 142 145 146 147 148 60 61 62\
 155 156 160 161 162 75 76 169 173 174 90 183
130 155 74 145 191 99 169 88 89 160 154 194 113 114 180 102 103 104 173 167 16\
8 45 127 128 129 188 116 117 118 119 183 178 179 4 60 141 142 143 144 193 131 \
132 133 134 190 186 187 10 11 75 156 157 158 159 35 146 147 148 149 26 192 19 \
20 21 90 170 171 172 1 50 161 162 163 0 40 31 32 33 34 105 181 182 5 6 65 174 \
175 2 3 55 46 47 48 49 120 189 12 13 14 80 184 7 8 9 70 61 62 63 64 135 22 23 \
24 25 95 15 16 17 18 85 76 77 78 79 150 36 37 38 39 110 27 28 29 30 100 91 92 \
93 94 164 51 52 53 54 125 41 42 43 44 115 106 107 108 109 176 66 67 68 69 140 \
56 57 58 59 121 122 123 124 185 81 82 83 84 71 72 73 136 137 138 139 96 97 98 \
86 87 151 152 153 111 112 101 165 166 126 177
131 181 145 146 136 188 189 89 160 161 150 151 144 193 22 103 104 173 174 94 1\
64 165 158 159 35 36 117 118 119 183 184 108 109 176 177 171 172 1 50 51 132 1\
33 134 190 15 122 123 124 185 186 182 5 6 65 66 147 148 149 26 27 137 138 139 \
191 192 12 13 14 80 81 162 163 0 40 41 152 153 154 194 31 23 24 25 95 96 175 2\
 3 55 56 166 167 168 45 46 37 38 39 110 111 7 8 9 70 71 178 179 4 60 61 52 53 \
54 125 126 16 17 18 85 86 187 10 11 75 76 67 68 69 140 141 28 29 30 100 101 19\
 20 21 90 91 82 83 84 155 156 42 43 44 115 116 32 33 34 105 106 97 98 99 169 1\
70 57 58 59 130 47 48 49 120 121 112 113 114 180 72 73 74 62 63 64 135 127 128\
 129 87 88 77 78 79 142 143 102 92 93 157 107
132 23 146 147 62 36 37 160 161 162 76 77 50 51 52 104 173 174 175 90 91 92 6 \
65 66 67 118 119 183 184 7 34 105 106 107 13 14 80 81 82 133 134 190 15 16 48 \
49 120 121 122 24 25 95 96 97 148 149 26 27 28 63 64 135 136 137 38 39 110 111\
 112 163 0 40 41 42 78 79 150 151 152 53 54 125 126 127 2 3 55 56 57 93 94 164\
 165 166 68 69 140 141 142 8 9 70 71 72 108 109 176 177 178 83 84 155 156 157 \
17 18 85 86 87 123 124 185 186 187 98 99 169 170 171 29 30 100 101 102 138 139\
 191 192 19 113 114 180 181 182 43 44 115 116 117 153 154 194 31 32 128 129 18\
8 189 12 58 59 130 131 167 168 45 46 47 143 144 193 22 73 74 145 179 4 60 61 1\
58 159 35 88 89 10 11 75 172 1 103 20 21 5 33
133 53 147 148 179 67 68 161 162 163 187 10 81 82 83 173 174 175 2 192 19 20 9\
5 96 97 98 119 183 184 7 8 194 31 32 33 39 110 111 112 113 134 190 15 16 17 16\
8 45 46 47 48 54 125 126 127 128 149 26 27 28 29 4 60 61 62 63 69 140 141 142 \
143 0 40 41 42 43 11 75 76 77 78 84 155 156 157 158 3 55 56 57 58 21 90 91 92 \
93 99 169 170 171 172 9 70 71 72 73 34 105 106 107 108 114 180 181 182 5 18 85\
 86 87 88 49 120 121 122 123 129 188 189 12 13 30 100 101 102 103 64 135 136 1\
37 138 144 193 22 23 24 44 115 116 117 118 79 150 151 152 153 159 35 36 37 38 \
59 130 131 132 94 164 165 166 167 1 50 51 52 74 145 146 109 176 177 178 6 65 6\
6 89 160 124 185 186 14 80 104 139 191 25 154
134 84 148 149 109 98 99 162 163 0 123 124 112 113 114 174 175 2 3 137 138 139\
 126 127 128 129 183 184 7 8 9 151 152 153 154 140 141 142 143 144 190 15 16 1\
7 18 164 165 166 167 168 155 156 157 158 159 26 27 28 29 30 176 177 178 179 4 \
169 170 171 172 1 40 41 42 43 44 185 186 187 10 11 180 181 182 5 6 55 56 57 58\
 59 191 192 19 20 21 188 189 12 13 14 70 71 72 73 74 194 31 32 33 34 193 22 23\
 24 25 85 86 87 88 89 45 46 47 48 49 35 36 37 38 39 100 101 102 103 104 60 61 \
62 63 64 50 51 52 53 54 115 116 117 118 119 75 76 77 78 79 65 66 67 68 69 130 \
131 132 133 90 91 92 93 94 80 81 82 83 145 146 147 105 106 107 108 95 96 97 16\
0 161 120 121 122 110 111 173 135 136 125 150
135 100 79 150 65 44 115 93 94 164 14 80 58 59 130 107 108 109 176 24 25 95 72\
 73 74 145 121 122 123 124 185 37 38 39 110 86 87 88 89 160 136 137 138 139 19\
1 51 52 53 54 125 101 102 103 104 173 151 152 153 154 194 66 67 68 69 140 116 \
117 118 119 183 165 166 167 168 45 81 82 83 84 155 131 132 133 134 190 177 178\
 179 4 60 96 97 98 99 169 146 147 148 149 26 186 187 10 11 75 111 112 113 114 \
180 161 162 163 0 40 192 19 20 21 90 126 127 128 129 188 174 175 2 3 55 31 32 \
33 34 105 141 142 143 144 193 184 7 8 9 70 46 47 48 49 120 156 157 158 159 35 \
15 16 17 18 85 61 62 63 64 170 171 172 1 50 27 28 29 30 76 77 78 181 182 5 6 4\
1 42 43 91 92 189 12 13 56 57 106 22 23 71 36
136 131 150 151 181 145 146 94 164 165 188 189 89 160 161 108 109 176 177 144 \
193 22 103 104 173 174 122 123 124 185 186 158 159 35 36 117 118 119 183 184 1\
37 138 139 191 192 171 172 1 50 51 132 133 134 190 15 152 153 154 194 31 182 5\
 6 65 66 147 148 149 26 27 166 167 168 45 46 12 13 14 80 81 162 163 0 40 41 17\
8 179 4 60 61 23 24 25 95 96 175 2 3 55 56 187 10 11 75 76 37 38 39 110 111 7 \
8 9 70 71 19 20 21 90 91 52 53 54 125 126 16 17 18 85 86 32 33 34 105 106 67 6\
8 69 140 141 28 29 30 100 101 47 48 49 120 121 82 83 84 155 156 42 43 44 115 1\
16 62 63 64 135 97 98 99 169 170 57 58 59 130 77 78 79 112 113 114 180 72 73 7\
4 92 93 127 128 129 87 88 107 142 143 102 157
137 162 151 152 112 174 175 164 165 166 126 127 183 184 7 109 176 177 178 140 \
141 142 134 190 15 16 123 124 185 186 187 84 155 156 157 148 149 26 27 28 138 \
139 191 192 19 98 99 169 170 171 163 0 40 41 42 153 154 194 31 32 113 114 180 \
181 182 2 3 55 56 57 167 168 45 46 47 128 129 188 189 12 8 9 70 71 72 179 4 60\
 61 62 143 144 193 22 23 17 18 85 86 87 10 11 75 76 77 158 159 35 36 37 29 30 \
100 101 102 20 21 90 91 92 172 1 50 51 52 43 44 115 116 117 33 34 105 106 107 \
5 6 65 66 67 58 59 130 131 132 48 49 120 121 122 13 14 80 81 82 73 74 145 146 \
147 63 64 135 136 24 25 95 96 97 88 89 160 161 78 79 150 38 39 110 111 103 104\
 173 93 94 53 54 125 118 119 108 68 69 133 83
138 8 152 153 38 16 17 165 166 167 52 53 27 28 29 176 177 178 179 66 67 68 40 \
41 42 43 124 185 186 187 10 80 81 82 83 3 55 56 57 58 139 191 192 19 20 25 95 \
96 97 98 9 70 71 72 73 154 194 31 32 33 39 110 111 112 113 18 85 86 87 88 168 \
45 46 47 48 54 125 126 127 128 30 100 101 102 103 4 60 61 62 63 69 140 141 142\
 143 44 115 116 117 118 11 75 76 77 78 84 155 156 157 158 59 130 131 132 133 2\
1 90 91 92 93 99 169 170 171 172 74 145 146 147 148 34 105 106 107 108 114 180\
 181 182 5 89 160 161 162 163 49 120 121 122 123 129 188 189 12 13 104 173 174\
 175 2 64 135 136 137 144 193 22 23 24 119 183 184 7 79 150 151 159 35 36 37 1\
34 190 15 94 164 1 50 51 149 26 109 6 65 0 14
139 30 153 154 159 43 44 166 167 168 172 1 57 58 59 177 178 179 4 182 5 6 71 7\
2 73 74 185 186 187 10 11 189 12 13 14 85 86 87 88 89 191 192 19 20 21 193 22 \
23 24 25 100 101 102 103 104 194 31 32 33 34 35 36 37 38 39 115 116 117 118 11\
9 45 46 47 48 49 50 51 52 53 54 130 131 132 133 134 60 61 62 63 64 65 66 67 68\
 69 145 146 147 148 149 75 76 77 78 79 80 81 82 83 84 160 161 162 163 0 90 91 \
92 93 94 95 96 97 98 99 173 174 175 2 3 105 106 107 108 109 110 111 112 113 11\
4 183 184 7 8 9 120 121 122 123 124 125 126 127 128 129 190 15 16 17 18 135 13\
6 137 138 140 141 142 143 144 26 27 28 29 150 151 152 155 156 157 158 40 41 42\
 164 165 169 170 171 55 56 176 180 181 70 188
140 164 84 155 183 109 176 98 99 169 134 190 123 124 185 112 113 114 180 148 1\
49 26 137 138 139 191 126 127 128 129 188 162 163 0 40 151 152 153 154 194 141\
 142 143 144 193 174 175 2 3 55 165 166 167 168 45 156 157 158 159 35 184 7 8 \
9 70 177 178 179 4 60 170 171 172 1 50 15 16 17 18 85 186 187 10 11 75 181 182\
 5 6 65 27 28 29 30 100 192 19 20 21 90 189 12 13 14 80 41 42 43 44 115 31 32 \
33 34 105 22 23 24 25 95 56 57 58 59 130 46 47 48 49 120 36 37 38 39 110 71 72\
 73 74 145 61 62 63 64 135 51 52 53 54 125 86 87 88 89 160 76 77 78 79 150 66 \
67 68 69 101 102 103 104 173 91 92 93 94 81 82 83 116 117 118 119 106 107 108 \
96 97 131 132 133 121 122 111 146 147 136 161
141 186 155 156 116 191 192 99 169 170 130 131 154 194 31 113 114 180 181 74 1\
45 146 167 168 45 46 127 128 129 188 189 88 89 160 161 178 179 4 60 61 142 143\
 144 193 22 102 103 104 173 174 187 10 11 75 76 157 158 159 35 36 117 118 119 \
183 184 19 20 21 90 91 171 172 1 50 51 132 133 134 190 15 32 33 34 105 106 182\
 5 6 65 66 147 148 149 26 27 47 48 49 120 121 12 13 14 80 81 162 163 0 40 41 6\
2 63 64 135 136 23 24 25 95 96 175 2 3 55 56 77 78 79 150 151 37 38 39 110 111\
 7 8 9 70 71 92 93 94 164 165 52 53 54 125 126 16 17 18 85 86 107 108 109 176 \
177 67 68 69 140 28 29 30 100 101 122 123 124 185 82 83 84 42 43 44 115 137 13\
8 139 97 98 57 58 59 152 153 112 72 73 166 87
142 32 156 157 42 46 47 169 170 171 56 57 60 61 62 114 180 181 182 70 71 72 11\
 75 76 77 128 129 188 189 12 18 85 86 87 20 21 90 91 92 143 144 193 22 23 29 3\
0 100 101 102 33 34 105 106 107 158 159 35 36 37 43 44 115 116 117 48 49 120 1\
21 122 172 1 50 51 52 58 59 130 131 132 63 64 135 136 137 5 6 65 66 67 73 74 1\
45 146 147 78 79 150 151 152 13 14 80 81 82 88 89 160 161 162 93 94 164 165 16\
6 24 25 95 96 97 103 104 173 174 175 108 109 176 177 178 38 39 110 111 112 118\
 119 183 184 7 123 124 185 186 187 53 54 125 126 127 133 134 190 15 16 138 139\
 191 192 19 68 69 140 141 148 149 26 27 28 153 154 194 31 83 84 155 163 0 40 4\
1 167 168 45 98 99 2 3 55 179 4 113 8 9 10 17
143 63 157 158 163 77 78 170 171 172 175 2 91 92 93 180 181 182 5 184 7 8 105 \
106 107 108 129 188 189 12 13 190 15 16 17 49 120 121 122 123 144 193 22 23 24\
 149 26 27 28 29 64 135 136 137 138 159 35 36 37 38 0 40 41 42 43 79 150 151 1\
52 153 1 50 51 52 53 3 55 56 57 58 94 164 165 166 167 6 65 66 67 68 9 70 71 72\
 73 109 176 177 178 179 14 80 81 82 83 18 85 86 87 88 124 185 186 187 10 25 95\
 96 97 98 30 100 101 102 103 139 191 192 19 20 39 110 111 112 113 44 115 116 1\
17 118 154 194 31 32 33 54 125 126 127 128 59 130 131 132 133 168 45 46 47 48 \
69 140 141 142 74 145 146 147 148 4 60 61 62 84 155 156 89 160 161 162 11 75 7\
6 99 169 104 173 174 21 90 114 119 183 34 134
144 94 158 159 89 108 109 171 172 1 103 104 122 123 124 181 182 5 6 117 118 11\
9 136 137 138 139 188 189 12 13 14 131 132 133 134 150 151 152 153 154 193 22 \
23 24 25 145 146 147 148 149 164 165 166 167 168 35 36 37 38 39 160 161 162 16\
3 0 176 177 178 179 4 50 51 52 53 54 173 174 175 2 3 185 186 187 10 11 65 66 6\
7 68 69 183 184 7 8 9 191 192 19 20 21 80 81 82 83 84 190 15 16 17 18 194 31 3\
2 33 34 95 96 97 98 99 26 27 28 29 30 45 46 47 48 49 110 111 112 113 114 40 41\
 42 43 44 60 61 62 63 64 125 126 127 128 129 55 56 57 58 59 75 76 77 78 79 140\
 141 142 143 70 71 72 73 74 90 91 92 93 155 156 157 85 86 87 88 105 106 107 16\
9 170 100 101 102 120 121 180 115 116 135 130
145 188 89 160 150 144 193 103 104 173 94 164 158 159 35 117 118 119 183 108 1\
09 176 171 172 1 50 131 132 133 134 190 122 123 124 185 181 182 5 6 65 146 147\
 148 149 26 136 137 138 139 191 189 12 13 14 80 161 162 163 0 40 151 152 153 1\
54 194 22 23 24 25 95 174 175 2 3 55 165 166 167 168 45 36 37 38 39 110 184 7 \
8 9 70 177 178 179 4 60 51 52 53 54 125 15 16 17 18 85 186 187 10 11 75 66 67 \
68 69 140 27 28 29 30 100 192 19 20 21 90 81 82 83 84 155 41 42 43 44 115 31 3\
2 33 34 105 96 97 98 99 169 56 57 58 59 130 46 47 48 49 120 111 112 113 114 18\
0 71 72 73 74 61 62 63 64 135 126 127 128 129 86 87 88 76 77 78 79 141 142 143\
 101 102 91 92 93 156 157 116 106 107 170 121
146 36 160 161 76 50 51 104 173 174 90 91 6 65 66 118 119 183 184 34 105 106 1\
3 14 80 81 132 133 134 190 15 48 49 120 121 23 24 25 95 96 147 148 149 26 27 6\
2 63 64 135 136 37 38 39 110 111 162 163 0 40 41 77 78 79 150 151 52 53 54 125\
 126 175 2 3 55 56 92 93 94 164 165 67 68 69 140 141 7 8 9 70 71 107 108 109 1\
76 177 82 83 84 155 156 16 17 18 85 86 122 123 124 185 186 97 98 99 169 170 28\
 29 30 100 101 137 138 139 191 192 112 113 114 180 181 42 43 44 115 116 152 15\
3 154 194 31 127 128 129 188 189 57 58 59 130 131 166 167 168 45 46 142 143 14\
4 193 22 72 73 74 145 178 179 4 60 61 157 158 159 35 87 88 89 187 10 11 75 171\
 172 1 102 103 19 20 21 182 5 117 32 33 12 47
147 67 161 162 187 81 82 173 174 175 192 19 95 96 97 119 183 184 7 194 31 32 3\
9 110 111 112 133 134 190 15 16 168 45 46 47 53 54 125 126 127 148 149 26 27 2\
8 179 4 60 61 62 68 69 140 141 142 163 0 40 41 42 10 11 75 76 77 83 84 155 156\
 157 2 3 55 56 57 20 21 90 91 92 98 99 169 170 171 8 9 70 71 72 33 34 105 106 \
107 113 114 180 181 182 17 18 85 86 87 48 49 120 121 122 128 129 188 189 12 29\
 30 100 101 102 63 64 135 136 137 143 144 193 22 23 43 44 115 116 117 78 79 15\
0 151 152 158 159 35 36 37 58 59 130 131 132 93 94 164 165 166 172 1 50 51 52 \
73 74 145 146 108 109 176 177 178 5 6 65 66 88 89 160 123 124 185 186 13 14 80\
 103 104 138 139 191 24 25 118 153 154 38 167
148 98 162 163 123 112 113 174 175 2 137 138 126 127 128 183 184 7 8 151 152 1\
53 140 141 142 143 134 190 15 16 17 164 165 166 167 84 155 156 157 158 149 26 \
27 28 29 109 176 177 178 179 99 169 170 171 172 0 40 41 42 43 124 185 186 187 \
10 114 180 181 182 5 3 55 56 57 58 139 191 192 19 20 129 188 189 12 13 9 70 71\
 72 73 154 194 31 32 33 144 193 22 23 24 18 85 86 87 88 168 45 46 47 48 159 35\
 36 37 38 30 100 101 102 103 4 60 61 62 63 1 50 51 52 53 44 115 116 117 118 11\
 75 76 77 78 6 65 66 67 68 59 130 131 132 133 21 90 91 92 93 14 80 81 82 83 74\
 145 146 147 34 105 106 107 108 25 95 96 97 89 160 161 49 120 121 122 39 110 1\
11 104 173 64 135 136 54 125 119 79 150 69 94
149 129 163 0 49 143 144 175 2 3 63 64 157 158 159 184 7 8 9 77 78 79 170 171 \
172 1 190 15 16 17 18 91 92 93 94 180 181 182 5 6 26 27 28 29 30 105 106 107 1\
08 109 188 189 12 13 14 40 41 42 43 44 120 121 122 123 124 193 22 23 24 25 55 \
56 57 58 59 135 136 137 138 139 35 36 37 38 39 70 71 72 73 74 150 151 152 153 \
154 50 51 52 53 54 85 86 87 88 89 164 165 166 167 168 65 66 67 68 69 100 101 1\
02 103 104 176 177 178 179 4 80 81 82 83 84 115 116 117 118 119 185 186 187 10\
 11 95 96 97 98 99 130 131 132 133 134 191 192 19 20 21 110 111 112 113 114 14\
5 146 147 148 194 31 32 33 34 125 126 127 128 160 161 162 45 46 47 48 140 141 \
142 173 174 60 61 62 155 156 183 75 76 169 90
150 145 94 164 188 89 160 108 109 176 144 193 103 104 173 122 123 124 185 158 \
159 35 117 118 119 183 136 137 138 139 191 171 172 1 50 131 132 133 134 190 15\
1 152 153 154 194 181 182 5 6 65 146 147 148 149 26 165 166 167 168 45 189 12 \
13 14 80 161 162 163 0 40 177 178 179 4 60 22 23 24 25 95 174 175 2 3 55 186 1\
87 10 11 75 36 37 38 39 110 184 7 8 9 70 192 19 20 21 90 51 52 53 54 125 15 16\
 17 18 85 31 32 33 34 105 66 67 68 69 140 27 28 29 30 100 46 47 48 49 120 81 8\
2 83 84 155 41 42 43 44 115 61 62 63 64 135 96 97 98 99 169 56 57 58 59 130 76\
 77 78 79 111 112 113 114 180 71 72 73 74 91 92 93 126 127 128 129 86 87 88 10\
6 107 141 142 143 101 102 121 156 157 116 170
151 174 164 165 126 183 184 109 176 177 140 141 134 190 15 123 124 185 186 84 \
155 156 148 149 26 27 137 138 139 191 192 98 99 169 170 162 163 0 40 41 152 15\
3 154 194 31 112 113 114 180 181 175 2 3 55 56 166 167 168 45 46 127 128 129 1\
88 189 7 8 9 70 71 178 179 4 60 61 142 143 144 193 22 16 17 18 85 86 187 10 11\
 75 76 157 158 159 35 36 28 29 30 100 101 19 20 21 90 91 171 172 1 50 51 42 43\
 44 115 116 32 33 34 105 106 182 5 6 65 66 57 58 59 130 131 47 48 49 120 121 1\
2 13 14 80 81 72 73 74 145 146 62 63 64 135 136 23 24 25 95 96 87 88 89 160 16\
1 77 78 79 150 37 38 39 110 111 102 103 104 173 92 93 94 52 53 54 125 117 118 \
119 107 108 67 68 69 132 133 122 82 83 147 97
152 16 165 166 52 27 28 176 177 178 66 67 40 41 42 124 185 186 187 80 81 82 3 \
55 56 57 138 139 191 192 19 25 95 96 97 8 9 70 71 72 153 154 194 31 32 38 39 1\
10 111 112 17 18 85 86 87 167 168 45 46 47 53 54 125 126 127 29 30 100 101 102\
 179 4 60 61 62 68 69 140 141 142 43 44 115 116 117 10 11 75 76 77 83 84 155 1\
56 157 58 59 130 131 132 20 21 90 91 92 98 99 169 170 171 73 74 145 146 147 33\
 34 105 106 107 113 114 180 181 182 88 89 160 161 162 48 49 120 121 122 128 12\
9 188 189 12 103 104 173 174 175 63 64 135 136 137 143 144 193 22 23 118 119 1\
83 184 7 78 79 150 151 158 159 35 36 37 133 134 190 15 93 94 164 172 1 50 51 1\
48 149 26 108 109 5 6 65 163 0 123 13 14 2 24
153 43 166 167 172 57 58 177 178 179 182 5 71 72 73 185 186 187 10 189 12 13 8\
5 86 87 88 139 191 192 19 20 193 22 23 24 30 100 101 102 103 154 194 31 32 33 \
159 35 36 37 38 44 115 116 117 118 168 45 46 47 48 1 50 51 52 53 59 130 131 13\
2 133 4 60 61 62 63 6 65 66 67 68 74 145 146 147 148 11 75 76 77 78 14 80 81 8\
2 83 89 160 161 162 163 21 90 91 92 93 25 95 96 97 98 104 173 174 175 2 34 105\
 106 107 108 39 110 111 112 113 119 183 184 7 8 49 120 121 122 123 54 125 126 \
127 128 134 190 15 16 17 64 135 136 137 138 69 140 141 142 143 149 26 27 28 29\
 79 150 151 152 84 155 156 157 158 0 40 41 42 94 164 165 99 169 170 171 3 55 5\
6 109 176 114 180 181 9 70 124 129 188 18 144
154 74 167 168 99 88 89 178 179 4 113 114 102 103 104 186 187 10 11 127 128 12\
9 116 117 118 119 191 192 19 20 21 141 142 143 144 130 131 132 133 134 194 31 \
32 33 34 155 156 157 158 159 145 146 147 148 149 45 46 47 48 49 169 170 171 17\
2 1 160 161 162 163 0 60 61 62 63 64 180 181 182 5 6 173 174 175 2 3 75 76 77 \
78 79 188 189 12 13 14 183 184 7 8 9 90 91 92 93 94 193 22 23 24 25 190 15 16 \
17 18 105 106 107 108 109 35 36 37 38 39 26 27 28 29 30 120 121 122 123 124 50\
 51 52 53 54 40 41 42 43 44 135 136 137 138 139 65 66 67 68 69 55 56 57 58 59 \
150 151 152 153 80 81 82 83 84 70 71 72 73 164 165 166 95 96 97 98 85 86 87 17\
6 177 110 111 112 100 101 185 125 126 115 140
155 191 99 169 130 154 194 113 114 180 74 145 167 168 45 127 128 129 188 88 89\
 160 178 179 4 60 141 142 143 144 193 102 103 104 173 186 187 10 11 75 156 157\
 158 159 35 116 117 118 119 183 192 19 20 21 90 170 171 172 1 50 131 132 133 1\
34 190 31 32 33 34 105 181 182 5 6 65 146 147 148 149 26 46 47 48 49 120 189 1\
2 13 14 80 161 162 163 0 40 61 62 63 64 135 22 23 24 25 95 174 175 2 3 55 76 7\
7 78 79 150 36 37 38 39 110 184 7 8 9 70 91 92 93 94 164 51 52 53 54 125 15 16\
 17 18 85 106 107 108 109 176 66 67 68 69 140 27 28 29 30 100 121 122 123 124 \
185 81 82 83 84 41 42 43 44 115 136 137 138 139 96 97 98 56 57 58 59 151 152 1\
53 111 112 71 72 73 165 166 126 86 87 177 101
156 46 169 170 56 60 61 114 180 181 70 71 11 75 76 128 129 188 189 18 85 86 20\
 21 90 91 142 143 144 193 22 29 30 100 101 32 33 34 105 106 157 158 159 35 36 \
42 43 44 115 116 47 48 49 120 121 171 172 1 50 51 57 58 59 130 131 62 63 64 13\
5 136 182 5 6 65 66 72 73 74 145 146 77 78 79 150 151 12 13 14 80 81 87 88 89 \
160 161 92 93 94 164 165 23 24 25 95 96 102 103 104 173 174 107 108 109 176 17\
7 37 38 39 110 111 117 118 119 183 184 122 123 124 185 186 52 53 54 125 126 13\
2 133 134 190 15 137 138 139 191 192 67 68 69 140 141 147 148 149 26 27 152 15\
3 154 194 31 82 83 84 155 162 163 0 40 41 166 167 168 45 97 98 99 175 2 3 55 1\
78 179 4 112 113 7 8 9 187 10 127 16 17 19 28
157 77 170 171 175 91 92 180 181 182 184 7 105 106 107 129 188 189 12 190 15 1\
6 49 120 121 122 143 144 193 22 23 149 26 27 28 63 64 135 136 137 158 159 35 3\
6 37 163 0 40 41 42 78 79 150 151 152 172 1 50 51 52 2 3 55 56 57 93 94 164 16\
5 166 5 6 65 66 67 8 9 70 71 72 108 109 176 177 178 13 14 80 81 82 17 18 85 86\
 87 123 124 185 186 187 24 25 95 96 97 29 30 100 101 102 138 139 191 192 19 38\
 39 110 111 112 43 44 115 116 117 153 154 194 31 32 53 54 125 126 127 58 59 13\
0 131 132 167 168 45 46 47 68 69 140 141 142 73 74 145 146 147 179 4 60 61 62 \
83 84 155 156 88 89 160 161 162 10 11 75 76 98 99 169 103 104 173 174 20 21 90\
 113 114 118 119 183 33 34 128 133 134 48 148
158 108 171 172 103 122 123 181 182 5 117 118 136 137 138 188 189 12 13 131 13\
2 133 150 151 152 153 144 193 22 23 24 145 146 147 148 94 164 165 166 167 159 \
35 36 37 38 89 160 161 162 163 109 176 177 178 179 1 50 51 52 53 104 173 174 1\
75 2 124 185 186 187 10 6 65 66 67 68 119 183 184 7 8 139 191 192 19 20 14 80 \
81 82 83 134 190 15 16 17 154 194 31 32 33 25 95 96 97 98 149 26 27 28 29 168 \
45 46 47 48 39 110 111 112 113 0 40 41 42 43 4 60 61 62 63 54 125 126 127 128 \
3 55 56 57 58 11 75 76 77 78 69 140 141 142 143 9 70 71 72 73 21 90 91 92 93 8\
4 155 156 157 18 85 86 87 88 34 105 106 107 99 169 170 30 100 101 102 49 120 1\
21 114 180 44 115 116 64 135 129 59 130 79 74
159 139 172 1 30 153 154 182 5 6 43 44 166 167 168 189 12 13 14 57 58 59 177 1\
78 179 4 193 22 23 24 25 71 72 73 74 185 186 187 10 11 35 36 37 38 39 85 86 87\
 88 89 191 192 19 20 21 50 51 52 53 54 100 101 102 103 104 194 31 32 33 34 65 \
66 67 68 69 115 116 117 118 119 45 46 47 48 49 80 81 82 83 84 130 131 132 133 \
134 60 61 62 63 64 95 96 97 98 99 145 146 147 148 149 75 76 77 78 79 110 111 1\
12 113 114 160 161 162 163 0 90 91 92 93 94 125 126 127 128 129 173 174 175 2 \
3 105 106 107 108 109 140 141 142 143 144 183 184 7 8 9 120 121 122 123 124 15\
5 156 157 158 190 15 16 17 18 135 136 137 138 169 170 171 26 27 28 29 150 151 \
152 180 181 40 41 42 164 165 188 55 56 176 70
160 50 104 173 90 6 65 118 119 183 34 105 13 14 80 132 133 134 190 48 49 120 2\
3 24 25 95 146 147 148 149 26 62 63 64 135 36 37 38 39 110 161 162 163 0 40 76\
 77 78 79 150 51 52 53 54 125 174 175 2 3 55 91 92 93 94 164 66 67 68 69 140 1\
84 7 8 9 70 106 107 108 109 176 81 82 83 84 155 15 16 17 18 85 121 122 123 124\
 185 96 97 98 99 169 27 28 29 30 100 136 137 138 139 191 111 112 113 114 180 4\
1 42 43 44 115 151 152 153 154 194 126 127 128 129 188 56 57 58 59 130 165 166\
 167 168 45 141 142 143 144 193 71 72 73 74 145 177 178 179 4 60 156 157 158 1\
59 35 86 87 88 89 186 187 10 11 75 170 171 172 1 101 102 103 192 19 20 21 181 \
182 5 116 117 31 32 33 189 12 131 46 47 22 61
161 81 173 174 192 95 96 119 183 184 194 31 39 110 111 133 134 190 15 168 45 4\
6 53 54 125 126 147 148 149 26 27 179 4 60 61 67 68 69 140 141 162 163 0 40 41\
 187 10 11 75 76 82 83 84 155 156 175 2 3 55 56 19 20 21 90 91 97 98 99 169 17\
0 7 8 9 70 71 32 33 34 105 106 112 113 114 180 181 16 17 18 85 86 47 48 49 120\
 121 127 128 129 188 189 28 29 30 100 101 62 63 64 135 136 142 143 144 193 22 \
42 43 44 115 116 77 78 79 150 151 157 158 159 35 36 57 58 59 130 131 92 93 94 \
164 165 171 172 1 50 51 72 73 74 145 146 107 108 109 176 177 182 5 6 65 66 87 \
88 89 160 122 123 124 185 186 12 13 14 80 102 103 104 137 138 139 191 23 24 25\
 117 118 152 153 154 37 38 132 166 167 52 178
162 112 174 175 137 126 127 183 184 7 151 152 140 141 142 134 190 15 16 164 16\
5 166 84 155 156 157 148 149 26 27 28 109 176 177 178 98 99 169 170 171 163 0 \
40 41 42 123 124 185 186 187 113 114 180 181 182 2 3 55 56 57 138 139 191 192 \
19 128 129 188 189 12 8 9 70 71 72 153 154 194 31 32 143 144 193 22 23 17 18 8\
5 86 87 167 168 45 46 47 158 159 35 36 37 29 30 100 101 102 179 4 60 61 62 172\
 1 50 51 52 43 44 115 116 117 10 11 75 76 77 5 6 65 66 67 58 59 130 131 132 20\
 21 90 91 92 13 14 80 81 82 73 74 145 146 147 33 34 105 106 107 24 25 95 96 97\
 88 89 160 161 48 49 120 121 122 38 39 110 111 103 104 173 63 64 135 136 53 54\
 125 118 119 78 79 150 68 69 133 93 94 83 108
163 143 175 2 63 157 158 184 7 8 77 78 170 171 172 190 15 16 17 91 92 93 180 1\
81 182 5 149 26 27 28 29 105 106 107 108 129 188 189 12 13 0 40 41 42 43 49 12\
0 121 122 123 144 193 22 23 24 3 55 56 57 58 64 135 136 137 138 159 35 36 37 3\
8 9 70 71 72 73 79 150 151 152 153 1 50 51 52 53 18 85 86 87 88 94 164 165 166\
 167 6 65 66 67 68 30 100 101 102 103 109 176 177 178 179 14 80 81 82 83 44 11\
5 116 117 118 124 185 186 187 10 25 95 96 97 98 59 130 131 132 133 139 191 192\
 19 20 39 110 111 112 113 74 145 146 147 148 154 194 31 32 33 54 125 126 127 1\
28 89 160 161 162 168 45 46 47 48 69 140 141 142 104 173 174 4 60 61 62 84 155\
 156 119 183 11 75 76 99 169 134 21 90 114 34
164 183 109 176 140 134 190 123 124 185 84 155 148 149 26 137 138 139 191 98 9\
9 169 162 163 0 40 151 152 153 154 194 112 113 114 180 174 175 2 3 55 165 166 \
167 168 45 126 127 128 129 188 184 7 8 9 70 177 178 179 4 60 141 142 143 144 1\
93 15 16 17 18 85 186 187 10 11 75 156 157 158 159 35 27 28 29 30 100 192 19 2\
0 21 90 170 171 172 1 50 41 42 43 44 115 31 32 33 34 105 181 182 5 6 65 56 57 \
58 59 130 46 47 48 49 120 189 12 13 14 80 71 72 73 74 145 61 62 63 64 135 22 2\
3 24 25 95 86 87 88 89 160 76 77 78 79 150 36 37 38 39 110 101 102 103 104 173\
 91 92 93 94 51 52 53 54 125 116 117 118 119 106 107 108 66 67 68 69 131 132 1\
33 121 122 81 82 83 146 147 136 96 97 161 111
165 27 176 177 66 40 41 124 185 186 80 81 3 55 56 138 139 191 192 25 95 96 8 9\
 70 71 152 153 154 194 31 38 39 110 111 16 17 18 85 86 166 167 168 45 46 52 53\
 54 125 126 28 29 30 100 101 178 179 4 60 61 67 68 69 140 141 42 43 44 115 116\
 187 10 11 75 76 82 83 84 155 156 57 58 59 130 131 19 20 21 90 91 97 98 99 169\
 170 72 73 74 145 146 32 33 34 105 106 112 113 114 180 181 87 88 89 160 161 47\
 48 49 120 121 127 128 129 188 189 102 103 104 173 174 62 63 64 135 136 142 14\
3 144 193 22 117 118 119 183 184 77 78 79 150 151 157 158 159 35 36 132 133 13\
4 190 15 92 93 94 164 171 172 1 50 51 147 148 149 26 107 108 109 182 5 6 65 16\
2 163 0 122 123 12 13 14 175 2 137 23 24 7 37
166 57 177 178 182 71 72 185 186 187 189 12 85 86 87 139 191 192 19 193 22 23 \
30 100 101 102 153 154 194 31 32 159 35 36 37 43 44 115 116 117 167 168 45 46 \
47 172 1 50 51 52 58 59 130 131 132 179 4 60 61 62 5 6 65 66 67 73 74 145 146 \
147 10 11 75 76 77 13 14 80 81 82 88 89 160 161 162 20 21 90 91 92 24 25 95 96\
 97 103 104 173 174 175 33 34 105 106 107 38 39 110 111 112 118 119 183 184 7 \
48 49 120 121 122 53 54 125 126 127 133 134 190 15 16 63 64 135 136 137 68 69 \
140 141 142 148 149 26 27 28 78 79 150 151 152 83 84 155 156 157 163 0 40 41 4\
2 93 94 164 165 98 99 169 170 171 2 3 55 56 108 109 176 113 114 180 181 8 9 70\
 123 124 128 129 188 17 18 138 143 144 29 158
167 88 178 179 113 102 103 186 187 10 127 128 116 117 118 191 192 19 20 141 14\
2 143 130 131 132 133 154 194 31 32 33 155 156 157 158 74 145 146 147 148 168 \
45 46 47 48 99 169 170 171 172 89 160 161 162 163 4 60 61 62 63 114 180 181 18\
2 5 104 173 174 175 2 11 75 76 77 78 129 188 189 12 13 119 183 184 7 8 21 90 9\
1 92 93 144 193 22 23 24 134 190 15 16 17 34 105 106 107 108 159 35 36 37 38 1\
49 26 27 28 29 49 120 121 122 123 1 50 51 52 53 0 40 41 42 43 64 135 136 137 1\
38 6 65 66 67 68 3 55 56 57 58 79 150 151 152 153 14 80 81 82 83 9 70 71 72 73\
 94 164 165 166 25 95 96 97 98 18 85 86 87 109 176 177 39 110 111 112 30 100 1\
01 124 185 54 125 126 44 115 139 69 140 59 84
168 119 179 4 39 133 134 187 10 11 53 54 147 148 149 192 19 20 21 67 68 69 161\
 162 163 0 194 31 32 33 34 81 82 83 84 173 174 175 2 3 45 46 47 48 49 95 96 97\
 98 99 183 184 7 8 9 60 61 62 63 64 110 111 112 113 114 190 15 16 17 18 75 76 \
77 78 79 125 126 127 128 129 26 27 28 29 30 90 91 92 93 94 140 141 142 143 144\
 40 41 42 43 44 105 106 107 108 109 155 156 157 158 159 55 56 57 58 59 120 121\
 122 123 124 169 170 171 172 1 70 71 72 73 74 135 136 137 138 139 180 181 182 \
5 6 85 86 87 88 89 150 151 152 153 154 188 189 12 13 14 100 101 102 103 104 16\
4 165 166 167 193 22 23 24 25 115 116 117 118 176 177 178 35 36 37 38 130 131 \
132 185 186 50 51 52 145 146 191 65 66 160 80
169 60 114 180 70 11 75 128 129 188 18 85 20 21 90 142 143 144 193 29 30 100 3\
2 33 34 105 156 157 158 159 35 42 43 44 115 46 47 48 49 120 170 171 172 1 50 5\
6 57 58 59 130 61 62 63 64 135 181 182 5 6 65 71 72 73 74 145 76 77 78 79 150 \
189 12 13 14 80 86 87 88 89 160 91 92 93 94 164 22 23 24 25 95 101 102 103 104\
 173 106 107 108 109 176 36 37 38 39 110 116 117 118 119 183 121 122 123 124 1\
85 51 52 53 54 125 131 132 133 134 190 136 137 138 139 191 66 67 68 69 140 146\
 147 148 149 26 151 152 153 154 194 81 82 83 84 155 161 162 163 0 40 165 166 1\
67 168 45 96 97 98 99 174 175 2 3 55 177 178 179 4 111 112 113 184 7 8 9 186 1\
87 10 126 127 15 16 17 192 19 141 27 28 31 41
170 91 180 181 184 105 106 129 188 189 190 15 49 120 121 143 144 193 22 149 26\
 27 63 64 135 136 157 158 159 35 36 163 0 40 41 77 78 79 150 151 171 172 1 50 \
51 175 2 3 55 56 92 93 94 164 165 182 5 6 65 66 7 8 9 70 71 107 108 109 176 17\
7 12 13 14 80 81 16 17 18 85 86 122 123 124 185 186 23 24 25 95 96 28 29 30 10\
0 101 137 138 139 191 192 37 38 39 110 111 42 43 44 115 116 152 153 154 194 31\
 52 53 54 125 126 57 58 59 130 131 166 167 168 45 46 67 68 69 140 141 72 73 74\
 145 146 178 179 4 60 61 82 83 84 155 156 87 88 89 160 161 187 10 11 75 76 97 \
98 99 169 102 103 104 173 174 19 20 21 90 112 113 114 117 118 119 183 32 33 34\
 127 128 132 133 134 47 48 142 147 148 62 162
171 122 181 182 117 136 137 188 189 12 131 132 150 151 152 144 193 22 23 145 1\
46 147 94 164 165 166 158 159 35 36 37 89 160 161 162 108 109 176 177 178 172 \
1 50 51 52 103 104 173 174 175 123 124 185 186 187 5 6 65 66 67 118 119 183 18\
4 7 138 139 191 192 19 13 14 80 81 82 133 134 190 15 16 153 154 194 31 32 24 2\
5 95 96 97 148 149 26 27 28 167 168 45 46 47 38 39 110 111 112 163 0 40 41 42 \
179 4 60 61 62 53 54 125 126 127 2 3 55 56 57 10 11 75 76 77 68 69 140 141 142\
 8 9 70 71 72 20 21 90 91 92 83 84 155 156 157 17 18 85 86 87 33 34 105 106 10\
7 98 99 169 170 29 30 100 101 102 48 49 120 121 113 114 180 43 44 115 116 63 6\
4 135 128 129 58 59 130 78 79 143 73 74 93 88
172 153 182 5 43 166 167 189 12 13 57 58 177 178 179 193 22 23 24 71 72 73 185\
 186 187 10 159 35 36 37 38 85 86 87 88 139 191 192 19 20 1 50 51 52 53 30 100\
 101 102 103 154 194 31 32 33 6 65 66 67 68 44 115 116 117 118 168 45 46 47 48\
 14 80 81 82 83 59 130 131 132 133 4 60 61 62 63 25 95 96 97 98 74 145 146 147\
 148 11 75 76 77 78 39 110 111 112 113 89 160 161 162 163 21 90 91 92 93 54 12\
5 126 127 128 104 173 174 175 2 34 105 106 107 108 69 140 141 142 143 119 183 \
184 7 8 49 120 121 122 123 84 155 156 157 158 134 190 15 16 17 64 135 136 137 \
138 99 169 170 171 149 26 27 28 29 79 150 151 152 114 180 181 0 40 41 42 94 16\
4 165 129 188 3 55 56 109 176 144 9 70 124 18
173 95 119 183 194 39 110 133 134 190 168 45 53 54 125 147 148 149 26 179 4 60\
 67 68 69 140 161 162 163 0 40 187 10 11 75 81 82 83 84 155 174 175 2 3 55 192\
 19 20 21 90 96 97 98 99 169 184 7 8 9 70 31 32 33 34 105 111 112 113 114 180 \
15 16 17 18 85 46 47 48 49 120 126 127 128 129 188 27 28 29 30 100 61 62 63 64\
 135 141 142 143 144 193 41 42 43 44 115 76 77 78 79 150 156 157 158 159 35 56\
 57 58 59 130 91 92 93 94 164 170 171 172 1 50 71 72 73 74 145 106 107 108 109\
 176 181 182 5 6 65 86 87 88 89 160 121 122 123 124 185 189 12 13 14 80 101 10\
2 103 104 136 137 138 139 191 22 23 24 25 116 117 118 151 152 153 154 36 37 38\
 131 132 165 166 167 51 52 146 177 178 66 186
174 126 183 184 151 140 141 134 190 15 164 165 84 155 156 148 149 26 27 109 17\
6 177 98 99 169 170 162 163 0 40 41 123 124 185 186 112 113 114 180 181 175 2 \
3 55 56 137 138 139 191 192 127 128 129 188 189 7 8 9 70 71 152 153 154 194 31\
 142 143 144 193 22 16 17 18 85 86 166 167 168 45 46 157 158 159 35 36 28 29 3\
0 100 101 178 179 4 60 61 171 172 1 50 51 42 43 44 115 116 187 10 11 75 76 182\
 5 6 65 66 57 58 59 130 131 19 20 21 90 91 12 13 14 80 81 72 73 74 145 146 32 \
33 34 105 106 23 24 25 95 96 87 88 89 160 161 47 48 49 120 121 37 38 39 110 11\
1 102 103 104 173 62 63 64 135 136 52 53 54 125 117 118 119 77 78 79 150 67 68\
 69 132 133 92 93 94 82 83 147 107 108 97 122
175 157 184 7 77 170 171 190 15 16 91 92 180 181 182 149 26 27 28 105 106 107 \
129 188 189 12 163 0 40 41 42 49 120 121 122 143 144 193 22 23 2 3 55 56 57 63\
 64 135 136 137 158 159 35 36 37 8 9 70 71 72 78 79 150 151 152 172 1 50 51 52\
 17 18 85 86 87 93 94 164 165 166 5 6 65 66 67 29 30 100 101 102 108 109 176 1\
77 178 13 14 80 81 82 43 44 115 116 117 123 124 185 186 187 24 25 95 96 97 58 \
59 130 131 132 138 139 191 192 19 38 39 110 111 112 73 74 145 146 147 153 154 \
194 31 32 53 54 125 126 127 88 89 160 161 162 167 168 45 46 47 68 69 140 141 1\
42 103 104 173 174 179 4 60 61 62 83 84 155 156 118 119 183 10 11 75 76 98 99 \
169 133 134 20 21 90 113 114 148 33 34 128 48
176 40 124 185 80 3 55 138 139 191 25 95 8 9 70 152 153 154 194 38 39 110 16 1\
7 18 85 165 166 167 168 45 52 53 54 125 27 28 29 30 100 177 178 179 4 60 66 67\
 68 69 140 41 42 43 44 115 186 187 10 11 75 81 82 83 84 155 56 57 58 59 130 19\
2 19 20 21 90 96 97 98 99 169 71 72 73 74 145 31 32 33 34 105 111 112 113 114 \
180 86 87 88 89 160 46 47 48 49 120 126 127 128 129 188 101 102 103 104 173 61\
 62 63 64 135 141 142 143 144 193 116 117 118 119 183 76 77 78 79 150 156 157 \
158 159 35 131 132 133 134 190 91 92 93 94 164 170 171 172 1 50 146 147 148 14\
9 26 106 107 108 109 181 182 5 6 65 161 162 163 0 121 122 123 189 12 13 14 174\
 175 2 136 137 22 23 24 184 7 151 36 37 15 51
177 71 185 186 189 85 86 139 191 192 193 22 30 100 101 153 154 194 31 159 35 3\
6 43 44 115 116 166 167 168 45 46 172 1 50 51 57 58 59 130 131 178 179 4 60 61\
 182 5 6 65 66 72 73 74 145 146 187 10 11 75 76 12 13 14 80 81 87 88 89 160 16\
1 19 20 21 90 91 23 24 25 95 96 102 103 104 173 174 32 33 34 105 106 37 38 39 \
110 111 117 118 119 183 184 47 48 49 120 121 52 53 54 125 126 132 133 134 190 \
15 62 63 64 135 136 67 68 69 140 141 147 148 149 26 27 77 78 79 150 151 82 83 \
84 155 156 162 163 0 40 41 92 93 94 164 165 97 98 99 169 170 175 2 3 55 56 107\
 108 109 176 112 113 114 180 181 7 8 9 70 122 123 124 127 128 129 188 16 17 18\
 137 138 142 143 144 28 29 152 157 158 42 171
178 102 186 187 127 116 117 191 192 19 141 142 130 131 132 154 194 31 32 155 1\
56 157 74 145 146 147 167 168 45 46 47 99 169 170 171 88 89 160 161 162 179 4 \
60 61 62 113 114 180 181 182 103 104 173 174 175 10 11 75 76 77 128 129 188 18\
9 12 118 119 183 184 7 20 21 90 91 92 143 144 193 22 23 133 134 190 15 16 33 3\
4 105 106 107 158 159 35 36 37 148 149 26 27 28 48 49 120 121 122 172 1 50 51 \
52 163 0 40 41 42 63 64 135 136 137 5 6 65 66 67 2 3 55 56 57 78 79 150 151 15\
2 13 14 80 81 82 8 9 70 71 72 93 94 164 165 166 24 25 95 96 97 17 18 85 86 87 \
108 109 176 177 38 39 110 111 112 29 30 100 101 123 124 185 53 54 125 126 43 4\
4 115 138 139 68 69 140 58 59 153 83 84 73 98
179 133 187 10 53 147 148 192 19 20 67 68 161 162 163 194 31 32 33 81 82 83 17\
3 174 175 2 168 45 46 47 48 95 96 97 98 119 183 184 7 8 4 60 61 62 63 39 110 1\
11 112 113 134 190 15 16 17 11 75 76 77 78 54 125 126 127 128 149 26 27 28 29 \
21 90 91 92 93 69 140 141 142 143 0 40 41 42 43 34 105 106 107 108 84 155 156 \
157 158 3 55 56 57 58 49 120 121 122 123 99 169 170 171 172 9 70 71 72 73 64 1\
35 136 137 138 114 180 181 182 5 18 85 86 87 88 79 150 151 152 153 129 188 189\
 12 13 30 100 101 102 103 94 164 165 166 167 144 193 22 23 24 44 115 116 117 1\
18 109 176 177 178 159 35 36 37 38 59 130 131 132 124 185 186 1 50 51 52 74 14\
5 146 139 191 6 65 66 89 160 154 14 80 104 25
180 105 129 188 190 49 120 143 144 193 149 26 63 64 135 157 158 159 35 163 0 4\
0 77 78 79 150 170 171 172 1 50 175 2 3 55 91 92 93 94 164 181 182 5 6 65 184 \
7 8 9 70 106 107 108 109 176 189 12 13 14 80 15 16 17 18 85 121 122 123 124 18\
5 22 23 24 25 95 27 28 29 30 100 136 137 138 139 191 36 37 38 39 110 41 42 43 \
44 115 151 152 153 154 194 51 52 53 54 125 56 57 58 59 130 165 166 167 168 45 \
66 67 68 69 140 71 72 73 74 145 177 178 179 4 60 81 82 83 84 155 86 87 88 89 1\
60 186 187 10 11 75 96 97 98 99 169 101 102 103 104 173 192 19 20 21 90 111 11\
2 113 114 116 117 118 119 183 31 32 33 34 126 127 128 131 132 133 134 46 47 48\
 141 142 146 147 148 61 62 156 161 162 76 174
181 136 188 189 131 150 151 144 193 22 145 146 94 164 165 158 159 35 36 89 160\
 161 108 109 176 177 171 172 1 50 51 103 104 173 174 122 123 124 185 186 182 5\
 6 65 66 117 118 119 183 184 137 138 139 191 192 12 13 14 80 81 132 133 134 19\
0 15 152 153 154 194 31 23 24 25 95 96 147 148 149 26 27 166 167 168 45 46 37 \
38 39 110 111 162 163 0 40 41 178 179 4 60 61 52 53 54 125 126 175 2 3 55 56 1\
87 10 11 75 76 67 68 69 140 141 7 8 9 70 71 19 20 21 90 91 82 83 84 155 156 16\
 17 18 85 86 32 33 34 105 106 97 98 99 169 170 28 29 30 100 101 47 48 49 120 1\
21 112 113 114 180 42 43 44 115 116 62 63 64 135 127 128 129 57 58 59 130 77 7\
8 79 142 143 72 73 74 92 93 157 87 88 107 102
182 166 189 12 57 177 178 193 22 23 71 72 185 186 187 159 35 36 37 85 86 87 13\
9 191 192 19 172 1 50 51 52 30 100 101 102 153 154 194 31 32 5 6 65 66 67 43 4\
4 115 116 117 167 168 45 46 47 13 14 80 81 82 58 59 130 131 132 179 4 60 61 62\
 24 25 95 96 97 73 74 145 146 147 10 11 75 76 77 38 39 110 111 112 88 89 160 1\
61 162 20 21 90 91 92 53 54 125 126 127 103 104 173 174 175 33 34 105 106 107 \
68 69 140 141 142 118 119 183 184 7 48 49 120 121 122 83 84 155 156 157 133 13\
4 190 15 16 63 64 135 136 137 98 99 169 170 171 148 149 26 27 28 78 79 150 151\
 152 113 114 180 181 163 0 40 41 42 93 94 164 165 128 129 188 2 3 55 56 108 10\
9 176 143 144 8 9 70 123 124 158 17 18 138 29
183 140 134 190 164 84 155 148 149 26 109 176 98 99 169 162 163 0 40 123 124 1\
85 112 113 114 180 174 175 2 3 55 137 138 139 191 126 127 128 129 188 184 7 8 \
9 70 151 152 153 154 194 141 142 143 144 193 15 16 17 18 85 165 166 167 168 45\
 156 157 158 159 35 27 28 29 30 100 177 178 179 4 60 170 171 172 1 50 41 42 43\
 44 115 186 187 10 11 75 181 182 5 6 65 56 57 58 59 130 192 19 20 21 90 189 12\
 13 14 80 71 72 73 74 145 31 32 33 34 105 22 23 24 25 95 86 87 88 89 160 46 47\
 48 49 120 36 37 38 39 110 101 102 103 104 173 61 62 63 64 135 51 52 53 54 125\
 116 117 118 119 76 77 78 79 150 66 67 68 69 131 132 133 91 92 93 94 81 82 83 \
146 147 106 107 108 96 97 161 121 122 111 136
184 170 190 15 91 180 181 149 26 27 105 106 129 188 189 163 0 40 41 49 120 121\
 143 144 193 22 175 2 3 55 56 63 64 135 136 157 158 159 35 36 7 8 9 70 71 77 7\
8 79 150 151 171 172 1 50 51 16 17 18 85 86 92 93 94 164 165 182 5 6 65 66 28 \
29 30 100 101 107 108 109 176 177 12 13 14 80 81 42 43 44 115 116 122 123 124 \
185 186 23 24 25 95 96 57 58 59 130 131 137 138 139 191 192 37 38 39 110 111 7\
2 73 74 145 146 152 153 154 194 31 52 53 54 125 126 87 88 89 160 161 166 167 1\
68 45 46 67 68 69 140 141 102 103 104 173 174 178 179 4 60 61 82 83 84 155 156\
 117 118 119 183 187 10 11 75 76 97 98 99 169 132 133 134 19 20 21 90 112 113 \
114 147 148 32 33 34 127 128 162 47 48 142 62
185 85 139 191 193 30 100 153 154 194 159 35 43 44 115 166 167 168 45 172 1 50\
 57 58 59 130 177 178 179 4 60 182 5 6 65 71 72 73 74 145 186 187 10 11 75 189\
 12 13 14 80 86 87 88 89 160 192 19 20 21 90 22 23 24 25 95 101 102 103 104 17\
3 31 32 33 34 105 36 37 38 39 110 116 117 118 119 183 46 47 48 49 120 51 52 53\
 54 125 131 132 133 134 190 61 62 63 64 135 66 67 68 69 140 146 147 148 149 26\
 76 77 78 79 150 81 82 83 84 155 161 162 163 0 40 91 92 93 94 164 96 97 98 99 \
169 174 175 2 3 55 106 107 108 109 176 111 112 113 114 180 184 7 8 9 70 121 12\
2 123 124 126 127 128 129 188 15 16 17 18 136 137 138 141 142 143 144 27 28 29\
 151 152 156 157 158 41 42 165 170 171 56 181
186 116 191 192 141 130 131 154 194 31 155 156 74 145 146 167 168 45 46 99 169\
 170 88 89 160 161 178 179 4 60 61 113 114 180 181 102 103 104 173 174 187 10 \
11 75 76 127 128 129 188 189 117 118 119 183 184 19 20 21 90 91 142 143 144 19\
3 22 132 133 134 190 15 32 33 34 105 106 157 158 159 35 36 147 148 149 26 27 4\
7 48 49 120 121 171 172 1 50 51 162 163 0 40 41 62 63 64 135 136 182 5 6 65 66\
 175 2 3 55 56 77 78 79 150 151 12 13 14 80 81 7 8 9 70 71 92 93 94 164 165 23\
 24 25 95 96 16 17 18 85 86 107 108 109 176 177 37 38 39 110 111 28 29 30 100 \
101 122 123 124 185 52 53 54 125 126 42 43 44 115 137 138 139 67 68 69 140 57 \
58 59 152 153 82 83 84 72 73 166 97 98 87 112
187 147 192 19 67 161 162 194 31 32 81 82 173 174 175 168 45 46 47 95 96 97 11\
9 183 184 7 179 4 60 61 62 39 110 111 112 133 134 190 15 16 10 11 75 76 77 53 \
54 125 126 127 148 149 26 27 28 20 21 90 91 92 68 69 140 141 142 163 0 40 41 4\
2 33 34 105 106 107 83 84 155 156 157 2 3 55 56 57 48 49 120 121 122 98 99 169\
 170 171 8 9 70 71 72 63 64 135 136 137 113 114 180 181 182 17 18 85 86 87 78 \
79 150 151 152 128 129 188 189 12 29 30 100 101 102 93 94 164 165 166 143 144 \
193 22 23 43 44 115 116 117 108 109 176 177 178 158 159 35 36 37 58 59 130 131\
 132 123 124 185 186 172 1 50 51 52 73 74 145 146 138 139 191 5 6 65 66 88 89 \
160 153 154 13 14 80 103 104 167 24 25 118 38
188 150 144 193 145 94 164 158 159 35 89 160 108 109 176 171 172 1 50 103 104 \
173 122 123 124 185 181 182 5 6 65 117 118 119 183 136 137 138 139 191 189 12 \
13 14 80 131 132 133 134 190 151 152 153 154 194 22 23 24 25 95 146 147 148 14\
9 26 165 166 167 168 45 36 37 38 39 110 161 162 163 0 40 177 178 179 4 60 51 5\
2 53 54 125 174 175 2 3 55 186 187 10 11 75 66 67 68 69 140 184 7 8 9 70 192 1\
9 20 21 90 81 82 83 84 155 15 16 17 18 85 31 32 33 34 105 96 97 98 99 169 27 2\
8 29 30 100 46 47 48 49 120 111 112 113 114 180 41 42 43 44 115 61 62 63 64 13\
5 126 127 128 129 56 57 58 59 130 76 77 78 79 141 142 143 71 72 73 74 91 92 93\
 156 157 86 87 88 106 107 170 101 102 121 116
189 177 193 22 71 185 186 159 35 36 85 86 139 191 192 172 1 50 51 30 100 101 1\
53 154 194 31 182 5 6 65 66 43 44 115 116 166 167 168 45 46 12 13 14 80 81 57 \
58 59 130 131 178 179 4 60 61 23 24 25 95 96 72 73 74 145 146 187 10 11 75 76 \
37 38 39 110 111 87 88 89 160 161 19 20 21 90 91 52 53 54 125 126 102 103 104 \
173 174 32 33 34 105 106 67 68 69 140 141 117 118 119 183 184 47 48 49 120 121\
 82 83 84 155 156 132 133 134 190 15 62 63 64 135 136 97 98 99 169 170 147 148\
 149 26 27 77 78 79 150 151 112 113 114 180 181 162 163 0 40 41 92 93 94 164 1\
65 127 128 129 188 175 2 3 55 56 107 108 109 176 142 143 144 7 8 9 70 122 123 \
124 157 158 16 17 18 137 138 171 28 29 152 42
190 180 149 26 105 129 188 163 0 40 49 120 143 144 193 175 2 3 55 63 64 135 15\
7 158 159 35 184 7 8 9 70 77 78 79 150 170 171 172 1 50 15 16 17 18 85 91 92 9\
3 94 164 181 182 5 6 65 27 28 29 30 100 106 107 108 109 176 189 12 13 14 80 41\
 42 43 44 115 121 122 123 124 185 22 23 24 25 95 56 57 58 59 130 136 137 138 1\
39 191 36 37 38 39 110 71 72 73 74 145 151 152 153 154 194 51 52 53 54 125 86 \
87 88 89 160 165 166 167 168 45 66 67 68 69 140 101 102 103 104 173 177 178 17\
9 4 60 81 82 83 84 155 116 117 118 119 183 186 187 10 11 75 96 97 98 99 169 13\
1 132 133 134 192 19 20 21 90 111 112 113 114 146 147 148 31 32 33 34 126 127 \
128 161 162 46 47 48 141 142 174 61 62 156 76
191 130 154 194 155 74 145 167 168 45 99 169 88 89 160 178 179 4 60 113 114 18\
0 102 103 104 173 186 187 10 11 75 127 128 129 188 116 117 118 119 183 192 19 \
20 21 90 141 142 143 144 193 131 132 133 134 190 31 32 33 34 105 156 157 158 1\
59 35 146 147 148 149 26 46 47 48 49 120 170 171 172 1 50 161 162 163 0 40 61 \
62 63 64 135 181 182 5 6 65 174 175 2 3 55 76 77 78 79 150 189 12 13 14 80 184\
 7 8 9 70 91 92 93 94 164 22 23 24 25 95 15 16 17 18 85 106 107 108 109 176 36\
 37 38 39 110 27 28 29 30 100 121 122 123 124 185 51 52 53 54 125 41 42 43 44 \
115 136 137 138 139 66 67 68 69 140 56 57 58 59 151 152 153 81 82 83 84 71 72 \
73 165 166 96 97 98 86 87 177 111 112 101 126
192 161 194 31 81 173 174 168 45 46 95 96 119 183 184 179 4 60 61 39 110 111 1\
33 134 190 15 187 10 11 75 76 53 54 125 126 147 148 149 26 27 19 20 21 90 91 6\
7 68 69 140 141 162 163 0 40 41 32 33 34 105 106 82 83 84 155 156 175 2 3 55 5\
6 47 48 49 120 121 97 98 99 169 170 7 8 9 70 71 62 63 64 135 136 112 113 114 1\
80 181 16 17 18 85 86 77 78 79 150 151 127 128 129 188 189 28 29 30 100 101 92\
 93 94 164 165 142 143 144 193 22 42 43 44 115 116 107 108 109 176 177 157 158\
 159 35 36 57 58 59 130 131 122 123 124 185 186 171 172 1 50 51 72 73 74 145 1\
46 137 138 139 191 182 5 6 65 66 87 88 89 160 152 153 154 12 13 14 80 102 103 \
104 166 167 23 24 25 117 118 178 37 38 132 52
193 185 159 35 85 139 191 172 1 50 30 100 153 154 194 182 5 6 65 43 44 115 166\
 167 168 45 189 12 13 14 80 57 58 59 130 177 178 179 4 60 22 23 24 25 95 71 72\
 73 74 145 186 187 10 11 75 36 37 38 39 110 86 87 88 89 160 192 19 20 21 90 51\
 52 53 54 125 101 102 103 104 173 31 32 33 34 105 66 67 68 69 140 116 117 118 \
119 183 46 47 48 49 120 81 82 83 84 155 131 132 133 134 190 61 62 63 64 135 96\
 97 98 99 169 146 147 148 149 26 76 77 78 79 150 111 112 113 114 180 161 162 1\
63 0 40 91 92 93 94 164 126 127 128 129 188 174 175 2 3 55 106 107 108 109 176\
 141 142 143 144 184 7 8 9 70 121 122 123 124 156 157 158 15 16 17 18 136 137 \
138 170 171 27 28 29 151 152 181 41 42 165 56
194 173 168 45 95 119 183 179 4 60 39 110 133 134 190 187 10 11 75 53 54 125 1\
47 148 149 26 192 19 20 21 90 67 68 69 140 161 162 163 0 40 31 32 33 34 105 81\
 82 83 84 155 174 175 2 3 55 46 47 48 49 120 96 97 98 99 169 184 7 8 9 70 61 6\
2 63 64 135 111 112 113 114 180 15 16 17 18 85 76 77 78 79 150 126 127 128 129\
 188 27 28 29 30 100 91 92 93 94 164 141 142 143 144 193 41 42 43 44 115 106 1\
07 108 109 176 156 157 158 159 35 56 57 58 59 130 121 122 123 124 185 170 171 \
172 1 50 71 72 73 74 145 136 137 138 139 191 181 182 5 6 65 86 87 88 89 160 15\
1 152 153 154 189 12 13 14 80 101 102 103 104 165 166 167 22 23 24 25 116 117 \
118 177 178 36 37 38 131 132 186 51 52 146 66
