target,n,k,d,q,seconds,status,A_poly,B_poly
Z5xZ12,120,8,6,2.4,0.04,ok,x + x^3*y^2 + x^4*y^10,y^6 + y^10 + x^2*y^8
Z5xZ12,120,8,8,4.267,0.23,ok,x*y^4 + x^2*y^6 + x^3*y^10,y^2 + x*y^3 + x^4
Z5xZ12,120,8,6,2.4,0.04,ok,x^4 + x^4*y^10 + x^4*y^11,x*y^7 + x^2*y^11 + x^3*y^4
Z5xZ12,120,8,4,1.067,0.02,ok,y^4 + x^3*y + x^4*y^8,y^7 + x*y^3 + x^4*y^6
Z5xZ12,120,8,8,4.267,0.18,ok,y^3 + x^2*y + x^2*y^11,x*y + x^2*y^11 + x^3*y^3
Z5xZ12,120,8,8,4.267,0.18,ok,y^6 + x*y^4 + x^3*y^2,x*y + x*y^9 + x^3*y^11
Z5xZ12,120,8,8,4.267,0.21,ok,x^4*y + x^4*y^6 + x^4*y^8,y^6 + x^2*y^10 + x^3*y
Z5xZ12,120,8,8,4.267,0.19,ok,y^4 + x*y^11 + x^4*y^2,x*y + x^2*y + x^4*y^5
Z5xZ12,120,8,6,2.4,0.03,ok,x*y^9 + x^2*y^8 + x^3*y^6,x + x^3*y^5 + x^4*y^11
Z5xZ12,120,8,8,4.267,0.2,ok,x*y + x^3*y^8 + x^4*y^5,x*y^7 + x^2*y^4 + x^4*y^3
Z5xZ12,120,8,12,9.6,1.79,ok,x*y + x^3*y^2 + x^4*y^11,y^4 + x*y^3 + x^4
Z5xZ12,120,32,2,1.067,0.01,ok,y^3 + x*y^11 + x^2*y^3,y^4 + x^3*y^4 + x^4
Z5xZ12,120,8,4,1.067,0.03,ok,x + x*y^8 + x*y^10,y^3 + x^2*y^4 + x^4
Z5xZ12,120,8,2,0.267,0.01,ok,y^2 + x*y^3 + x^2*y^5,x*y^10 + x^2*y^11 + x^3*y
Z5xZ12,120,8,8,4.267,0.18,ok,x^2*y + x^3*y^8 + x^4*y^4,y^8 + x^3*y^2 + x^4*y^9
Z5xZ12,120,8,4,1.067,0.03,ok,x*y^7 + x*y^9 + x*y^11,y^10 + x*y^3 + x^2*y
Z5xZ12,120,8,4,1.067,0.04,ok,y^5 + x^2*y^7 + x^3*y^10,y^8 + x^2*y^10 + x^3*y^7
Z5xZ12,120,8,8,4.267,0.23,ok,x^2*y^11 + x^3*y^6 + x^4*y^11,x^2*y^9 + x^3*y^10 + x^4
Z5xZ12,120,8,8,4.267,0.19,ok,x^2*y + x^3*y^3 + x^4*y^4,x^2*y^8 + x^3*y^7 + x^4*y^11
Z5xZ12,120,8,8,4.267,0.33,ok,y^5 + x*y^3 + x^4*y^3,x*y^6 + x^2*y^11 + x^3*y^3
Z5xZ12,120,8,8,4.267,0.18,ok,x*y^3 + x^2*y^5 + x^3*y,y + y^3 + x*y^5
Z5xZ12,120,8,8,4.267,0.29,ok,y^4 + x*y + x^3*y^8,y^11 + x*y^5 + x^3*y^6
Z5xZ12,120,8,8,4.267,0.22,ok,x^2*y^9 + x^3*y + x^3*y^5,x^2*y^7 + x^3*y^11 + x^4*y^9
Z5xZ12,120,8,8,4.267,0.23,ok,x*y + x^2*y + x^4*y^8,1 + x^2*y^7 + x^4*y^3
Z5xZ12,120,8,8,4.267,0.32,ok,y^9 + x*y^2 + x^2*y^9,x*y^3 + x*y^10 + x*y^11
Z5xZ12,120,8,8,4.267,0.29,ok,y^2 + x^2*y^6 + x^3,y^8 + x^3*y^5 + x^4*y^3
Z5xZ12,120,8,8,4.267,0.25,ok,1 + y + y^5,y^2 + x^2*y^10 + x^3*y^4
Z5xZ12,120,8,2,0.267,0.01,ok,x*y^9 + x^3*y^11 + x^4*y^2,y^10 + x*y + x^3*y^8
Z5xZ12,120,20,4,2.667,0.05,ok,x*y + x*y^6 + x*y^8,x^3 + x^3*y^2 + x^3*y^10
Z5xZ12,120,8,4,1.067,0.02,ok,1 + x^2*y^2 + x^3*y^4,x*y^9 + x^2*y^5 + x^4*y^7
Z5xZ12,120,8,8,4.267,0.16,ok,x*y^10 + x^2*y^4 + x^4*y^11,x^4*y^3 + x^4*y^8 + x^4*y^10
Z5xZ12,120,8,8,4.267,0.32,ok,y + x*y^4 + x^3*y^6,x*y + x^2*y^7 + x^4
Z5xZ12,120,8,8,4.267,0.17,ok,x^4*y^5 + x^4*y^6 + x^4*y^7,y + x^2*y^9 + x^4*y
Z5xZ12,120,8,10,6.667,0.49,ok,y^8 + x*y^3 + x^2*y^5,y^9 + x + x^3*y^11
Z5xZ12,120,8,8,4.267,0.18,ok,x + x^2*y^8 + x^3,y^9 + x*y^2 + x^2*y^3
Z5xZ12,120,8,8,4.267,0.26,ok,x*y^7 + x^3*y^2 + x^4*y^5,y^2 + x^2*y^10 + x^4*y^2
Z5xZ12,120,8,8,4.267,0.22,ok,x + x*y^5 + x*y^7,y^3 + x*y^8 + x^2*y^9
Z5xZ12,120,8,8,4.267,0.27,ok,y^11 + x*y^8 + x^3,y^7 + x^2*y^3 + x^3
Z5xZ12,120,8,8,4.267,0.26,ok,x*y^8 + x^2*y^6 + x^3*y^11,y^4 + x*y^5 + x^2*y^7
Z5xZ12,120,8,8,4.267,0.21,ok,x^2*y^6 + x^3*y^11 + x^4*y^9,y^6 + x*y + x^4*y
Z5xZ12,120,8,8,4.267,0.22,ok,x*y^2 + x*y^4 + x^3*y^6,y^4 + x*y^2 + x*y^6
Z5xZ12,120,8,6,2.4,0.08,ok,x^3 + x^3*y^4 + x^4*y^2,x*y^3 + x^2*y^11 + x^4*y
Z5xZ12,120,8,8,4.267,0.2,ok,1 + x*y^2 + x^3*y^10,x^2*y^5 + x^4*y^3 + x^4*y^7
Z5xZ12,120,8,4,1.067,0.03,ok,x^2*y^7 + x^3*y^9 + x^4*y,y^10 + x^2*y^2 + x^4*y^7
Z5xZ12,120,16,4,2.133,0.03,ok,x^2*y^6 + x^2*y^8 + x^2*y^10,y^7 + x*y^11 + x^4*y^11
Z5xZ12,120,8,8,4.267,0.16,ok,x*y^7 + x*y^11 + x^3*y^9,y^6 + x*y^10 + x^3*y^2
Z5xZ12,120,8,8,4.267,0.16,ok,y^5 + x^4*y^7 + x^4*y^9,y^11 + x^3*y^9 + x^4*y
Z5xZ12,120,8,4,1.067,0.03,ok,y^11 + x*y^2 + x^3*y,y^11 + x*y^3 + x^2*y^5
Z5xZ12,120,8,8,4.267,0.22,ok,x*y^5 + x^2*y^2 + x^4*y^9,y^10 + x^2*y^3 + x^3*y^9
Z5xZ12,120,8,10,6.667,0.46,ok,x*y + x^2*y^4 + x^4*y^6,x^2*y^9 + x^3*y^4 + x^4*y^6
Z5xZ12,120,8,6,2.4,0.03,ok,x*y + x^2*y^9 + x^4*y^5,y + y^3 + x^4*y^11
Z5xZ12,120,8,6,2.4,0.05,ok,x + x*y^2 + x^3*y^10,y^3 + x^2*y^5 + x^2*y^7
Z5xZ12,120,8,10,6.667,0.49,ok,x*y^7 + x^2*y^10 + x^4*y^9,y^2 + x^3*y^11 + x^4
Z5xZ12,120,8,8,4.267,0.21,ok,x*y^2 + x^3*y^10 + x^4*y^4,y^7 + x^2*y^3 + x^3
Z5xZ12,120,8,8,4.267,0.2,ok,y^10 + x*y^3 + x^2*y^7,x*y^3 + x^3*y^2 + x^4*y^2
Z5xZ12,120,8,8,4.267,0.17,ok,x*y^4 + x^3*y^9 + x^4*y^9,y^4 + x^2*y^2 + x^4*y^10
Z5xZ12,120,8,4,1.067,0.02,ok,y^11 + x*y^4 + x^4*y^10,x*y^4 + x*y^6 + x*y^8
Z5xZ12,120,8,4,1.067,0.02,ok,x*y^10 + x^2*y^9 + x^3*y,y^5 + x^2*y + x^3*y^7
Z5xZ12,120,8,8,4.267,0.21,ok,y^2 + x^3*y^8 + x^4*y,y^2 + x*y + x^2*y^11
Z5xZ12,120,8,8,4.267,0.22,ok,x^2*y^9 + x^3*y^4 + x^4,x^2*y^4 + x^3*y^8 + x^4*y^10
Z5xZ12,120,8,8,4.267,0.35,ok,x^2*y^3 + x^3*y^7 + x^4,y^10 + x + x^4*y^6
Z5xZ12,120,8,8,4.267,0.29,ok,y^8 + x*y^8 + x^3*y^9,x*y^2 + x^3*y^7 + x^4*y^4
Z5xZ12,120,8,8,4.267,0.29,ok,y + x^3*y^10 + x^4*y^11,y^5 + x^2*y + x^4*y^5
Z5xZ12,120,8,4,1.067,0.04,ok,y^6 + y^8 + y^10,y^8 + x + x^3*y^4
Z5xZ12,120,8,8,4.267,0.23,ok,y + x*y^8 + x^4*y^11,y^11 + x*y + x^2*y^11
Z5xZ12,120,8,8,4.267,0.23,ok,x*y^2 + x^2*y^2 + x^4*y^4,y^8 + x*y^5 + x^3*y
Z5xZ12,120,8,4,1.067,0.02,ok,x*y^3 + x*y^11 + x^4*y,x*y^7 + x*y^9 + x^4*y^11
Z5xZ12,120,8,8,4.267,0.2,ok,y^8 + x*y^2 + x^3,y + x^2*y^6 + x^3*y^3
Z5xZ12,120,8,8,4.267,0.21,ok,1 + x*y^3 + x^3*y,x*y^9 + x^2*y^6 + x^4*y^7
Z5xZ12,120,8,8,4.267,0.19,ok,x^2*y + x^3*y^3 + x^4*y,x^2 + x^3*y^5 + x^4
Z5xZ12,120,8,8,4.267,0.18,ok,y^3 + x^2*y^4 + x^3*y^7,x*y^5 + x^2*y^8 + x^4*y^7
Z5xZ12,120,8,6,2.4,0.03,ok,y^3 + x^2*y^7 + x^3*y^11,x*y^11 + x^3*y + x^4*y^9
Z5xZ12,120,8,8,4.267,0.24,ok,x + x^3*y^4 + x^4*y^7,x*y^9 + x^3*y^4 + x^4*y^10
Z5xZ12,120,8,8,4.267,0.31,ok,y^4 + x^3*y^4 + x^4*y^3,y^5 + y^9 + y^10
Z5xZ12,120,8,6,2.4,0.03,ok,y^6 + x^2*y^4 + x^4*y^8,y^7 + x^3*y^11 + x^4*y^9
Z5xZ12,120,8,8,4.267,0.3,ok,y^11 + x^3*y^11 + x^4,y^10 + x*y^9 + x^4*y^6
Z5xZ12,120,8,2,0.267,0.01,ok,x^4*y + x^4*y^5 + x^4*y^9,y^2 + x^2 + x^4*y^5
Z5xZ12,120,8,8,4.267,0.27,ok,1 + x*y^9 + x^3*y^2,y^8 + x^2*y^10 + x^4*y^8
Z5xZ12,120,8,6,2.4,0.09,ok,y^6 + y^10 + x*y^8,y^8 + x*y^4 + x^2*y^6
Z5xZ12,120,8,8,4.267,0.2,ok,1 + x^3*y^3 + x^4*y^7,x*y^4 + x^2*y^8 + x^3*y^4
Z5xZ12,120,20,2,0.667,0.01,ok,x^2*y + x^2*y^6 + x^2*y^11,y^2 + y^7 + y^9
Z5xZ12,120,8,4,1.067,0.03,ok,y^4 + x*y^2 + x^4*y^6,x*y^11 + x^2*y + x^3*y^3
Z5xZ12,120,8,8,4.267,0.26,ok,x^3*y^4 + x^3*y^5 + x^3*y^9,x*y^2 + x^3 + x^4
Z5xZ12,120,8,8,4.267,0.27,ok,y^7 + x*y^2 + x^2*y,x*y^5 + x^3*y^3 + x^4
Z5xZ12,120,8,8,4.267,0.28,ok,1 + x^2*y^7 + x^3*y^7,x^2*y^2 + x^3 + x^4*y^11
Z5xZ12,120,8,8,4.267,0.22,ok,x^3*y^4 + x^3*y^9 + x^3*y^11,y^9 + x^2*y^2 + x^3*y^11
Z5xZ12,120,8,8,4.267,0.2,ok,x*y^5 + x^3*y^4 + x^4*y^7,y^3 + x*y^8 + x^2*y^9
Z5xZ12,120,8,10,6.667,0.48,ok,x*y^9 + x^2*y^8 + x^3*y^3,y^11 + x^2*y^3 + x^4*y^8
Z5xZ12,120,8,8,4.267,0.23,ok,x*y^2 + x^2*y + x^3*y^8,1 + x*y^10 + x^4*y
Z5xZ12,120,8,8,4.267,0.27,ok,x*y + x^3*y^2 + x^4*y^5,x + x^3*y + x^4*y
Z5xZ12,120,8,8,4.267,0.43,ok,x^2*y^6 + x^3*y^5 + x^4*y^9,y^5 + x*y^4 + x^2*y^5
Z5xZ12,120,16,4,2.133,0.02,ok,x^2*y + x^4*y^5 + x^4*y^9,x^2*y + x^2*y^5 + x^4*y^9
Z5xZ12,120,8,8,4.267,0.2,ok,x^2*y + x^3*y^8 + x^4*y,x*y^11 + x^2*y^5 + x^4*y
Z5xZ12,120,8,4,1.067,0.03,ok,x*y^8 + x^2 + x^3*y^11,x^4*y^4 + x^4*y^6 + x^4*y^8
Z5xZ12,120,8,8,4.267,0.22,ok,x^3*y^2 + x^3*y^7 + x^3*y^9,y^3 + x*y^4 + x^2*y^9
Z5xZ12,120,8,8,4.267,0.35,ok,x^2 + x^3*y + x^4*y^3,1 + x^2*y^11 + x^4*y^3
Z5xZ12,120,8,2,0.267,0.01,ok,x + x*y^4 + x^2*y^2,y^7 + y^11 + x*y^9
Z5xZ12,120,8,8,4.267,0.19,ok,y^5 + x^3*y^5 + x^4*y^7,y^3 + x^2*y^11 + x^3*y^2
Z5xZ12,120,8,4,1.067,0.03,ok,x*y^4 + x^2*y^6 + x^4*y^8,x*y^9 + x^3*y^11 + x^4*y^7
Z5xZ12,120,8,10,6.667,0.42,ok,x*y^6 + x^3*y^11 + x^4*y^11,x^2*y^8 + x^3*y^10 + x^4*y^5
Z5xZ12,120,8,8,4.267,0.27,ok,y^2 + x^2*y^3 + x^3*y^9,1 + x*y^9 + x^3*y^8
Z5xZ12,120,8,8,4.267,0.24,ok,y^2 + x*y^5 + x^3,y^7 + x*y^7 + x^3*y^5
Z5xZ12,120,8,10,6.667,0.47,ok,y^2 + x*y^11 + x^3*y^3,y^4 + x*y^9 + x^2*y^10
Z5xZ12,120,8,8,4.267,0.29,ok,x*y^6 + x^3*y^7 + x^4*y,x*y^10 + x^3*y^11 + x^4*y^8
Z5xZ12,120,32,2,1.067,0.01,ok,y^4 + x^2 + x^4*y^4,x*y^11 + x^2*y^11 + x^4*y^7
Z5xZ12,120,8,10,6.667,0.55,ok,y^6 + x*y^9 + x^3*y^11,y^6 + x*y + x^2*y^3
Z5xZ12,120,8,8,4.267,0.29,ok,x*y^8 + x^2*y^5 + x^4*y^6,x*y^5 + x^2*y^5 + x^4*y^3
Z5xZ12,120,8,8,4.267,0.17,ok,y^11 + x*y + x^4*y^10,x*y^8 + x^2*y^2 + x^4*y^7
Z5xZ12,120,8,8,4.267,0.28,ok,y^4 + y^8 + y^9,1 + x^2*y^5 + x^4*y^6
Z5xZ12,120,8,8,4.267,0.3,ok,y^11 + x*y^8 + x^3*y^7,y^5 + x^2*y^6 + x^3*y^3
Z5xZ12,120,8,4,1.067,0.02,ok,x*y^8 + x^3 + x^4*y^4,x^2*y^6 + x^3*y^2 + x^4*y^4
Z5xZ12,120,8,8,4.267,0.19,ok,y + y^3 + x*y^11,y^8 + x^3 + x^3*y^10
Z5xZ12,120,8,6,2.4,0.03,ok,y^3 + x^2*y^11 + x^4*y^7,y^10 + x*y^6 + x*y^8
Z5xZ12,120,8,8,4.267,0.29,ok,y^10 + x^2*y^3 + x^3*y^3,y^11 + x^2 + x^4*y^8
Z5xZ12,120,8,8,4.267,0.25,ok,x*y^10 + x^3*y^8 + x^4*y^2,y^3 + x*y^5 + x^4*y^8
Z5xZ12,120,8,8,4.267,0.21,ok,x*y^4 + x^2*y^10 + x^4*y^9,y^2 + x*y^10 + x^4*y^10
Z5xZ12,120,8,8,4.267,0.2,ok,x*y^2 + x^2 + x^4*y^4,1 + x^3*y^2 + x^3*y^4
Z5xZ12,120,8,8,4.267,0.26,ok,x*y + x^3 + x^4,x*y^5 + x^3*y^4 + x^4*y^7
Z5xZ12,120,8,8,4.267,0.29,ok,y + x*y^9 + x^4,1 + y + y^8
Z5xZ12,120,8,8,4.267,0.19,ok,y^9 + x^2*y^7 + x^4*y^3,y^6 + x*y^9 + x^3*y^7
Z5xZ12,120,8,8,4.267,0.19,ok,y^9 + x^2*y^5 + x^2*y^7,x + x^3*y^2 + x^4*y^10
Z5xZ12,120,8,2,0.267,0.01,ok,y^3 + x^2*y^7 + x^3*y^4,y^4 + x^2*y^3 + x^4*y^7
Z5xZ12,120,8,8,4.267,0.22,ok,x*y^10 + x^3*y^2 + x^4,x*y^10 + x^3*y^2 + x^3*y^6
Z5xZ12,120,8,8,4.267,0.23,ok,y^10 + x*y^5 + x^2*y^4,x*y^2 + x^2*y^2 + x^4*y^7
Z5xZ12,120,8,8,4.267,0.44,ok,x*y^2 + x^2*y^4 + x^3*y^5,x*y^9 + x^2*y^5 + x^3*y^9
Z5xZ12,120,8,8,4.267,0.2,ok,y + y^5 + x^4*y^3,y^7 + x^2*y^11 + x^3*y^9
Z5xZ12,120,8,8,4.267,0.26,ok,x*y^7 + x^3*y^5 + x^4*y^2,y^3 + x^2*y^10 + x^3*y^7
Z5xZ12,120,8,10,6.667,0.53,ok,y^7 + x^2*y^6 + x^4*y^4,x^2*y^2 + x^3*y^3 + x^4*y^2
Z5xZ12,120,8,8,4.267,0.3,ok,x*y^10 + x^2*y^9 + x^3*y^10,y^5 + x^2*y + x^3*y^10
Z5xZ12,120,8,4,1.067,0.03,ok,x^2*y + x^3*y^11 + x^4*y^4,1 + y^2 + y^4
Z5xZ12,120,8,10,6.667,0.5,ok,y + x*y^9 + x^2*y^10,y^7 + x*y^4 + x^3*y^2
Z5xZ12,120,16,4,2.133,0.02,ok,x^2*y^9 + x^3*y^11 + x^4*y^9,x^2*y^8 + x^3*y^4 + x^4*y^2
Z5xZ12,120,8,4,1.067,0.03,ok,x^3*y^6 + x^4*y^2 + x^4*y^4,y^2 + x + x*y^4
Z5xZ12,120,8,8,4.267,0.59,ok,y^8 + x^2 + x^3*y^3,x*y^6 + x^3*y^7 + x^4*y^7
Z5xZ12,120,8,8,4.267,0.2,ok,x*y^8 + x^2*y^10 + x^3*y^2,x^2*y^5 + x^2*y^6 + x^2*y^7
Z5xZ12,120,8,8,4.267,0.46,ok,x^2*y + x^2*y^2 + x^2*y^9,y^6 + x*y^3 + x^3*y^8
Z5xZ12,120,8,8,4.267,0.24,ok,y^11 + x*y^7 + x^2*y^5,x^2 + x^3*y^5 + x^4
Z5xZ12,120,8,10,6.667,0.54,ok,y^9 + x^2*y^5 + x^4,x^2*y^8 + x^3*y^3 + x^4*y^11
Z5xZ12,120,8,8,4.267,0.39,ok,x*y^8 + x^2*y^2 + x^4,y^9 + x*y^10 + x^4*y^4
Z5xZ12,120,8,6,2.4,0.03,ok,y^2 + x^2*y + x^4*y^8,y^3 + x^3 + x^4*y^10
Z5xZ12,120,8,8,4.267,0.21,ok,1 + x*y^8 + x^2*y^9,y^8 + x^2*y^6 + x^4*y^8
Z5xZ12,120,8,8,4.267,0.25,ok,y^3 + x^2*y^11 + x^3*y^8,x*y^3 + x^2*y^3 + x^4*y
Z5xZ12,120,8,8,4.267,0.24,ok,y + y^5 + y^6,y^8 + x*y^6 + x^2*y^2
Z5xZ12,120,8,8,4.267,0.26,ok,y^3 + x^2*y^8 + x^4*y^3,y + x*y^4 + x^3
Z5xZ12,120,8,4,1.067,0.04,ok,x^4 + x^4*y^2 + x^4*y^4,y^10 + x*y^11 + x^4*y^5
Z5xZ12,120,8,8,4.267,0.23,ok,x^3*y^5 + x^4*y + x^4*y^3,x*y + x*y^5 + x^3*y^3
Z5xZ12,120,8,6,2.4,0.03,ok,x*y^2 + x^2*y + x^3*y^8,y^6 + x^2*y^8 + x^3*y^11
Z5xZ12,120,8,10,6.667,0.48,ok,x^2*y + x^3 + x^4*y^7,x + x^3*y^5 + x^4*y^8
Z5xZ12,120,8,8,4.267,0.35,ok,1 + x^2*y^2 + x^3*y^8,y^4 + x^2*y^9 + x^3*y^3
Z5xZ12,120,8,4,1.067,0.02,ok,x^2*y^5 + x^4*y^7 + x^4*y^9,y^2 + y^6 + x^3*y^4
Z5xZ12,120,8,10,6.667,0.5,ok,x*y^10 + x^2*y^2 + x^3*y,x*y^4 + x^3*y^11 + x^4*y^5
Z5xZ12,120,8,8,4.267,0.45,ok,y^4 + x + x^4*y^3,x^4*y^6 + x^4*y^10 + x^4*y^11
Z5xZ12,120,8,8,4.267,0.49,ok,x^2*y + x^2*y^2 + x^2*y^9,y^5 + x*y^8 + x^3*y
Z5xZ12,120,8,8,4.267,0.3,ok,x*y^5 + x^2 + x^3*y^5,x^2 + x^3*y + x^4*y^9
Z5xZ12,120,8,8,4.267,0.23,ok,x^3 + x^3*y^10 + x^4*y^2,y^2 + y^10 + x^4*y^6
Z5xZ12,120,8,4,1.067,0.02,ok,x*y^9 + x^2*y^10 + x^3*y^3,1 + x^2*y^10 + x^3*y^10
Z5xZ12,120,8,8,4.267,0.26,ok,x^3*y^3 + x^3*y^10 + x^3*y^11,x^2*y^11 + x^3*y^3 + x^4*y^8
Z5xZ12,120,8,8,4.267,0.31,ok,y + x^2*y^2 + x^3*y^8,x*y^10 + x^3*y^5 + x^4*y^2
Z5xZ12,120,8,8,4.267,0.25,ok,y^3 + x^3*y^3 + x^4*y,y^8 + x^3*y^2 + x^4*y^3
Z5xZ12,120,8,8,4.267,0.19,ok,y^6 + x*y^7 + x^2*y^3,y^10 + x*y^9 + x^4*y^6
Z5xZ12,120,20,2,0.667,0.01,ok,x^2*y + x^2*y^5 + x^2*y^9,y^4 + y^5 + y^9
Z5xZ12,120,8,6,2.4,0.05,ok,x + x^2*y^10 + x^3*y^2,x*y + x*y^11 + x^4*y^9
Z5xZ12,120,8,8,4.267,0.2,ok,x^3*y^10 + x^4*y^2 + x^4*y^6,x*y^5 + x*y^7 + x^2*y^3
Z5xZ12,120,8,4,1.067,0.02,ok,y + x^2*y^3 + x^4*y^7,x*y^11 + x^2*y^6 + x^3*y^8
Z5xZ12,120,8,6,2.4,0.03,ok,y^3 + x^2*y + x^2*y^5,1 + y^4 + x^4*y^8
Z5xZ12,120,8,12,9.6,1.69,ok,y^7 + x*y^6 + x^2*y^10,x*y^5 + x^3*y^4 + x^4*y^4
Z5xZ12,120,8,2,0.267,0.01,ok,y^11 + x^2*y + x^3*y^9,1 + y^4 + y^8
Z5xZ12,120,8,8,4.267,0.24,ok,y^2 + x^2*y + x^4*y^5,y^10 + x + x^4*y^9
Z5xZ12,120,8,8,4.267,0.3,ok,y^3 + x^2*y^2 + x^3*y^2,x*y^11 + x^2*y^8 + x^4*y^3
Z5xZ12,120,8,4,1.067,0.04,ok,x*y^3 + x*y^5 + x*y^7,y^7 + x^3*y^10 + x^4*y^3
Z5xZ12,120,8,4,1.067,0.03,ok,x*y^3 + x^2*y + x^2*y^5,y^6 + y^8 + x^4*y^10
Z5xZ12,120,8,6,2.4,0.06,ok,x*y^2 + x^2*y^6 + x^4*y^4,y^9 + x^4*y^5 + x^4*y^7
Z5xZ12,120,8,8,4.267,0.23,ok,x^3 + x^3*y^10 + x^4*y^8,y + y^11 + x^3*y^9
Z5xZ12,120,8,8,4.267,0.23,ok,x*y^7 + x^2*y^3 + x^2*y^11,x^2*y^11 + x^3*y^3 + x^4*y
Z5xZ12,120,8,8,4.267,0.2,ok,y^10 + x*y^5 + x^2*y^10,y^11 + x*y^5 + x^3*y
Z5xZ12,120,8,8,4.267,0.25,ok,x*y^5 + x^2*y^2 + x^4*y^4,x*y + x^3*y^8 + x^4*y^8
Z5xZ12,120,8,8,4.267,0.18,ok,1 + x*y^8 + x^4*y^10,y^6 + x^2*y^10 + x^3*y^8
Z5xZ12,120,8,8,4.267,0.27,ok,x*y^8 + x^3*y^10 + x^4*y^10,x + x*y^7 + x*y^8
Z5xZ12,120,8,8,4.267,0.33,ok,y^2 + x^2*y^3 + x^4*y^5,y^2 + x*y^6 + x^4
Z5xZ12,120,8,4,1.067,0.03,ok,x*y^7 + x^2*y^3 + x^3*y^10,y^7 + x*y^8 + x^4*y^11
Z5xZ12,120,8,8,4.267,0.35,ok,y^8 + x*y + x^2*y^2,y^7 + x^2*y^3 + x^3*y^6
Z5xZ12,120,8,8,4.267,0.31,ok,x^2*y^9 + x^3*y^2 + x^4*y^3,x^2*y^9 + x^3*y^11 + x^4
Z5xZ12,120,8,8,4.267,0.21,ok,y^3 + x*y^8 + x^2*y^9,x*y^5 + x^3*y^4 + x^4*y^10
Z5xZ12,120,8,8,4.267,0.21,ok,x^2*y^7 + x^3*y^9 + x^3*y^11,x + x*y^8 + x^3*y^4
Z5xZ12,120,8,6,2.4,0.04,ok,x^3*y^6 + x^4*y^4 + x^4*y^8,y + x^2*y^11 + x^3*y^3
Z5xZ12,120,8,8,4.267,0.22,ok,y^10 + x^3*y^4 + x^4*y^6,y^3 + x*y^8 + x^2*y^6
Z5xZ12,120,8,8,4.267,0.22,ok,x*y^7 + x^2*y^6 + x^3*y,x^2*y + x^2*y^6 + x^2*y^8
Z5xZ12,120,8,4,1.067,0.03,ok,y^4 + x*y^9 + x^2*y^10,y^8 + x^2*y^10 + x^3*y^10
Z5xZ12,120,8,6,2.4,0.03,ok,y^2 + x^3*y^5 + x^4*y^6,x + x^2*y^3 + x^4*y^5
Z5xZ12,120,8,8,4.267,0.16,ok,x*y^10 + x^2*y^8 + x^3,y^7 + x*y^5 + x^3*y^3
Z5xZ12,120,16,2,0.533,0.01,ok,y^4 + x*y^2 + x^2*y^4,y^11 + x^3*y^11 + x^4*y^9
Z5xZ12,120,8,8,4.267,0.18,ok,y^7 + x*y + x^3*y^3,y^6 + x^2*y^11 + x^4*y^6
Z5xZ12,120,8,8,4.267,0.33,ok,y^7 + x^2 + x^4*y^10,x*y^6 + x^3*y^4 + x^4*y^10
Z5xZ12,120,8,6,2.4,0.07,ok,y^4 + x*y^3 + x^2*y^4,x^2 + x^2*y^10 + x^2*y^11
Z5xZ12,120,8,8,4.267,0.28,ok,y^11 + x^2*y^3 + x^3*y^3,y^5 + x*y^3 + x^2*y^2
Z5xZ12,120,8,8,4.267,0.18,ok,x + x^3*y^11 + x^4*y^2,x^3*y^2 + x^3*y^3 + x^3*y^7
Z5xZ12,120,8,4,1.067,0.03,ok,x*y^2 + x^3*y^4 + x^3*y^6,y^4 + y^8 + x^3
Z5xZ12,120,8,8,4.267,0.25,ok,x*y^3 + x^2 + x^4*y^11,x*y + x^2*y + x^4*y^9
Z5xZ12,120,8,8,4.267,0.53,ok,x^2*y^6 + x^3*y^2 + x^4*y^3,x*y^11 + x^2*y^10 + x^3*y^5
Z5xZ12,120,8,8,4.267,0.21,ok,x^2*y^5 + x^3 + x^4*y^2,y^2 + x*y^8 + x^3*y^4
Z5xZ12,120,8,4,1.067,0.02,ok,y^2 + x^2*y^6 + x^4*y^10,x*y^9 + x^2*y^7 + x^4*y^11
Z5xZ12,120,16,4,2.133,0.03,ok,y^4 + x^4 + x^4*y^8,y^6 + x^2*y^2 + x^2*y^10
Z5xZ12,120,16,4,2.133,0.03,ok,x*y^6 + x^3*y^4 + x^4*y^4,y^5 + x*y^3 + x^2*y^5
Z5xZ12,120,8,8,4.267,0.23,ok,x*y^3 + x*y^7 + x^3*y^5,x^2*y^4 + x^3 + x^4*y^2
Z5xZ12,120,8,4,1.067,0.04,ok,y^5 + x*y^4 + x^2*y^11,x*y^3 + x*y^5 + x*y^7
Z5xZ12,120,8,8,4.267,0.18,ok,x*y^4 + x^3 + x^3*y^8,y^2 + x*y^4 + x^2*y^6
Z5xZ12,120,8,8,4.267,0.35,ok,y^2 + x^2*y^4 + x^3*y,x*y^5 + x*y^9 + x*y^10
Z5xZ12,120,8,8,4.267,0.34,ok,x^4*y^2 + x^4*y^3 + x^4*y^10,x*y^9 + x^3*y^5 + x^4*y^2
Z5xZ12,120,8,6,2.4,0.04,ok,y^7 + x + x^2*y,x*y^4 + x^2*y + x^4*y^11
Z5xZ12,120,8,8,4.267,0.32,ok,y + x^2*y^6 + x^3*y^9,x^4*y^5 + x^4*y^9 + x^4*y^10
Z5xZ12,120,8,4,1.067,0.03,ok,y^7 + x*y + x^3*y^6,y^9 + x^2*y^8 + x^4*y^3
Z5xZ12,120,8,12,9.6,2.26,ok,x*y^2 + x^2*y^11 + x^4*y^10,x*y^10 + x^2*y^11 + x^3*y^10
Z5xZ12,120,8,8,4.267,0.22,ok,y^7 + x^2*y^2 + x^3*y^8,x*y^6 + x^3*y^10 + x^4*y^4
Z5xZ12,120,8,8,4.267,0.24,ok,1 + x*y^5 + x^2*y^3,x^2*y^5 + x^3*y^4 + x^4*y^5
Z5xZ12,120,8,8,4.267,0.31,ok,y^4 + x^3*y^4 + x^4*y^5,x*y^6 + x^3*y^4 + x^4*y
Z5xZ12,120,8,8,4.267,0.22,ok,y^6 + x^4*y^2 + x^4*y^10,y^2 + x^3*y^4 + x^4*y^6
Z5xZ12,120,8,8,4.267,0.21,ok,y^9 + y^10 + y^11,y + x^3*y + x^4*y^8
Z5xZ12,120,8,8,4.267,0.24,ok,y^6 + x^3*y^4 + x^4*y^2,y^6 + x*y^8 + x^2*y^10
Z5xZ12,120,8,8,4.267,0.21,ok,y + x*y^9 + x^2*y^5,x*y^9 + x^3*y^7 + x^4*y^5
Z5xZ12,120,8,8,4.267,0.24,ok,y^6 + x^3*y^9 + x^4*y^8,x^3*y^2 + x^3*y^4 + x^3*y^9
Z5xZ12,120,8,6,2.4,0.05,ok,x*y^9 + x^3*y^11 + x^4*y^2,x^2*y^9 + x^3*y^5 + x^4*y^6
Z5xZ12,120,8,4,1.067,0.03,ok,x*y^11 + x^2*y^5 + x^4*y^10,x*y^4 + x*y^6 + x*y^8
Z5xZ12,120,16,4,2.133,0.02,ok,y^3 + x^2*y + x^4*y^9,y^2 + x*y^2 + x^3*y^6
Z5xZ12,120,8,8,4.267,0.23,ok,y^3 + x*y^9 + x^3*y^8,x^2*y^2 + x^3*y^6 + x^4*y^2
Z5xZ12,120,8,6,2.4,0.06,ok,x^3*y^3 + x^3*y^11 + x^4*y,x*y^11 + x^2*y^3 + x^4*y
Z5xZ12,120,8,10,6.667,0.51,ok,x*y^11 + x^3 + x^4,y^5 + x*y^3 + x^2*y^2
Z5xZ12,120,8,4,1.067,0.03,ok,x^2*y^7 + x^2*y^9 + x^2*y^11,x*y + x^4*y^9 + x^4*y^11
Z5xZ12,120,8,8,4.267,0.42,ok,x^3*y + x^3*y^2 + x^3*y^9,y^2 + x*y^9 + x^4*y^9
Z5xZ12,120,8,8,4.267,0.17,ok,y^7 + x^2*y^9 + x^4*y^5,x^3*y^2 + x^3*y^6 + x^4*y^4
Z5xZ12,120,8,4,1.067,0.02,ok,y^7 + x^2*y^3 + x^4*y^5,y^11 + x^3*y^7 + x^4*y^3
Z5xZ12,120,8,8,4.267,0.24,ok,y^3 + x*y^2 + x^4*y^5,y^5 + x*y + x^4*y^4
Z5xZ12,120,8,8,4.267,0.18,ok,x^2*y + x^2*y^5 + x^3*y^9,x*y^2 + x^2*y^6 + x^4*y^4
Z5xZ12,120,8,8,4.267,0.27,ok,y^7 + x^3*y + x^4*y^2,x^2*y^3 + x^3*y^4 + x^4
Z5xZ12,120,8,10,6.667,0.56,ok,y^3 + x*y^4 + x^4*y^10,y^8 + x^2*y^7 + x^3*y^4
Z5xZ12,120,8,2,0.267,0.01,ok,y^5 + x*y^7 + x^2*y^9,x^2*y^2 + x^2*y^6 + x^2*y^10
Z5xZ12,120,8,6,2.4,0.05,ok,y^10 + x^3 + x^3*y^2,y^7 + x*y^3 + x^3*y^11
Z5xZ12,120,8,8,4.267,0.26,ok,y^4 + y^8 + x*y^6,y^6 + x^2*y^10 + x^4*y^8
Z5xZ12,120,16,6,4.8,0.03,ok,x*y^2 + x^3*y^10 + x^4*y^4,x*y^7 + x^2*y^9 + x^3*y
Z5xZ12,120,8,8,4.267,0.26,ok,1 + x^2*y^8 + x^3*y^8,x^3*y^4 + x^3*y^6 + x^3*y^11
Z5xZ12,120,8,8,4.267,0.14,ok,x*y^7 + x^3*y^3 + x^4,x^3*y^2 + x^3*y^4 + x^3*y^9
Z5xZ12,120,8,8,4.267,0.43,ok,x*y^9 + x^2*y^8 + x^3*y^6,y^3 + x*y^7 + x^4*y
Z5xZ12,120,8,6,2.4,0.03,ok,y^4 + x*y^6 + x^3*y^8,x*y^10 + x^2*y^6 + x^2*y^8
Z5xZ12,120,8,10,6.667,0.67,ok,y^8 + x*y^7 + x^2*y^5,x*y + x^2*y^4 + x^4*y^11
Z5xZ12,120,8,8,4.267,0.19,ok,y^5 + x^2*y^3 + x^4*y^2,x + x*y^7 + x*y^11
Z5xZ12,120,8,8,4.267,0.22,ok,y^3 + x*y^9 + x^3*y^5,y^6 + x*y^2 + x^4*y^5
Z5xZ12,120,16,4,2.133,0.02,ok,x^2*y^2 + x^3*y^6 + x^4*y^2,y^7 + x*y + x^3*y^9
Z5xZ12,120,8,8,4.267,0.24,ok,y^3 + x^2*y^5 + x^4*y,y^3 + y^7 + x^2*y^5
Z5xZ12,120,8,8,4.267,0.24,ok,y^10 + x^2*y^9 + x^3*y^6,y^9 + x*y^3 + x^3*y^7
Z5xZ12,120,8,8,4.267,0.27,ok,x^2*y^9 + x^3*y^8 + x^4,x*y + x*y^2 + x*y^3
Z5xZ12,120,8,4,1.067,0.02,ok,y^2 + y^10 + x^2*y^6,x*y^7 + x^4*y^5 + x^4*y^9
Z5xZ12,120,8,8,4.267,0.18,ok,y^6 + x*y^9 + x^3*y^7,x*y^4 + x^2*y^3 + x^3*y^7
Z5xZ12,120,8,4,1.067,0.03,ok,y^3 + x^3*y^9 + x^4*y^2,x^2*y^9 + x^3*y^8 + x^4*y^3
Z5xZ12,120,8,12,9.6,2.09,ok,x*y^7 + x^2*y^10 + x^4*y^8,y^9 + x*y^5 + x^2*y^6
Z5xZ12,120,8,8,4.267,0.29,ok,y^7 + x^3*y^7 + x^4*y^8,x*y^6 + x^2*y^4 + x^3*y^6
Z5xZ12,120,8,8,4.267,0.26,ok,x*y^5 + x^2*y + x^3*y^8,y^11 + x^3*y^5 + x^4*y^4
Z5xZ12,120,16,4,2.133,0.03,ok,x*y^11 + x^2*y^7 + x^3*y^5,x^2*y^3 + x^3*y^11 + x^4*y^3
Z5xZ12,120,8,8,4.267,0.32,ok,x^3*y^6 + x^3*y^10 + x^3*y^11,x*y^10 + x^3*y^8 + x^4*y^5
Z5xZ12,120,8,4,1.067,0.04,ok,y^11 + x*y^7 + x^4*y^4,y^7 + x*y^8 + x^2*y^4
Z5xZ12,120,8,4,1.067,0.02,ok,x*y^2 + x^3*y^7 + x^4*y^7,y + y^9 + y^11
Z5xZ12,120,8,8,4.267,0.3,ok,x*y^4 + x^3 + x^4*y^3,x*y^9 + x^3*y^5 + x^4*y^11
Z5xZ12,120,16,4,2.133,0.02,ok,x*y^3 + x^3*y^7 + x^3*y^11,x^2*y + x^3*y^5 + x^3*y^9
Z5xZ12,120,8,8,4.267,0.24,ok,y^11 + x*y^4 + x^4*y,y^5 + x^3*y^11 + x^4*y^6
Z5xZ12,120,8,10,6.667,0.48,ok,x*y^9 + x^2*y^6 + x^4*y^5,x*y^7 + x^2*y^11 + x^3*y^10
Z5xZ12,120,8,6,2.4,0.04,ok,x*y^2 + x^2*y^4 + x^3*y^6,x*y^2 + x*y^4 + x^3*y^6
Z5xZ12,120,8,8,4.267,0.25,ok,y^9 + x*y^11 + x^2,x^4*y + x^4*y^6 + x^4*y^11
Z5xZ12,120,8,8,4.267,0.19,ok,y^10 + x^2*y^11 + x^4*y,y + x^2*y^6 + x^3*y^9
Z5xZ12,120,8,8,4.267,0.4,ok,x^2*y^4 + x^3*y^5 + x^4*y,y + x*y^5 + x^2*y
Z5xZ12,120,8,8,4.267,0.16,ok,x*y^4 + x^3*y^2 + x^4*y^5,x*y^3 + x*y^4 + x*y^11
Z5xZ12,120,8,8,4.267,0.32,ok,y^10 + x + x^4,y^11 + x^3*y^8 + x^4*y^3
Z5xZ12,120,8,8,4.267,0.31,ok,y^9 + x^2*y^8 + x^4,y^8 + x^2*y^4 + x^4*y^11
Z5xZ12,120,8,8,4.267,0.21,ok,x^3*y^5 + x^3*y^6 + x^3*y^10,y + x*y^2 + x^4*y^2
Z5xZ12,120,16,4,2.133,0.02,ok,y^11 + x^3*y^7 + x^4*y^3,x*y^3 + x^3*y^7 + x^4*y^11
Z5xZ12,120,8,8,4.267,0.24,ok,y^3 + x*y^11 + x^2*y^3,x^2*y^6 + x^3*y^2 + x^4*y^9
Z5xZ12,120,8,8,4.267,0.23,ok,x^2 + x^3*y^8 + x^3*y^10,y^9 + x*y^7 + x^2*y^11
Z5xZ12,120,8,8,4.267,0.22,ok,x*y^6 + x^2*y^6 + x^4*y^5,y^10 + x^3*y^4 + x^4*y^5
Z5xZ12,120,8,8,4.267,0.39,ok,y^4 + x*y^5 + x^4*y^8,y^3 + x^3*y^9 + x^4*y^8
Z5xZ12,120,8,4,1.067,0.02,ok,y^4 + x^2*y^6 + x^4*y^8,x^2 + x^2*y^10 + x^4*y^2
Z5xZ12,120,8,8,4.267,0.34,ok,1 + x^3*y^6 + x^4*y^2,1 + x*y^8 + x^2*y^9
Z5xZ12,120,8,6,2.4,0.05,ok,x*y^9 + x*y^11 + x^2*y^7,x*y^2 + x^2*y^10 + x^4*y^6
Z5xZ12,120,8,10,6.667,0.69,ok,x*y^7 + x^3*y^8 + x^4*y^5,x^2*y^5 + x^3*y^6 + x^4*y^5
Z5xZ12,120,8,8,4.267,0.18,ok,x^2*y^2 + x^3*y^4 + x^4*y^6,y + x^2*y^5 + x^2*y^9
Z5xZ12,120,8,8,4.267,0.19,ok,1 + x*y^4 + x^2,y^10 + x^2*y^5 + x^3*y^2
Z5xZ12,120,8,8,4.267,0.22,ok,x*y^6 + x^3*y^2 + x^4*y^5,x*y^9 + x^3*y^2 + x^4*y^8
Z5xZ12,120,8,6,2.4,0.05,ok,x^3 + x^4*y^2 + x^4*y^10,y^3 + x^3*y^7 + x^3*y^11
Z5xZ12,120,8,8,4.267,0.47,ok,y^2 + x*y^2 + x^3*y^3,y^6 + x^2*y^4 + x^4*y^9
Z5xZ12,120,8,10,6.667,0.53,ok,x*y^11 + x^2*y^2 + x^4,y^5 + x*y^7 + x^2*y^8
Z5xZ12,120,8,8,4.267,0.24,ok,x*y^5 + x^3*y + x^4*y^7,x*y^3 + x^2 + x^4*y
Z5xZ12,120,8,8,4.267,0.24,ok,y + x*y^5 + x^2*y^7,y^10 + x^2*y^6 + x^4*y^7
Z5xZ12,120,8,6,2.4,0.05,ok,x*y^4 + x^2*y^6 + x^2*y^8,y^2 + y^4 + x^2*y^6
Z5xZ12,120,8,8,4.267,0.24,ok,y^9 + x + x^3*y^7,x*y^3 + x*y^7 + x*y^8
Z5xZ12,120,32,2,1.067,0.01,ok,x*y^7 + x^2*y^3 + x^3*y^7,x + x*y^4 + x*y^8
Z5xZ12,120,8,8,4.267,0.31,ok,x^4*y + x^4*y^3 + x^4*y^8,y^6 + x*y^7 + x^4*y
Z5xZ12,120,8,8,4.267,0.19,ok,y^7 + x^2*y^5 + x^3*y^3,x*y^8 + x^4 + x^4*y^4
Z5xZ12,120,8,8,4.267,0.22,ok,y^4 + x*y^5 + x^4*y^8,y^9 + x*y^2 + x^2*y^3
Z5xZ12,120,8,8,4.267,0.33,ok,x*y^11 + x^2*y^9 + x^3*y^5,x + x^3*y + x^4*y
Z5xZ12,120,8,6,2.4,0.03,ok,x*y^9 + x^2 + x^4*y^4,x^4*y^8 + x^4*y^9 + x^4*y^10
Z5xZ12,120,8,4,1.067,0.02,ok,x^2 + x^3*y^4 + x^3*y^8,x*y + x*y^3 + x*y^5
Z5xZ12,120,8,8,4.267,0.21,ok,y + x^2*y^8 + x^3*y^8,y^11 + x^2*y^9 + x^3*y^6
Z5xZ12,120,8,6,2.4,0.04,ok,y^3 + x^2*y^11 + x^4*y^7,y + x^2*y^11 + x^4*y^9
Z5xZ12,120,8,8,4.267,0.29,ok,y^2 + x*y^9 + x^2*y^11,x^2*y^9 + x^3*y^7 + x^4*y^3
Z5xZ12,120,8,2,0.267,0.01,ok,y^4 + x*y^2 + x^4*y^6,y^2 + x + x^4*y^4
Z5xZ12,120,8,8,4.267,0.18,ok,y^8 + x + x^2*y^8,1 + x*y + x^2*y^6
Z5xZ12,120,8,10,6.667,0.45,ok,y + x*y^5 + x^4*y^8,1 + x^2*y + x^4*y^3
Z5xZ12,120,8,4,1.067,0.02,ok,y^6 + x^3*y^2 + x^3*y^10,y^2 + y^4 + x^2*y^6
Z5xZ12,120,8,8,4.267,0.26,ok,y^2 + x^2*y^10 + x^4*y^11,y^5 + x^3*y^8 + x^4*y^6
Z5xZ12,120,8,4,1.067,0.02,ok,x^2 + x^2*y^2 + x^2*y^4,y^2 + y^6 + x^4*y^4
Z5xZ12,120,8,4,1.067,0.02,ok,x^2*y^2 + x^2*y^4 + x^2*y^6,y^8 + x^2*y^3 + x^4*y^2
Z5xZ12,120,8,8,4.267,0.28,ok,y^8 + x^2*y^10 + x^3*y^4,x*y^3 + x^3*y^2 + x^4*y^11
Z5xZ12,120,8,8,4.267,0.3,ok,y^2 + x + x^4*y^3,y^10 + x*y^4 + x^3*y^8
Z5xZ12,120,8,8,4.267,0.31,ok,x^2*y^3 + x^3*y^10 + x^4*y^3,x*y^3 + x^3*y^4 + x^4*y^10
Z5xZ12,120,8,8,4.267,0.21,ok,y + x^3*y^7 + x^4*y^5,x^2*y^8 + x^2*y^9 + x^2*y^10
Z5xZ12,120,8,8,4.267,0.31,ok,y^6 + x*y^5 + x^2,y^2 + x^3*y^11 + x^4*y^4
Z5xZ12,120,8,8,4.267,0.22,ok,1 + x^2*y^2 + x^3*y^11,x*y^11 + x^3*y^10 + x^4*y^4
Z5xZ12,120,8,8,4.267,0.21,ok,y + y^3 + x^3*y^5,y^7 + x*y^5 + x*y^9
Z5xZ12,120,8,8,4.267,0.22,ok,y^7 + x*y^7 + x^3*y^5,y^10 + x*y + x^3*y^8
Z5xZ12,120,8,4,1.067,0.02,ok,1 + x^2*y + x^3*y,x*y^7 + x^3*y^2 + x^4*y^2
Z5xZ12,120,8,8,4.267,0.16,ok,y^2 + x^2*y + x^4*y^11,y^5 + y^6 + y^7
Z5xZ12,120,8,8,4.267,0.19,ok,y^11 + x^2*y^3 + x^3*y^6,y^9 + x^2*y^2 + x^4*y^9
Z5xZ12,120,8,6,2.4,0.05,ok,y^4 + x*y^2 + x^4*y^6,y + x*y^5 + x^3*y^9
Z5xZ12,120,8,4,1.067,0.02,ok,y^7 + x*y^7 + x^3*y^9,x^2*y + x^3*y^2 + x^4*y^7
Z5xZ12,120,8,8,4.267,0.23,ok,y^10 + x^3*y^2 + x^3*y^6,1 + x^2*y^4 + x^3*y^2
Z5xZ12,120,8,8,4.267,0.28,ok,x*y^7 + x^3*y^5 + x^4*y^11,y^10 + x^2*y^5 + x^3*y^5
Z5xZ12,120,8,10,6.667,0.59,ok,y^10 + x*y^5 + x^2*y,y^11 + x*y^5 + x^3*y^4
Z5xZ12,120,8,4,1.067,0.03,ok,y^2 + x*y^5 + x^3*y,y^9 + x^2*y^5 + x^4
Z5xZ12,120,8,6,2.4,0.04,ok,x^3*y^4 + x^3*y^8 + x^4*y^6,x^2*y + x^2*y^9 + x^4*y^11
Z5xZ12,120,8,4,1.067,0.03,ok,y^3 + x*y^8 + x^4*y^8,y^3 + x^2*y + x^3*y
Z5xZ12,120,8,2,0.267,0.01,ok,x^2*y^2 + x^2*y^6 + x^2*y^10,1 + y^2 + x^2*y^4
Z5xZ12,120,8,8,4.267,0.37,ok,y^6 + x^2*y^4 + x^4,y^3 + x^3*y^6 + x^4*y^2
Z5xZ12,120,8,8,4.267,0.25,ok,y^8 + x*y^6 + x^2*y^11,y^7 + x*y^8 + x^2*y
Z5xZ12,120,8,8,4.267,0.29,ok,y^5 + x*y^2 + x^3,x*y^8 + x^2*y^4 + x^3*y^2
Z5xZ12,120,8,8,4.267,0.17,ok,y^2 + x*y^4 + x*y^6,x*y + x*y^11 + x^4*y^9
Z5xZ12,120,8,8,4.267,0.29,ok,y^4 + x*y^2 + x*y^6,x^2 + x^2*y^10 + x^4*y^8
Z5xZ12,120,8,8,4.267,0.35,ok,x*y^5 + x^2*y^5 + x^4*y^3,y^11 + x^2*y^9 + x^4*y^2
Z5xZ12,120,16,2,0.533,0.01,ok,x^3*y^8 + x^4 + x^4*y^4,x*y^7 + x^2*y^3 + x^2*y^11
Z5xZ12,120,8,6,2.4,0.06,ok,x^3*y^5 + x^3*y^7 + x^4*y^9,y^2 + x^2 + x^3*y^10
Z5xZ12,120,8,10,6.667,0.47,ok,x^2*y^11 + x^3 + x^4*y^2,y^11 + x^2*y^9 + x^3*y^6
Z5xZ12,120,8,4,1.067,0.02,ok,1 + x^2*y + x^3*y^7,1 + x + x^3*y^5
Z5xZ12,120,8,4,1.067,0.02,ok,x*y^8 + x^3 + x^4*y^3,x + x^2*y^3 + x^4*y^2
Z5xZ12,120,16,4,2.133,0.03,ok,x*y^7 + x^2*y^7 + x^4*y^5,1 + y^8 + y^10
Z5xZ12,120,8,10,6.667,0.42,ok,y^11 + x^2 + x^4*y^8,x*y^10 + x^2 + x^3*y^7
Z5xZ12,120,8,8,4.267,0.46,ok,x*y^3 + x^3*y + x^4*y^10,x^4*y^4 + x^4*y^8 + x^4*y^9
Z5xZ12,120,8,8,4.267,0.26,ok,x*y^11 + x^2*y^2 + x^4*y^3,x*y^2 + x^3*y^10 + x^4*y^10
Z5xZ12,120,8,10,6.667,0.71,ok,y + x*y^11 + x^4*y^8,x*y^9 + x^2*y^6 + x^4*y^7
Z5xZ12,120,8,8,4.267,0.28,ok,x^2 + x^3*y^10 + x^4*y^3,y^4 + x*y^6 + x^4
Z5xZ12,120,8,6,2.4,0.04,ok,x*y^4 + x*y^9 + x*y^11,y^3 + x*y^6 + x^3*y^7
Z5xZ12,120,8,8,4.267,0.27,ok,x*y^4 + x^2*y^10 + x^4*y^9,x^4*y^4 + x^4*y^5 + x^4*y^9
Z5xZ12,120,8,6,2.4,0.03,ok,y^10 + x^2*y^2 + x^4,x*y^5 + x^3*y^7 + x^4*y^9
Z5xZ12,120,8,6,2.4,0.06,ok,x*y^8 + x^2*y^6 + x^4*y^10,x^3*y + x^3*y^11 + x^4*y^3
Z5xZ12,120,8,4,1.067,0.03,ok,x + x^2*y + x^3*y^3,x^2*y^3 + x^3*y^10 + x^4
Z5xZ12,120,8,8,4.267,0.26,ok,y^4 + x + x^4,y^9 + x^2*y^10 + x^3*y^7
Z5xZ12,120,8,8,4.267,0.22,ok,y^3 + x*y + x^3*y^5,x*y^4 + x*y^8 + x^2*y^6
Z5xZ12,120,8,8,4.267,0.17,ok,y^11 + x*y^4 + x^2*y^8,y^3 + x*y^5 + x^2*y^6
Z5xZ12,120,8,6,2.4,0.03,ok,1 + y^8 + x^4*y^10,y^8 + x*y^6 + x^4*y^10
Z5xZ12,120,8,8,4.267,0.2,ok,x + x^2*y^2 + x^3*y^10,y^8 + x^4*y^4 + x^4*y^6
Z5xZ12,120,8,2,0.267,0.01,ok,y^5 + x*y^10 + x^4*y^7,x^2*y^5 + x^3*y^3 + x^4*y^8
Z5xZ12,120,8,8,4.267,0.33,ok,x*y^8 + x^2*y^11 + x^4*y^9,y^7 + x*y^5 + x^4*y^11
Z5xZ12,120,8,8,4.267,0.19,ok,y^4 + x*y^4 + x^3,x^2 + x^3*y^7 + x^4*y^6
Z5xZ12,120,16,4,2.133,0.03,ok,y^3 + x^2*y^7 + x^2*y^11,x^3*y + x^4*y^5 + x^4*y^9
Z5xZ12,120,8,6,2.4,0.04,ok,x^3*y^11 + x^4*y^3 + x^4*y^7,x^2*y^9 + x^4*y^7 + x^4*y^11
Z5xZ12,120,8,6,2.4,0.03,ok,x*y^6 + x^2*y^2 + x^3*y^9,x*y^9 + x^3*y^11 + x^4*y^8
Z5xZ12,120,8,6,2.4,0.04,ok,x + x*y^5 + x*y^10,y^6 + x*y^11 + x^2*y^6
Z5xZ12,120,8,6,2.4,0.03,ok,x^2*y^2 + x^3*y^3 + x^4*y^8,x*y^6 + x^2*y^3 + x^4*y^5
Z5xZ12,120,8,8,4.267,0.2,ok,y^2 + x*y^10 + x^2*y^2,y^2 + x*y^6 + x^4*y^9
Z5xZ12,120,8,4,1.067,0.02,ok,x^2 + x^2*y^8 + x^4*y^4,x*y^6 + x^4*y^2 + x^4*y^4
Z5xZ12,120,8,10,6.667,0.4,ok,y^6 + x^2*y^8 + x^4*y^3,y^9 + x^3*y^6 + x^4*y^7
Z5xZ12,120,8,6,2.4,0.04,ok,x*y^10 + x^3*y^5 + x^4*y^2,x^2*y + x^2*y^2 + x^2*y^3
Z5xZ12,120,8,2,0.267,0.01,ok,y^8 + x*y^9 + x^4*y^6,x^2*y^6 + x^3*y^8 + x^4*y^9
Z5xZ12,120,8,8,4.267,0.28,ok,y^3 + y^7 + y^8,y^9 + x*y^4 + x^4*y^7
Z5xZ12,120,8,8,4.267,0.38,ok,x*y^3 + x^3*y + x^4*y^7,y + y^2 + y^6
Z5xZ12,120,8,8,4.267,0.39,ok,y^9 + x^2*y^7 + x^4*y^6,x^2*y^6 + x^3*y^5 + x^4*y^9
Z5xZ12,120,8,12,9.6,2.13,ok,x^2*y^6 + x^3*y^11 + x^4*y^6,x*y^4 + x^2*y + x^4*y^8
Z5xZ12,120,8,8,4.267,0.3,ok,y^10 + x*y^4 + x^3*y^9,x*y^7 + x*y^8 + x*y^9
Z5xZ12,120,8,4,1.067,0.03,ok,1 + y^8 + y^10,y + x^4*y^5 + x^4*y^9
Z5xZ12,120,8,4,1.067,0.04,ok,y^5 + x*y^2 + x^3*y^3,x^2*y^7 + x^2*y^9 + x^2*y^11
Z5xZ12,120,8,8,4.267,0.21,ok,x*y^11 + x^2*y^8 + x^4*y^9,x*y^6 + x^2*y^9 + x^4*y
Z5xZ12,120,8,8,4.267,0.27,ok,y^11 + x^2 + x^3*y^6,y^8 + x*y^2 + x^3*y^4
Z5xZ12,120,8,8,4.267,0.18,ok,y + x*y^10 + x^3*y^6,1 + x*y^11 + x^4*y^5
Z5xZ12,120,8,8,4.267,0.2,ok,x*y^9 + x^2*y^4 + x^3*y^6,x^4*y + x^4*y^6 + x^4*y^8
Z5xZ12,120,8,4,1.067,0.04,ok,x^2*y^6 + x^3*y^11 + x^4,x*y^3 + x^3*y^5 + x^4*y^5
Z5xZ12,120,16,4,2.133,0.03,ok,y^2 + x*y^2 + x^3*y^4,y^3 + x^2*y^7 + x^3*y
Z5xZ12,120,8,8,4.267,0.18,ok,y^9 + x^3*y^5 + x^4*y,x*y^8 + x^2*y^6 + x^4*y^4
Z5xZ12,120,8,8,4.267,0.17,ok,y^9 + x^3 + x^4*y^11,x*y^9 + x*y^10 + x*y^11
Z5xZ12,120,8,6,2.4,0.05,ok,x*y^9 + x^2*y^4 + x^3*y^3,y^4 + x*y^7 + x^3*y^9
Z5xZ12,120,8,10,6.667,0.52,ok,y^2 + x^3*y^11 + x^4*y^3,y^6 + x*y^9 + x^3*y^2
Z5xZ12,120,8,8,4.267,0.25,ok,x*y^4 + x*y^6 + x*y^11,x*y^9 + x^2*y^11 + x^3*y^9
Z5xZ12,120,8,8,4.267,0.24,ok,y^4 + x*y^2 + x^4,x^2*y^2 + x^3*y^6 + x^3*y^10
Z5xZ12,120,8,10,6.667,0.58,ok,y^4 + x^2*y^9 + x^4*y,y^3 + x*y^11 + x^4*y^8
Z5xZ12,120,16,4,2.133,0.03,ok,x*y^2 + x^2*y^6 + x^3*y^2,x*y^6 + x^2 + x^4*y^2
Z5xZ12,120,8,8,4.267,0.26,ok,x*y^6 + x^2*y^3 + x^4*y^5,y^3 + x*y^10 + x^2*y^9
Z5xZ12,120,8,8,4.267,0.26,ok,y^7 + x*y^9 + x^2*y^4,y^6 + x*y^10 + x^4*y^7
Z5xZ12,120,8,8,4.267,0.24,ok,y^6 + y^10 + x^4*y^2,1 + x^3*y^8 + x^4*y^10
Z5xZ12,120,8,8,4.267,0.27,ok,y + x^2*y^6 + x^3*y^9,y^11 + x*y^3 + x^4*y^3
Z5xZ12,120,8,8,4.267,0.16,ok,y^8 + x*y^10 + x^2,x*y^6 + x^2*y^10 + x^3*y^8
Z5xZ12,120,8,8,4.267,0.23,ok,y^10 + x^3*y + x^4*y^6,y^4 + x^3*y^4 + x^4*y^6
Z5xZ12,120,8,4,1.067,0.04,ok,y^5 + x^2 + x^4*y^11,x^3*y^4 + x^3*y^6 + x^3*y^8
Z5xZ12,120,8,4,1.067,0.04,ok,x*y^4 + x^2*y^6 + x^3*y^2,x^2*y + x^2*y^3 + x^2*y^5
Z5xZ12,120,8,8,4.267,0.24,ok,y^6 + x^2*y^11 + x^3*y^5,x*y^4 + x^2*y^7 + x^4*y^11
Z5xZ12,120,8,8,4.267,0.21,ok,x^2*y^3 + x^3*y^4 + x^4,x^2*y^7 + x^3*y^8 + x^4*y
Z5xZ12,120,8,8,4.267,0.37,ok,x*y^4 + x^2*y^9 + x^3*y,x^4 + x^4*y^4 + x^4*y^11
Z5xZ12,120,8,8,4.267,0.26,ok,x^2*y^9 + x^3*y^5 + x^4*y^3,y + x^2*y^5 + x^4*y^4
Z5xZ12,120,8,10,6.667,0.4,ok,x*y^7 + x^2*y^4 + x^4*y^11,x^2*y + x^3*y^6 + x^4*y^7
Z5xZ12,120,8,4,1.067,0.02,ok,x + x^2*y^2 + x^3*y^9,x^2*y^7 + x^2*y^9 + x^2*y^11
Z5xZ12,120,8,10,6.667,0.49,ok,x*y^10 + x^3*y^9 + x^4*y^6,x^2*y^10 + x^3*y^3 + x^4*y^4
Z5xZ12,120,8,6,2.4,0.04,ok,x*y + x*y^5 + x^4*y^3,y^8 + x*y^10 + x^2
Z5xZ12,120,8,8,4.267,0.2,ok,y + x^2*y^11 + x^3*y^8,y^7 + x*y^7 + x^3*y^9
Z5xZ12,120,8,8,4.267,0.23,ok,x*y^11 + x^3*y^9 + x^4*y^7,y^3 + y^7 + x^3*y^5
Z5xZ12,120,8,8,4.267,0.22,ok,y^4 + x^3*y + x^4*y^11,x*y^6 + x^3*y^10 + x^4*y^4
Z5xZ12,120,8,8,4.267,0.28,ok,y^11 + x^2*y^10 + x^4*y^2,y + x*y^10 + x^3*y^6
Z5xZ12,120,8,8,4.267,0.35,ok,y^7 + x^2*y^6 + x^3,1 + x*y + x^4*y
Z5xZ12,120,8,8,4.267,0.26,ok,x^2*y^11 + x^3*y^7 + x^4*y^2,x^3*y^2 + x^3*y^7 + x^3*y^9
Z5xZ12,120,8,8,4.267,0.2,ok,x^2 + x^2*y^8 + x^3*y^10,y + x*y^9 + x^2*y^5
Z5xZ12,120,8,8,4.267,0.34,ok,y^9 + x*y^7 + x^2*y^3,y^9 + x^3 + x^4*y^7
Z5xZ12,120,8,8,4.267,0.2,ok,x*y^2 + x^3*y^4 + x^3*y^6,x*y^7 + x^2*y^3 + x^4*y^11
Z5xZ12,120,8,8,4.267,0.33,ok,y^10 + x^2*y^8 + x^4*y^4,x*y^5 + x^3*y^7 + x^4*y^10
Z5xZ12,120,8,8,4.267,0.31,ok,y^2 + x^2*y^9 + x^3*y^3,1 + x*y^3 + x^3*y^5
Z5xZ12,120,8,6,2.4,0.04,ok,x*y^8 + x*y^10 + x^4,x^3 + x^3*y^2 + x^4*y^10
Z5xZ12,120,8,8,4.267,0.21,ok,y^11 + x*y^3 + x^3*y,y^3 + x*y^7 + x*y^11
Z5xZ12,120,8,8,4.267,0.26,ok,y^7 + x^2*y^5 + x^3*y^11,x^2*y^9 + x^3*y^10 + x^4*y^3
Z5xZ12,120,8,8,4.267,0.24,ok,y^2 + y^10 + x,x*y^6 + x^3*y^4 + x^4*y^2
Z5xZ12,120,8,8,4.267,0.19,ok,y^8 + x + x^4*y^10,x*y^11 + x^3*y + x^3*y^9
Z5xZ12,120,8,8,4.267,0.21,ok,y^9 + x^3*y^9 + x^4*y^7,y^4 + x*y^9 + x^4
Z5xZ12,120,8,4,1.067,0.03,ok,y^4 + x*y^5 + x^2*y^4,y + x*y + x^3
Z5xZ12,120,8,6,2.4,0.03,ok,x*y^5 + x^4*y^3 + x^4*y^7,y^8 + x + x^4*y^4
Z5xZ12,120,8,8,4.267,0.19,ok,1 + x*y^6 + x^3*y^11,y^8 + x*y^9 + x^2*y^8
Z5xZ12,120,8,10,6.667,0.41,ok,x*y^2 + x^2*y^5 + x^4,x^2*y^9 + x^3*y^2 + x^4
Z5xZ12,120,8,8,4.267,0.2,ok,y^3 + x^3*y + x^3*y^5,y^5 + x*y^3 + x^2*y^7
Z5xZ12,120,8,6,2.4,0.04,ok,y^3 + x*y^4 + x^2,x*y^11 + x^3*y^6 + x^4*y^9
Z5xZ12,120,8,8,4.267,0.19,ok,y + x*y^6 + x^4*y^9,y^2 + x^3*y^11 + x^4
Z5xZ12,120,8,8,4.267,0.17,ok,y^6 + x^2*y^2 + x^3*y^4,1 + x*y^4 + x^3*y^2
Z5xZ12,120,8,8,4.267,0.23,ok,y^2 + y^6 + x*y^4,x*y^3 + x^2*y + x^2*y^11
Z5xZ12,120,8,8,4.267,0.59,ok,y^3 + x^3 + x^4*y^11,x*y^5 + x^2*y^7 + x^3*y^5
Z5xZ12,120,16,6,4.8,0.06,ok,x^2*y + x^3*y^11 + x^4*y,y^2 + x^2*y^6 + x^3
Z5xZ12,120,8,8,4.267,0.24,ok,y^6 + x^2*y^11 + x^3*y^5,x^2*y^8 + x^3*y^7 + x^4*y^11
Z5xZ12,120,8,2,0.267,0.01,ok,y^2 + x^3*y^5 + x^4*y^4,y^8 + x*y^7 + x^2*y^5
Z5xZ12,120,8,8,4.267,0.22,ok,y^11 + x^2*y^7 + x^3*y^9,y^9 + x^2*y + x^4*y^11
Z5xZ12,120,8,8,4.267,0.24,ok,x*y^6 + x^3*y^8 + x^4*y^8,x*y^7 + x^3 + x^4
Z5xZ12,120,8,2,0.267,0.01,ok,y^3 + x*y^7 + x^4*y^4,y^5 + x^3*y^2 + x^4*y
Z5xZ12,120,8,6,2.4,0.04,ok,y^4 + y^8 + x^4*y^6,x*y^8 + x^4 + x^4*y^4
Z5xZ12,120,8,8,4.267,0.18,ok,x*y^5 + x^4*y^7 + x^4*y^9,y^7 + x^2*y^5 + x^4*y^9
Z5xZ12,120,8,12,9.6,2.03,ok,x*y^6 + x^2*y^7 + x^3*y^6,x + x^2*y^9 + x^4*y^8
Z5xZ12,120,8,6,2.4,0.04,ok,x*y^2 + x*y^4 + x^4*y^6,y^10 + x^2*y^6 + x^3*y^2
Z5xZ12,120,8,8,4.267,0.21,ok,x + x^2 + x^4*y^10,y^2 + x^3*y^5 + x^4*y^7
Z5xZ12,120,8,8,4.267,0.21,ok,x*y^3 + x^3*y + x^3*y^5,x*y^3 + x^2*y^5 + x^2*y^7
Z5xZ12,120,8,8,4.267,0.21,ok,y^8 + x*y^6 + x^4,y^10 + x^2*y^8 + x^4*y
Z5xZ12,120,8,8,4.267,0.24,ok,x^3*y^4 + x^3*y^8 + x^4,y^9 + x^3*y^5 + x^3*y^7
Z5xZ12,120,8,2,0.267,0.01,ok,x^2*y + x^2*y^5 + x^2*y^9,x*y^6 + x^2*y^3 + x^4*y^4
Z5xZ12,120,8,8,4.267,0.33,ok,x*y^9 + x^2 + x^4*y^5,y^10 + x^2*y^9 + x^4*y^10
Z5xZ12,120,8,6,2.4,0.04,ok,x^2*y^6 + x^3*y^10 + x^4*y^3,y^5 + y^6 + y^7
Z5xZ12,120,8,4,1.067,0.02,ok,y^7 + x^4*y^9 + x^4*y^11,x^2*y^2 + x^2*y^10 + x^3
Z5xZ12,120,8,8,4.267,0.22,ok,x^2*y + x^2*y^6 + x^2*y^8,y^9 + x*y^7 + x^2*y^3
Z5xZ12,120,8,8,4.267,0.22,ok,x^2*y^4 + x^3*y^2 + x^4*y^7,x^4*y^4 + x^4*y^8 + x^4*y^9
Z5xZ12,120,8,8,4.267,0.21,ok,y^5 + x*y^9 + x^4*y^9,1 + x*y^5 + x^2*y^3
Z5xZ12,120,8,4,1.067,0.02,ok,y^7 + x*y^5 + x^2*y^10,x^2*y^10 + x^3*y^2 + x^4*y
Z5xZ12,120,8,4,1.067,0.03,ok,x^3*y + x^3*y^9 + x^3*y^11,y^7 + x^2*y^11 + x^3*y^2
Z5xZ12,120,8,8,4.267,0.19,ok,y^7 + x + x^2*y^4,y^9 + x*y + x^4*y
Z5xZ12,120,16,2,0.533,0.01,ok,y + x^2*y^9 + x^3*y^5,x*y^3 + x^2*y^11 + x^4*y^7
Z5xZ12,120,8,8,4.267,0.2,ok,x + x*y^7 + x*y^8,y + x*y^4 + x^3*y^2
Z5xZ12,120,8,8,4.267,0.28,ok,y^11 + x^2*y + x^3*y^7,x*y + x^3*y^6 + x^4*y^9
Z5xZ12,120,8,4,1.067,0.03,ok,1 + y^2 + y^4,y^5 + x^2*y^9 + x^3*y
Z5xZ12,120,8,4,1.067,0.03,ok,x*y + x^2*y^11 + x^3*y^4,y^10 + x^3*y + x^4*y^11
Z5xZ12,120,8,8,4.267,0.16,ok,x*y^5 + x^2*y + x^4*y^3,y^5 + x^4*y + x^4*y^9
Z5xZ12,120,8,2,0.267,0.01,ok,x^2*y^4 + x^2*y^6 + x^3*y^8,y^10 + x^4*y^6 + x^4*y^8
Z5xZ12,120,8,8,4.267,0.26,ok,y^9 + x*y^10 + x^2*y^3,x*y^8 + x^3*y^6 + x^4
Z5xZ12,120,20,4,2.667,0.04,ok,1 + y^2 + y^4,x^2 + x^2*y^7 + x^2*y^8
Z5xZ12,120,16,4,2.133,0.03,ok,y^4 + x^2*y^6 + x^3*y^6,y^10 + x + x^2*y^10
Z5xZ12,120,8,8,4.267,0.21,ok,x^2*y^11 + x^3*y^9 + x^4*y^5,x*y^4 + x^2*y^8 + x^3*y^7
Z5xZ12,120,8,10,6.667,0.44,ok,1 + x^2*y^10 + x^3*y^7,x^2*y^3 + x^3*y + x^4
Z5xZ12,120,8,8,4.267,0.32,ok,y^2 + x^2*y^3 + x^3*y^6,y + x*y^3 + x^4*y^9
Z5xZ12,120,8,8,4.267,0.56,ok,y^7 + x*y^4 + x^3*y^2,y^7 + x*y^5 + x^4*y^5
Z5xZ12,120,8,8,4.267,0.26,ok,y^5 + x*y^3 + x^4*y^3,x + x^2*y^3 + x^4*y
Z5xZ12,120,8,8,4.267,0.18,ok,y^3 + x^2*y^11 + x^4*y^6,1 + x^2*y^8 + x^4
Z5xZ12,120,8,8,4.267,0.23,ok,y^7 + x^3*y^10 + x^4*y^8,y^9 + x*y^10 + x^2
Z5xZ12,120,8,8,4.267,0.35,ok,x*y^5 + x^3*y^6 + x^4,x*y^5 + x^2*y^8 + x^4*y^10
Z5xZ12,120,8,12,9.6,1.92,ok,x*y^10 + x^2*y + x^4*y^6,1 + x^3*y^9 + x^4*y^7
Z5xZ12,120,8,4,1.067,0.02,ok,x*y^7 + x^3*y^5 + x^4*y^9,y^7 + x^2*y^3 + x^2*y^5
Z5xZ12,120,8,8,4.267,0.24,ok,y^8 + x^2*y^10 + x^3*y^10,x*y + x^3 + x^4*y^9
Z5xZ12,120,8,8,4.267,0.29,ok,x*y + x^2*y^4 + x^4,y^8 + x^2*y^9 + x^3*y^9
Z5xZ12,120,8,8,4.267,0.17,ok,y^9 + x*y^9 + x^3*y^8,x^4*y + x^4*y^6 + x^4*y^8
Z5xZ12,120,8,8,4.267,0.24,ok,y^8 + x^2*y^6 + x^4*y^11,x*y^3 + x^2*y^3 + x^4*y^10
Z5xZ12,120,8,8,4.267,0.23,ok,x*y^5 + x^3*y^3 + x^3*y^7,x + x^2*y^2 + x^4*y^10
Z5xZ12,120,8,8,4.267,0.21,ok,y^2 + x*y^3 + x^4*y^9,y^4 + x*y^8 + x^4*y^5
Z5xZ12,120,8,8,4.267,0.2,ok,y^5 + x*y^9 + x^2*y^8,y^9 + x^3*y^9 + x^4*y
Z5xZ12,120,8,8,4.267,0.28,ok,x + x^2*y^6 + x^4*y,x^2*y^5 + x^2*y^6 + x^2*y^7
Z5xZ12,120,8,8,4.267,0.16,ok,x^2*y^10 + x^3*y^2 + x^4*y^10,y^4 + x^3*y^7 + x^4*y^5
Z5xZ12,120,8,8,4.267,0.18,ok,y^3 + x*y^7 + x^2*y^6,x*y^5 + x^2*y^9 + x^3*y^5
Z5xZ12,120,8,8,4.267,0.36,ok,x^3*y + x^3*y^6 + x^3*y^11,x + x^2 + x^4*y^10
Z5xZ12,120,8,4,1.067,0.03,ok,y + x*y^6 + x^2*y^4,y + x*y^5 + x^4*y^2
Z5xZ12,120,8,6,2.4,0.04,ok,x^2*y^4 + x^3*y^3 + x^4*y^7,x*y^2 + x^3*y^7 + x^4*y^4
Z5xZ12,120,8,4,1.067,0.03,ok,x*y^4 + x*y^6 + x*y^8,x*y^7 + x^2*y^9 + x^4*y^11
Z5xZ12,120,16,4,2.133,0.03,ok,1 + y^8 + y^10,y^4 + x^2*y^8 + x^3*y^2
Z5xZ12,120,8,8,4.267,0.24,ok,y^8 + x*y + x^2*y^11,x^2*y + x^2*y^3 + x^2*y^8
Z5xZ12,120,8,10,6.667,0.54,ok,x^2*y^3 + x^3*y^11 + x^4,y^3 + x^2*y^7 + x^4*y^6
Z5xZ12,120,8,8,4.267,0.18,ok,y^8 + x*y^9 + x^2*y^2,y^7 + x^3*y^7 + x^4*y^5
Z5xZ12,120,8,6,2.4,0.07,ok,x*y + x*y^3 + x^4*y^11,y^6 + x^2*y^10 + x^4*y^2
Z5xZ12,120,8,12,9.6,2.13,ok,y^11 + x^3*y^8 + x^4*y,x*y^2 + x^3*y^7 + x^4*y^10
Z5xZ12,120,8,4,1.067,0.03,ok,x^3 + x^3*y^2 + x^4*y^10,x*y^5 + x^2*y^3 + x^3*y
Z5xZ12,120,8,4,1.067,0.03,ok,x^4*y + x^4*y^9 + x^4*y^11,x^2*y + x^3 + x^4*y^4
Z5xZ12,120,8,4,1.067,0.02,ok,y^9 + x^3*y^11 + x^4*y,y^11 + x*y + x^4*y^3
Z5xZ12,120,20,2,0.667,0.01,ok,x^4*y + x^4*y^6 + x^4*y^11,x^3*y^3 + x^3*y^8 + x^3*y^10
Z5xZ12,120,8,4,1.067,0.03,ok,x*y + x*y^5 + x^2*y^9,x*y^11 + x^3*y + x^3*y^9
Z5xZ12,120,8,6,2.4,0.1,ok,x^2*y^4 + x^3*y^6 + x^4*y^8,y^6 + y^8 + x^2*y^10
Z5xZ12,120,8,8,4.267,0.26,ok,y^4 + x*y^3 + x^2*y^7,x*y^8 + x^2*y^7 + x^3*y^8
Z5xZ12,120,8,8,4.267,0.22,ok,y^3 + x^3*y^3 + x^4*y,x*y + x^3*y^8 + x^4*y^5
Z5xZ12,120,8,2,0.267,0.01,ok,y^5 + x^4*y + x^4*y^3,y^6 + y^8 + x*y^10
Z5xZ12,120,8,4,1.067,0.04,ok,x^2*y^6 + x^3*y^8 + x^4,y^6 + x^2*y^4 + x^4*y^9
Z5xZ12,120,8,8,4.267,0.35,ok,x^3*y^3 + x^3*y^4 + x^3*y^8,x^2*y^9 + x^3*y^2 + x^4*y^6
Z5xZ12,120,8,8,4.267,0.26,ok,y^10 + x*y^4 + x^3*y^5,x^4*y^5 + x^4*y^6 + x^4*y^7
Z5xZ12,120,8,8,4.267,0.2,ok,y^4 + x + x^4*y^2,y^5 + x^3*y^3 + x^4*y^7
Z5xZ12,120,8,4,1.067,0.03,ok,x^3 + x^3*y^4 + x^4*y^8,y^5 + y^9 + x^3*y^7
Z5xZ12,120,8,8,4.267,0.26,ok,y^4 + x*y^5 + x^2*y^10,y + y^6 + y^11
Z5xZ12,120,8,8,4.267,0.22,ok,x*y^5 + x^2*y^3 + x^3*y^7,x*y + x*y^9 + x^2*y^5
Z5xZ12,120,8,6,2.4,0.06,ok,y^7 + x^4*y^5 + x^4*y^9,x*y^4 + x*y^8 + x^4*y^6
Z5xZ12,120,8,8,4.267,0.23,ok,x*y^11 + x^3*y^7 + x^4*y^7,x + x*y^2 + x*y^7
Z5xZ12,120,8,8,4.267,0.38,ok,y^2 + x^2*y^4 + x^4*y^5,x*y^3 + x^2*y^7 + x^3*y^3
Z5xZ12,120,8,8,4.267,0.25,ok,y^5 + x*y^6 + x^2*y^2,x^4*y + x^4*y^2 + x^4*y^9
Z5xZ12,120,8,8,4.267,0.2,ok,y^7 + x^4*y^3 + x^4*y^5,x*y^8 + x*y^10 + x^3
Z5xZ12,120,8,6,2.4,0.05,ok,x*y^3 + x^3*y^8 + x^4*y^2,x*y^4 + x^2*y^3 + x^3*y
Z5xZ12,120,8,8,4.267,0.23,ok,y^7 + x*y^3 + x^2*y,y^3 + x^3*y^6 + x^4*y^2
Z5xZ12,120,8,6,2.4,0.05,ok,x*y^9 + x^2*y^11 + x^4*y^7,y + x*y^3 + x*y^5
Z5xZ12,120,8,8,4.267,0.21,ok,y^5 + y^9 + x^3*y^7,1 + x^2*y^8 + x^4*y^10
Z5xZ12,120,8,8,4.267,0.41,ok,y^2 + x*y^7 + x^2*y^2,y^4 + x^2*y^3 + x^3*y^9
Z5xZ12,120,8,4,1.067,0.03,ok,y^8 + x*y^4 + x*y^6,x^2*y^3 + x^3*y^5 + x^3*y^7
Z5xZ12,120,8,4,1.067,0.03,ok,y^7 + x^3*y^10 + x^4*y^11,y^3 + x*y^5 + x^4*y^2
Z5xZ12,120,16,4,2.133,0.03,ok,y + x^3*y^7 + x^4*y^11,y^3 + x*y^11 + x^4*y^11
Z5xZ12,120,8,12,9.6,1.79,ok,x + x^2*y^11 + x^3*y^3,y^5 + x*y^2 + x^3*y^3
Z5xZ12,120,8,8,4.267,0.34,ok,y^6 + x^3*y^3 + x^4*y^5,x*y^7 + x^2*y^4 + x^4*y^8
Z5xZ12,120,8,4,1.067,0.02,ok,x*y^6 + x^2*y^10 + x^4*y^2,x*y^9 + x^2*y^11 + x^3*y
Z5xZ12,120,8,8,4.267,0.22,ok,1 + x*y^11 + x^4*y^2,x*y^5 + x^2*y^6 + x^3*y^2
Z5xZ12,120,8,4,1.067,0.02,ok,x^2*y^2 + x^4*y^4 + x^4*y^6,x*y^3 + x^3*y^5 + x^4*y
Z5xZ12,120,8,6,2.4,0.04,ok,x*y^2 + x^2*y^11 + x^4*y^10,x^4*y + x^4*y^3 + x^4*y^8
Z5xZ12,120,8,4,1.067,0.03,ok,x + x^3*y^2 + x^4*y^11,y + x*y^9 + x^2*y^7
Z5xZ12,120,8,4,1.067,0.04,ok,x*y^6 + x^2*y^2 + x^3,x*y^10 + x^2*y + x^4*y^8
Z5xZ12,120,8,8,4.267,0.23,ok,y^2 + x*y^2 + x^3*y^6,x*y^2 + x^3*y^7 + x^4*y
Z5xZ12,120,8,8,4.267,0.25,ok,x^3*y^2 + x^3*y^10 + x^4*y^6,x*y^8 + x^3 + x^4*y^10
Z5xZ12,120,16,2,0.533,0.01,ok,x + x*y^4 + x^3*y^8,x^3*y^2 + x^3*y^6 + x^3*y^10
Z5xZ12,120,16,4,2.133,0.03,ok,y^7 + x*y^11 + x^4*y^5,x*y^6 + x^2*y^6 + x^4*y^10
Z5xZ12,120,8,2,0.267,0.01,ok,y^6 + x*y^2 + x^2*y^3,y^10 + x*y^6 + x^2*y^7
Z5xZ12,120,8,8,4.267,0.2,ok,x*y^9 + x^2*y^5 + x^4*y^7,x^2*y^6 + x^3*y^8 + x^4*y^4
Z5xZ12,120,8,8,4.267,0.18,ok,y + y^3 + y^8,y^6 + x*y^3 + x^3*y^11
Z5xZ12,120,8,8,4.267,0.25,ok,x + x*y + x*y^8,y^6 + x^2*y^8 + x^4
Z5xZ12,120,8,8,4.267,0.21,ok,x^4*y^4 + x^4*y^9 + x^4*y^11,y^9 + x^2*y^5 + x^3*y^11
Z5xZ12,120,8,8,4.267,0.21,ok,1 + x^2*y^7 + x^3*y^4,y^2 + x^2*y + x^4*y^8
Z5xZ12,120,8,8,4.267,0.17,ok,x + x*y^2 + x^4*y^10,x*y^4 + x^2*y^2 + x^3
Z5xZ12,120,8,6,2.4,0.05,ok,x^2 + x^2*y^4 + x^4*y^8,y + y^9 + x^4*y^11
Z5xZ12,120,8,6,2.4,0.04,ok,x + x^3*y^11 + x^4*y^5,x*y^4 + x^2*y^9 + x^3*y^7
Z5xZ12,120,8,8,4.267,0.22,ok,y + x*y^2 + x^4*y^5,y^10 + x^3*y^7 + x^4
Z5xZ12,120,16,6,4.8,0.04,ok,x*y^7 + x^3*y^3 + x^3*y^11,x*y^6 + x^2*y^2 + x^3*y^10
Z5xZ12,120,8,8,4.267,0.29,ok,x*y^2 + x^2 + x^3*y^8,y^11 + x*y^10 + x^4*y^7
Z5xZ12,120,8,8,4.267,0.19,ok,x*y^11 + x^2*y^5 + x^4*y^3,1 + y^7 + y^11
Z5xZ12,120,8,4,1.067,0.03,ok,x^2*y^7 + x^3*y^3 + x^4*y^5,x*y^3 + x^2*y^11 + x^3*y^7
Z5xZ12,120,8,8,4.267,0.32,ok,x*y^6 + x^2 + x^4*y^8,x*y^10 + x^3*y^8 + x^4*y^5
Z5xZ12,120,8,4,1.067,0.04,ok,y^4 + x^3 + x^3*y^2,x*y^5 + x*y^9 + x^3*y^7
Z5xZ12,120,8,8,4.267,0.29,ok,x^2*y^3 + x^2*y^4 + x^2*y^8,x*y^10 + x^2*y^11 + x^3*y^4
Z5xZ12,120,8,8,4.267,0.23,ok,y^4 + x^4 + x^4*y^8,y^7 + x*y^9 + x^4*y^11
Z5xZ12,120,8,8,4.267,0.4,ok,1 + y^4 + y^11,y^5 + x^3*y^8 + x^4*y^3
Z5xZ12,120,8,8,4.267,0.21,ok,x*y^4 + x^3*y^2 + x^4*y^2,x*y^6 + x^2*y^10 + x^3*y^3
Z5xZ12,120,8,8,4.267,0.22,ok,y^6 + x^2*y^5 + x^3*y^2,y^2 + x*y^6 + x^4*y^6
Z5xZ12,120,8,8,4.267,0.17,ok,x*y^7 + x^2*y^2 + x^3*y,y^9 + x^3*y^6 + x^4*y^7
Z5xZ12,120,16,4,2.133,0.03,ok,y^3 + x*y^3 + x^3*y^11,x*y^11 + x^2*y^9 + x^3*y^5
Z5xZ12,120,8,8,4.267,0.24,ok,y^4 + x^2*y^9 + x^4*y^7,y^6 + x + x^3*y^5
Z5xZ12,120,8,4,1.067,0.02,ok,x^3*y^9 + x^3*y^11 + x^4*y^7,x^2*y^6 + x^2*y^10 + x^3*y^8
Z5xZ12,120,8,8,4.267,0.34,ok,y^11 + x^2*y^6 + x^4*y^2,y^3 + x^2*y + x^4
Z5xZ12,120,8,4,1.067,0.03,ok,x^2*y^6 + x^3*y^11 + x^4*y^3,x^3*y^7 + x^3*y^9 + x^3*y^11
Z5xZ12,120,8,8,4.267,0.61,ok,y^7 + x^2*y^5 + x^3*y^5,1 + x^2*y^8 + x^4*y^3
Z5xZ12,120,8,6,2.4,0.04,ok,x^2*y^8 + x^3*y^4 + x^4*y^6,x^2*y^7 + x^3*y^3 + x^3*y^5
Z5xZ12,120,16,4,2.133,0.02,ok,y^5 + x^3*y^11 + x^4*y^3,y + x*y^5 + x^2*y
Z5xZ12,120,8,8,4.267,0.24,ok,x*y^5 + x^3*y^7 + x^4*y^4,y^6 + x^2*y^2 + x^3*y^2
Z5xZ12,120,8,8,4.267,0.19,ok,y^3 + y^7 + x^2*y^11,x*y^2 + x^3*y^6 + x^4*y^4
Z5xZ12,120,8,6,2.4,0.03,ok,1 + y^10 + y^11,y^10 + x^2*y^11 + x^4*y^10
Z5xZ12,120,8,8,4.267,0.23,ok,y^5 + x^2*y^6 + x^4*y^5,y^6 + x*y^2 + x^2*y^6
Z5xZ12,120,8,10,6.667,0.46,ok,x^2*y^3 + x^3*y^10 + x^4*y^3,y^10 + x^2*y^5 + x^3*y^8
Z5xZ12,120,8,4,1.067,0.03,ok,x^3*y^6 + x^3*y^8 + x^3*y^10,y^11 + x^3*y^2 + x^4*y^10
Z5xZ12,120,8,8,4.267,0.23,ok,y + x^3*y^3 + x^4*y^11,y + x*y^11 + x^4*y^3
Z5xZ12,120,8,6,2.4,0.03,ok,x^2*y + x^2*y^2 + x^2*y^3,y^4 + x*y^3 + x^4*y^3
Z5xZ12,120,8,6,2.4,0.04,ok,y^3 + x*y^11 + x^2*y^6,y^8 + y^9 + y^10
Z5xZ12,120,8,6,2.4,0.1,ok,x*y^10 + x^3*y^6 + x^4*y^8,y + x*y^3 + x^4*y^11
Z5xZ12,120,8,6,2.4,0.05,ok,x^3*y^6 + x^3*y^8 + x^4*y^10,y + y^11 + x^4*y^9
Z5xZ12,120,8,4,1.067,0.04,ok,x*y + x^2*y^7 + x^4*y^8,x + x^2*y^2 + x^3
Z5xZ12,120,8,8,4.267,0.3,ok,y^5 + x*y + x^4*y^7,y^7 + x*y^10 + x^3*y^3
Z5xZ12,120,8,4,1.067,0.03,ok,x^2 + x^3*y^2 + x^4,x*y^3 + x^3*y^8 + x^4*y^2
Z5xZ12,120,8,8,4.267,0.24,ok,x*y^9 + x*y^11 + x^4*y^7,y^6 + x*y^8 + x^3*y^10
Z5xZ12,120,8,8,4.267,0.27,ok,y^2 + x*y^3 + x^4,x*y^7 + x^3*y^3 + x^4*y^9
Z5xZ12,120,8,8,4.267,0.21,ok,y^10 + x*y^10 + x^3*y^2,y^5 + x^3*y^8 + x^4*y
Z5xZ12,120,8,6,2.4,0.05,ok,y^5 + y^7 + x*y^9,y^5 + x^2*y^7 + x^2*y^9
Z5xZ12,120,8,10,6.667,0.6,ok,x*y^8 + x^2*y^4 + x^3*y^11,x*y^9 + x^2 + x^4*y
Z5xZ12,120,8,4,1.067,0.02,ok,x*y + x*y^9 + x^2*y^5,x^3*y^9 + x^3*y^11 + x^4*y^7
Z5xZ12,120,16,4,2.133,0.03,ok,y^2 + x*y^6 + x^2*y^8,y^11 + x*y^7 + x^4*y
Z5xZ12,120,8,8,4.267,0.26,ok,y + y^3 + x^2*y^11,x*y^2 + x^2 + x^2*y^4
Z5xZ12,120,8,6,2.4,0.04,ok,x*y^9 + x^3*y^8 + x^4*y^5,x^2*y^6 + x^3*y^8 + x^4*y^3
Z5xZ12,120,8,8,4.267,0.16,ok,x^3 + x^3*y + x^3*y^2,x*y^7 + x^2*y^9 + x^3*y^4
Z5xZ12,120,8,8,4.267,0.33,ok,y^11 + x*y^6 + x^2*y^8,y^9 + x*y^3 + x^3*y^2
Z5xZ12,120,8,8,4.267,0.21,ok,y^8 + x^2*y^3 + x^3,1 + x^2*y^8 + x^4
Z5xZ12,120,8,8,4.267,0.37,ok,x^2*y^6 + x^3*y^10 + x^4*y^9,x^2*y^4 + x^3*y^5 + x^4*y^4
Z5xZ12,120,8,4,1.067,0.03,ok,y^5 + x*y^5 + x^3*y^7,1 + x*y^7 + x^2
Z5xZ12,120,8,10,6.667,0.46,ok,y^11 + x*y^3 + x^4*y^6,x*y^2 + x^3*y^4 + x^4*y
Z5xZ12,120,16,4,2.133,0.03,ok,y^11 + x^2*y^3 + x^4*y^11,y + x^2*y^3 + x^3*y^9
Z5xZ12,120,8,8,4.267,0.29,ok,x^4*y^4 + x^4*y^9 + x^4*y^11,y^6 + x*y^10 + x^4*y^4
Z5xZ12,120,8,10,6.667,0.49,ok,y^11 + x*y^8 + x^3*y^6,y^10 + x*y^11 + x^4*y^8
Z5xZ12,120,8,6,2.4,0.04,ok,x*y^3 + x^2*y + x^2*y^11,x*y^7 + x^3*y^9 + x^4*y^5
Z5xZ12,120,16,4,2.133,0.03,ok,y^5 + y^9 + x*y,y^11 + x*y^3 + x^4*y^7
Z5xZ12,120,8,8,4.267,0.17,ok,y^8 + x^2*y^4 + x^4*y^8,x*y^6 + x^2*y^7 + x^3*y^6
Z5xZ12,120,8,4,1.067,0.03,ok,y^7 + x^2*y^11 + x^4*y^10,x^2*y^3 + x^2*y^5 + x^2*y^7
Z5xZ12,120,8,4,1.067,0.03,ok,x*y + x^2*y^11 + x^3*y^9,y^9 + y^11 + x*y^7
Z5xZ12,120,8,4,1.067,0.02,ok,1 + x^2*y^2 + x^2*y^10,y^2 + y^4 + y^6
Z5xZ12,120,8,8,4.267,0.49,ok,x*y^11 + x^3*y^10 + x^4*y^4,x^2*y^8 + x^3*y^10 + x^4*y^2
Z5xZ12,120,16,4,2.133,0.02,ok,x*y^10 + x^2*y^10 + x^4*y^2,y + x^2*y^5 + x^4*y^7
Z5xZ12,120,8,8,4.267,0.29,ok,x^2 + x^3*y^8 + x^4*y^9,x*y^10 + x^2*y^9 + x^3*y^7
Z5xZ12,120,8,4,1.067,0.03,ok,y^7 + x^2*y^8 + x^4*y^10,x^2*y + x^3*y^9 + x^4*y^7
Z5xZ12,120,8,8,4.267,0.27,ok,y + x^3*y + x^4*y^3,y^2 + x*y^4 + x^2*y^11
Z5xZ12,120,8,6,2.4,0.06,ok,y^3 + x^4*y^7 + x^4*y^11,x^3*y^9 + x^4*y^7 + x^4*y^11
Z5xZ12,120,8,4,1.067,0.03,ok,x^3*y^4 + x^3*y^6 + x^4*y^8,y + y^3 + y^11
Z5xZ12,120,8,8,4.267,0.22,ok,x*y^3 + x^2*y^7 + x^3*y^5,y^9 + x^3*y^5 + x^4*y^7
Z5xZ12,120,8,4,1.067,0.03,ok,y^3 + x^2*y^10 + x^3*y^10,y^8 + x*y^8 + x^3*y^7
Z5xZ12,120,8,4,1.067,0.02,ok,y^2 + x^3*y^2 + x^4*y^3,x^2*y^4 + x^3*y^5 + x^4*y^10
Z5xZ12,120,8,4,1.067,0.02,ok,y^8 + x^3*y^10 + x^4,x*y^10 + x^2*y^2 + x^4*y^6
Z5xZ12,120,8,4,1.067,0.03,ok,x*y + x*y^3 + x*y^5,y^7 + x*y^8 + x^2*y^7
Z5xZ12,120,8,10,6.667,0.68,ok,y + x*y^10 + x^3*y^2,x*y^6 + x^2*y^2 + x^3*y^3
Z5xZ12,120,8,4,1.067,0.02,ok,y^6 + x^3*y^2 + x^3*y^10,x^2*y^2 + x^2*y^4 + x^4
Z5xZ12,120,8,8,4.267,0.28,ok,y^3 + x*y^6 + x^3*y^2,x*y^11 + x^2*y^9 + x^3*y^11
Z5xZ12,120,8,8,4.267,0.27,ok,y^7 + x*y^7 + x^3*y^8,y^8 + x^3*y^11 + x^4*y
Z5xZ12,120,8,6,2.4,0.05,ok,1 + y^10 + x^2*y^2,y^6 + x*y^10 + x^2*y^2
Z5xZ12,120,8,4,1.067,0.04,ok,y^7 + y^9 + y^11,y^2 + x + x^2*y^10
Z5xZ12,120,8,4,1.067,0.02,ok,x^2*y^5 + x^3*y^3 + x^3*y^7,x^3*y + x^4*y^9 + x^4*y^11
Z5xZ12,120,8,8,4.267,0.24,ok,x^2*y^6 + x^3*y^4 + x^4*y^8,x*y^4 + x*y^8 + x^4
Z5xZ12,120,8,8,4.267,0.25,ok,x*y^6 + x^2*y^7 + x^3*y^3,y^7 + x*y^11 + x^2*y^10
Z5xZ12,120,32,2,1.067,0.01,ok,y^4 + x + x^4,y^4 + x + x^4
Z5xZ12,120,8,4,1.067,0.03,ok,x^2*y^10 + x^3 + x^4*y^10,x*y^5 + x^2*y^11 + x^4*y^6
Z5xZ12,120,8,8,4.267,0.23,ok,y^4 + x^2 + x^3*y^2,y^5 + x^2*y^9 + x^4*y^7
Z5xZ12,120,8,8,4.267,0.19,ok,x^3*y^3 + x^3*y^5 + x^4*y,x*y + x^2*y^3 + x^2*y^11
Z5xZ12,120,8,8,4.267,0.25,ok,y^9 + x^2*y^7 + x^4*y^11,x*y + x^2*y^3 + x^3*y^11
Z5xZ12,120,8,8,4.267,0.24,ok,x*y + x^2 + x^3*y^7,y^4 + x*y + x^3*y^5
Z5xZ12,120,8,8,4.267,0.33,ok,1 + x*y^7 + x^2*y^3,x^3*y^4 + x^3*y^8 + x^3*y^9
Z5xZ12,120,8,8,4.267,0.21,ok,y^7 + y^8 + y^9,y^2 + x*y^2 + x^3*y^9
Z5xZ12,120,8,8,4.267,0.2,ok,1 + x^2*y^2 + x^4*y^9,x*y^8 + x^2*y^5 + x^4*y^4
Z5xZ12,120,8,6,2.4,0.1,ok,x*y^7 + x^3*y^3 + x^3*y^5,x^2*y^9 + x^3*y + x^3*y^11
Z5xZ12,120,8,8,4.267,0.23,ok,y^5 + y^9 + y^10,x*y^2 + x^2*y^2 + x^4*y^10
Z5xZ12,120,8,8,4.267,0.43,ok,y^4 + x^3*y + x^4*y^8,x^2*y + x^3*y^11 + x^4*y
Z5xZ12,120,8,8,4.267,0.22,ok,x^2*y^2 + x^3*y^7 + x^4*y^11,y^7 + x*y^9 + x^2*y^10
Z5xZ12,120,8,8,4.267,0.32,ok,y^11 + x^3*y^2 + x^4*y^3,x*y + x^2*y^7 + x^4*y^3
Z5xZ12,120,8,10,6.667,0.58,ok,y^10 + x^2*y^6 + x^3*y^9,y^10 + x*y^3 + x^2*y^7
Z5xZ12,120,8,8,4.267,0.2,ok,y^10 + x^3*y^8 + x^4*y^6,y^11 + x^4*y + x^4*y^9
Z5xZ12,120,8,4,1.067,0.03,ok,x^3 + x^3*y^10 + x^4*y^8,1 + y^2 + y^10
Z5xZ12,120,8,4,1.067,0.03,ok,x^2*y^9 + x^3*y + x^4,x*y^11 + x^2*y^3 + x^3*y^8
Z5xZ12,120,8,4,1.067,0.03,ok,x + x*y^2 + x*y^10,x + x^4*y^4 + x^4*y^8
Z5xZ12,120,8,4,1.067,0.03,ok,1 + x^3*y^3 + x^4*y^10,y^2 + x^3*y^5 + x^4*y^6
Z5xZ12,120,8,8,4.267,0.44,ok,x + x*y^10 + x*y^11,x*y^7 + x^2*y^9 + x^3*y^10
Z5xZ12,120,8,4,1.067,0.03,ok,y^11 + x^2*y^9 + x^3*y^3,y^5 + x^3*y^2 + x^4
Z5xZ12,120,8,12,9.6,1.78,ok,y^11 + x^2*y + x^3*y^10,x*y + x^2 + x^3*y^4
Z5xZ12,120,8,8,4.267,0.3,ok,y^11 + x^2*y^4 + x^3*y,y^7 + x*y^10 + x^3*y^5
Z5xZ12,120,8,8,4.267,0.17,ok,x*y^2 + x^2*y^10 + x^3*y^11,x*y^7 + x^3*y^3 + x^4*y^3
Z5xZ12,120,8,8,4.267,0.25,ok,x*y^7 + x^3*y^2 + x^4*y^11,x*y^10 + x^2*y^7 + x^4
Z5xZ12,120,8,6,2.4,0.03,ok,y^2 + x*y^8 + x^3*y^3,x*y^11 + x^2*y^4 + x^3*y^2
Z5xZ12,120,16,4,2.133,0.02,ok,x*y^2 + x^2*y^2 + x^4*y^10,x*y^4 + x^2*y^8 + x^3*y^10
Z5xZ12,120,8,4,1.067,0.06,ok,y^3 + x + x^3*y^5,1 + y^8 + y^10
Z5xZ12,120,8,4,1.067,0.02,ok,y^4 + x*y^2 + x^4*y^6,y^6 + x*y^10 + x^4*y^2
Z5xZ12,120,8,8,4.267,0.21,ok,x*y^9 + x^3*y^5 + x^3*y^7,y^2 + y^10 + x^4
Z5xZ12,120,8,8,4.267,0.23,ok,y^6 + x^2*y^4 + x^4*y^3,y^3 + x*y^8 + x^2*y^3
Z5xZ12,120,8,6,2.4,0.05,ok,x*y^3 + x^2*y^5 + x^3*y^7,y^8 + x^2*y^4 + x^4
Z5xZ12,120,8,10,6.667,0.91,ok,y^11 + x*y^4 + x^2*y^2,y^5 + x*y^2 + x^3*y^3
Z5xZ12,120,8,8,4.267,0.24,ok,x^3*y + x^3*y^6 + x^3*y^11,y^6 + x^3*y^3 + x^4*y^5
Z5xZ12,120,8,8,4.267,0.57,ok,y^5 + x^2*y^4 + x^3*y^7,y^8 + x^2 + x^4*y^8
Z5xZ12,120,8,6,2.4,0.04,ok,y^9 + x*y^11 + x^2*y^7,x*y^10 + x^3*y^6 + x^3*y^8
Z5xZ12,120,8,6,2.4,0.03,ok,x*y^11 + x^2*y + x^4*y^3,y^10 + x^3 + x^3*y^2
Z5xZ12,120,8,8,4.267,0.17,ok,y^5 + x^2*y^9 + x^3*y^6,x*y^8 + x^2*y^3 + x^3*y^2
Z5xZ12,120,8,8,4.267,0.26,ok,y^7 + x^2*y^11 + x^3*y^8,x*y^9 + x^2*y^3 + x^4*y^5
Z5xZ12,120,8,6,2.4,0.03,ok,x*y^3 + x^3*y^8 + x^4*y^5,y^9 + x*y + x^4*y^10
Z5xZ12,120,8,8,4.267,0.22,ok,x*y^5 + x^2*y^6 + x^3*y^5,y^10 + x*y^2 + x^2*y
Z5xZ12,120,8,8,4.267,0.25,ok,x*y^9 + x^2 + x^4*y^11,x^3*y^3 + x^3*y^4 + x^3*y^8
Z5xZ12,120,8,8,4.267,0.42,ok,y^2 + x + x^4,x^2*y^2 + x^3*y^7 + x^4*y^5
Z5xZ12,120,8,8,4.267,0.19,ok,x^2 + x^3*y^5 + x^4*y^9,y^4 + x^2*y^3 + x^3*y^3
Z5xZ12,120,8,8,4.267,0.25,ok,1 + y^7 + y^8,y^8 + x + x^2*y^8
Z5xZ12,120,8,2,0.267,0.01,ok,x*y^3 + x^2*y^5 + x^4*y,y^4 + x^2 + x^4*y^2
Z5xZ12,120,8,4,1.067,0.03,ok,x^2*y^2 + x^2*y^4 + x^2*y^6,x^2*y^6 + x^2*y^10 + x^4*y^8
Z5xZ12,120,8,8,4.267,0.33,ok,y^9 + x^3*y^9 + x^4*y^8,y^7 + x*y^11 + x^4*y^5
Z5xZ12,120,8,8,4.267,0.18,ok,x^3*y^9 + x^3*y^10 + x^3*y^11,y^2 + x*y^4 + x^2*y^8
Z5xZ12,120,20,4,2.667,0.03,ok,x*y^4 + x*y^9 + x*y^11,x^3 + x^3*y^2 + x^3*y^4
Z5xZ12,120,8,2,0.267,0.01,ok,y^11 + x^3*y + x^3*y^9,1 + y^4 + y^8
Z5xZ12,120,8,6,2.4,0.04,ok,x*y^7 + x^2*y^3 + x^4*y^11,x*y^2 + x*y^4 + x^3
Z5xZ12,120,8,8,4.267,0.27,ok,x^2 + x^3*y^5 + x^4*y^9,x*y^3 + x^3*y^5 + x^4*y^11
Z5xZ12,120,8,8,4.267,0.25,ok,x^2 + x^3*y^8 + x^4*y^6,x*y^9 + x^2*y^2 + x^3*y^3
Z5xZ12,120,8,8,4.267,0.26,ok,x^2 + x^3*y^2 + x^4*y^3,y^6 + x^2*y^11 + x^3*y^11
Z5xZ12,120,8,8,4.267,0.47,ok,x*y^2 + x^3*y + x^4*y^7,x*y^5 + x^2*y^5 + x^4*y^9
Z5xZ12,120,8,8,4.267,0.26,ok,y^3 + x*y^6 + x^3*y^8,x^3*y + x^3*y^5 + x^3*y^6
Z5xZ12,120,16,2,0.533,0.01,ok,x*y + x^2*y^9 + x^3*y^5,y^5 + x*y + x^4*y^9
Z5xZ12,120,8,8,4.267,0.29,ok,y^8 + x*y^6 + x^2*y^2,y^3 + x + x^3*y^11
Z5xZ12,120,8,8,4.267,0.21,ok,y + x^3*y^4 + x^4*y^6,y^9 + x^3*y^6 + x^4*y^5
Z5xZ12,120,8,8,4.267,0.32,ok,x + x*y^2 + x*y^7,x*y + x^2*y^7 + x^4*y^8
Z5xZ12,120,8,8,4.267,0.17,ok,y^8 + x^2*y^6 + x^4*y^2,x*y^2 + x^3*y^7 + x^4*y
Z5xZ12,120,8,4,1.067,0.02,ok,y^8 + x*y^6 + x^4*y^10,x^2 + x^3*y^8 + x^3*y^10
Z5xZ12,120,8,8,4.267,0.22,ok,y^9 + x*y^6 + x^3*y^8,x + x^3*y^4 + x^4*y^10
Z5xZ12,120,8,12,9.6,1.97,ok,x*y^7 + x^2*y^10 + x^4*y^8,x^2*y^4 + x^3 + x^4*y
Z5xZ12,120,8,6,2.4,0.03,ok,y^8 + x^2 + x^4*y^4,x^2*y + x^3*y^3 + x^3*y^5
Z5xZ12,120,16,4,2.133,0.02,ok,y^10 + x*y^2 + x^3*y^6,y^9 + x*y^5 + x^4*y
Z6xZ10,120,8,6,2.4,0.02,ok,y^6 + x*y + x^5,y^9 + x*y^9 + x^2*y^8
Z6xZ10,120,8,8,4.267,0.14,ok,y^8 + x^2*y^6 + x^4*y^9,y^7 + x^2*y^4 + x^4*y
Z6xZ10,120,8,8,4.267,0.15,ok,x*y^9 + x^3*y^7 + x^5*y,y + x*y^3 + x^5*y^6
Z6xZ10,120,8,8,4.267,0.26,ok,x^3*y^2 + x^4*y^3 + x^5*y^3,y^4 + x*y^2 + x^5*y
Z6xZ10,120,8,6,2.4,0.02,ok,y^3 + x^4*y^8 + x^5*y^8,y + x^2*y^9 + x^3*y^7
Z6xZ10,120,8,4,1.067,0.02,ok,x^3 + x^4*y^4 + x^5*y^6,y^5 + x^2*y^9 + x^4*y^7
Z6xZ10,120,8,8,4.267,0.14,ok,y^8 + x^2*y^8 + x^4*y^6,x*y^5 + x^3*y^6 + x^5*y^7
Z6xZ10,120,8,8,4.267,0.28,ok,x*y + x^4*y^2 + x^5*y^9,y^8 + x*y^4 + x*y^7
Z6xZ10,120,8,8,4.267,0.16,ok,y^3 + y^4 + x*y,x^3*y^5 + x^4*y + x^4*y^9
Z6xZ10,120,8,8,4.267,0.25,ok,y^2 + x^2 + x^4*y^4,x^3*y^9 + x^4*y^7 + x^5*y^2
Z6xZ10,120,8,10,6.667,0.41,ok,y^6 + x^4*y^5 + x^5*y^6,y^7 + x*y^9 + x^5*y^4
Z6xZ10,120,8,6,2.4,0.02,ok,x + x^3 + x^5*y^4,y^4 + x*y^9 + x^2*y^3
Z6xZ10,120,8,2,0.267,0.01,ok,y^3 + x^4*y^6 + x^5*y^3,y + x*y + x^5*y^4
Z6xZ10,120,8,8,4.267,0.2,ok,1 + x^2*y^3 + x^4*y^9,x*y^6 + x^3*y^3 + x^5*y
Z6xZ10,120,8,6,2.4,0.04,ok,y^3 + x^4*y + x^5*y^8,x*y^3 + x^2*y^2 + x^3*y^9
Z6xZ10,120,16,6,4.8,0.03,ok,y + x^2*y^5 + x^3*y^9,y^7 + x*y^9 + x^3*y
Z6xZ10,120,8,8,4.267,0.19,ok,y^5 + x^2*y^8 + x^4*y^3,y^8 + x^2*y^4 + x^4*y^8
Z6xZ10,120,8,8,4.267,0.13,ok,x^3*y^5 + x^4*y + x^4*y^4,y^7 + x^5*y^5 + x^5*y^9
Z6xZ10,120,8,8,4.267,0.21,ok,x^2*y^2 + x^3*y^6 + x^4*y^6,y^4 + x*y^4 + x^5*y^6
Z6xZ10,120,8,4,1.067,0.02,ok,x*y^4 + x^2*y^2 + x^2*y^6,x*y^4 + x^2*y + x^2*y^2
Z6xZ10,120,8,4,1.067,0.03,ok,x^2*y^9 + x^3*y^8 + x^5*y^7,x^2*y^2 + x^3*y^8 + x^5*y^4
Z6xZ10,120,8,8,4.267,0.18,ok,y^2 + x^2*y^2 + x^4*y^6,y^8 + x^4*y^5 + x^5*y
Z6xZ10,120,8,8,4.267,0.21,ok,x*y^7 + x^3*y^6 + x^5*y^6,x*y^4 + x^3 + x^5*y^3
Z6xZ10,120,16,4,2.133,0.02,ok,x*y^2 + x*y^6 + x^5*y^4,x^2*y^4 + x^3*y^5 + x^3*y^8
Z6xZ10,120,8,8,4.267,0.24,ok,x^2*y^2 + x^3*y^6 + x^4*y^3,y^3 + x^2*y^3 + x^4*y
Z6xZ10,120,8,6,2.4,0.03,ok,y^3 + x*y^8 + x^5*y^9,y^3 + x^2*y + x^4*y^5
Z6xZ10,120,8,8,4.267,0.36,ok,y^2 + x*y^6 + x^2*y^9,y^3 + x^2*y^9 + x^4*y^3
Z6xZ10,120,8,6,2.4,0.02,ok,y^6 + x*y + x^2*y,1 + x^2*y^8 + x^4*y^8
Z6xZ10,120,8,6,2.4,0.1,ok,x*y^8 + x^2*y^3 + x^3*y^4,y + x^2*y^9 + x^4*y^3
Z6xZ10,120,8,6,2.4,0.03,ok,x^3*y^7 + x^4*y^4 + x^5*y^2,y^8 + x^4*y^3 + x^5*y^8
Z6xZ10,120,8,10,6.667,0.52,ok,y + x^4*y^2 + x^5*y,x^3*y^8 + x^4*y^5 + x^5*y^5
Z6xZ10,120,8,4,1.067,0.02,ok,y^5 + x^2*y + x^4,y^4 + x^2*y^2 + x^4*y^2
Z6xZ10,120,8,8,4.267,0.43,ok,x^2*y^7 + x^2*y^9 + x^3*y^8,x^2 + x^4*y^2 + x^5*y^4
Z6xZ10,120,8,8,4.267,0.22,ok,x*y^3 + x^3*y^5 + x^5*y^7,x + x^2*y^2 + x^3*y^5
Z6xZ10,120,8,8,4.267,0.23,ok,x + x^2*y^5 + x^3*y^2,x*y^9 + x^2*y^2 + x^3*y^9
Z6xZ10,120,8,10,6.667,1.15,ok,x*y^8 + x^2*y^2 + x^3*y,x + x^2*y^8 + x^3*y
Z6xZ10,120,8,8,4.267,0.25,ok,y + x*y^7 + x^5,x*y + x^3*y + x^5*y^9
Z6xZ10,120,8,8,4.267,0.19,ok,x^2*y^8 + x^2*y^9 + x^4*y,y^2 + x^3*y^4 + x^4*y^3
Z6xZ10,120,8,6,2.4,0.05,ok,x^2*y^9 + x^3*y^9 + x^4*y^4,y^5 + x^4*y^2 + x^5*y^6
Z6xZ10,120,8,8,4.267,0.14,ok,y^5 + x^2*y^9 + x^4*y,y^9 + x*y^7 + x^5*y^6
Z6xZ10,120,8,6,2.4,0.03,ok,y^3 + y^5 + x^2*y^4,x^2*y^9 + x^4*y^3 + x^5*y^2
Z6xZ10,120,8,2,0.267,0.01,ok,y^2 + x*y^3 + x^2*y^3,y + x*y^2 + x^2*y^2
Z6xZ10,120,8,4,1.067,0.03,ok,x*y^4 + x^3 + x^5*y^2,x*y^3 + x^3*y^7 + x^5*y^4
Z6xZ10,120,8,8,4.267,0.23,ok,y^2 + x^2*y^4 + x^3*y^6,x*y^3 + x*y^5 + x^5*y^4
Z6xZ10,120,8,2,0.267,0.01,ok,x*y + x^3*y + x^5*y,x*y^5 + x^2*y^6 + x^3*y^2
Z6xZ10,120,8,6,2.4,0.04,ok,x^2 + x^4*y^6 + x^5*y^7,x*y^7 + x^2*y^7 + x^3*y^2
Z6xZ10,120,8,10,6.667,0.59,ok,x*y^9 + x^2*y^6 + x^3,y^2 + x^4*y^7 + x^5*y^6
Z6xZ10,120,8,6,2.4,0.03,ok,y^6 + x^2*y^2 + x^4,y + x*y^3 + x^5*y^3
Z6xZ10,120,8,8,4.267,0.22,ok,y^5 + x^3*y^3 + x^4*y^9,x*y^7 + x^5*y^4 + x^5*y^5
Z6xZ10,120,8,8,4.267,0.26,ok,y^6 + x*y^9 + x^2*y^8,y^9 + x*y^6 + x^2*y
Z6xZ10,120,8,6,2.4,0.05,ok,y^3 + x^2*y^7 + x^4*y,x^2*y^2 + x^3*y^7 + x^4*y^4
Z6xZ10,120,8,8,4.267,0.22,ok,y^8 + x^4*y^8 + x^5*y^9,x + x^2*y^3 + x^3*y^8
Z6xZ10,120,8,4,1.067,0.02,ok,x^3*y + x^4*y^8 + x^4*y^9,x*y^8 + x^2*y^6 + x^5*y^5
Z6xZ10,120,8,4,1.067,0.02,ok,y^7 + x*y^7 + x^2*y^9,y^6 + x*y^6 + x^2*y^6
Z6xZ10,120,16,4,2.133,0.03,ok,x*y^2 + x*y^6 + x^5*y^9,x^3*y^7 + x^5*y^4 + x^5*y^5
Z6xZ10,120,8,4,1.067,0.02,ok,x^2*y^7 + x^3*y^3 + x^4*y^3,y^5 + x^2*y^9 + x^4*y^5
Z6xZ10,120,8,10,6.667,0.49,ok,x^3*y^5 + x^4*y^6 + x^5*y^6,x*y^7 + x^2*y^4 + x^3*y^2
Z6xZ10,120,8,8,4.267,0.16,ok,y^5 + x*y^3 + x^5*y^4,y^6 + x*y^4 + x^5*y^9
Z6xZ10,120,8,6,2.4,0.03,ok,y + x^2*y^7 + x^5*y^5,x^3 + x^3*y^8 + x^4*y^9
Z6xZ10,120,8,4,1.067,0.02,ok,x^2 + x^2*y^7 + x^3*y,y^2 + y^4 + x*y^8
Z6xZ10,120,8,6,2.4,0.03,ok,x*y^3 + x^3*y^4 + x^5*y^8,x*y^8 + x^3*y^2 + x^5*y^4
Z6xZ10,120,8,8,4.267,0.32,ok,y^4 + x^3*y^2 + x^4*y^8,x^2*y^7 + x^2*y^8 + x^4
Z6xZ10,120,8,6,2.4,0.02,ok,x*y + x^3*y^2 + x^3*y^5,y + x*y^6 + x^5*y
Z6xZ10,120,16,4,2.133,0.02,ok,x^3*y^2 + x^5 + x^5*y^4,y + y^3 + x^5*y^7
Z6xZ10,120,8,4,1.067,0.02,ok,x^3*y + x^4*y^9 + x^5*y^7,x^3*y^9 + x^4*y^9 + x^5*y^7
Z6xZ10,120,8,10,6.667,0.46,ok,y^9 + x*y^9 + x^5,y^4 + x*y^9 + x^2*y
Z6xZ10,120,8,6,2.4,0.03,ok,y^5 + x^4*y^2 + x^5*y^8,y^7 + x*y^4 + x^5*y^5
Z6xZ10,120,8,8,4.267,0.15,ok,y^7 + x*y + x^5*y^9,y^9 + x*y^9 + x^2*y^5
Z6xZ10,120,8,8,4.267,0.21,ok,y^5 + x^2*y^8 + x^4*y^9,x*y^2 + x^3*y^4 + x^5*y^3
Z6xZ10,120,8,4,1.067,0.02,ok,x^2*y^5 + x^3*y^9 + x^4*y^5,x + x^3 + x^5*y^4
Z6xZ10,120,8,6,2.4,0.03,ok,x*y^9 + x^2*y^9 + x^3*y,x*y^3 + x^3*y^7 + x^5*y
Z6xZ10,120,8,6,2.4,0.03,ok,1 + x^2*y^7 + x^5*y^3,y + x^2*y^4 + x^5*y^3
Z6xZ10,120,8,8,4.267,0.19,ok,x*y^3 + x^2*y^6 + x^3*y^3,1 + x*y^5 + x^5*y
Z6xZ10,120,8,8,4.267,0.22,ok,y^3 + x^2*y^7 + x^4*y^3,y^9 + x^2*y^7 + x^4
Z6xZ10,120,16,6,4.8,0.04,ok,x*y^4 + x^4*y^6 + x^5,x^2 + x^4*y^8 + x^5*y^6
Z6xZ10,120,16,4,2.133,0.02,ok,y^5 + x^2*y^9 + x^4*y^7,x*y^3 + x^3*y^5 + x^5*y^3
Z6xZ10,120,8,8,4.267,0.22,ok,x*y^5 + x^2*y + x^3*y^7,x^2*y + x^3*y^9 + x^4*y^9
Z6xZ10,120,8,6,2.4,0.06,ok,y^9 + x^4*y^7 + x^5*y^5,y^7 + x*y^3 + x^2*y^3
Z6xZ10,120,8,8,4.267,0.16,ok,1 + x^4*y^6 + x^5*y^3,y^3 + x^2*y^3 + x^4*y^7
Z6xZ10,120,8,4,1.067,0.02,ok,y^2 + y^5 + x^5*y,y + x*y^2 + x^4
Z6xZ10,120,8,6,2.4,0.05,ok,y^5 + x^4*y^5 + x^5*y^4,x^3*y^7 + x^4*y^4 + x^5*y
Z6xZ10,120,8,8,4.267,0.2,ok,y^4 + x*y^7 + x^2*y^7,x*y^2 + x^3*y^2 + x^5
Z6xZ10,120,8,8,4.267,0.27,ok,x*y + x^2 + x^3*y^8,y^7 + x^2*y^7 + x^4*y^3
Z6xZ10,120,8,6,2.4,0.09,ok,y + x^2*y^9 + x^4*y^8,x + x^3*y^9 + x^5*y^8
Z6xZ10,120,8,8,4.267,0.21,ok,y^9 + x*y^7 + x^2,x + x^3*y^8 + x^5*y^6
Z6xZ10,120,8,4,1.067,0.06,ok,x*y^6 + x^3*y + x^5*y,y^8 + x^2*y^4 + x^3*y^5
Z6xZ10,120,8,10,6.667,0.45,ok,x^2*y^5 + x^3*y^7 + x^4*y^2,y^9 + x*y^4 + x^5*y^5
Z6xZ10,120,8,4,1.067,0.02,ok,x*y^8 + x^2*y + x^3,x*y^7 + x^3*y^9 + x^5*y
Z6xZ10,120,8,6,2.4,0.03,ok,x^3*y^7 + x^4*y^9 + x^5*y^2,y^4 + x^4*y^7 + x^5*y^7
Z6xZ10,120,8,4,1.067,0.03,ok,y + x^4*y + x^5*y^6,y^8 + x*y^2 + x*y^9
Z6xZ10,120,8,6,2.4,0.04,ok,x^2 + x^3*y^8 + x^4*y^9,y + x^2*y^3 + x^4*y^7
Z6xZ10,120,8,2,0.267,0.01,ok,x*y^6 + x^3*y^6 + x^5*y^6,x*y^6 + x^3*y^4 + x^5*y^3
Z6xZ10,120,8,4,1.067,0.02,ok,y^2 + x^4*y^2 + x^5*y^2,1 + x^2*y^8 + x^4
Z6xZ10,120,8,4,1.067,0.03,ok,x + x^2 + x^3,y^5 + y^6 + x^5*y^8
Z6xZ10,120,8,8,4.267,0.23,ok,x^3*y^6 + x^4*y^8 + x^5*y^6,y^6 + x*y^2 + x^5*y^6
Z6xZ10,120,8,4,1.067,0.04,ok,x + x^3*y^5 + x^5*y^5,y^5 + x^2*y + x^4*y^9
Z6xZ10,120,8,8,4.267,0.3,ok,1 + x^2*y^4 + x^4,x*y + x^2*y^9 + x^3*y^8
Z6xZ10,120,8,8,4.267,0.27,ok,y^6 + x*y + x^2*y^4,y^2 + x^4*y^8 + x^5*y^3
Z6xZ10,120,8,4,1.067,0.03,ok,x^4*y^8 + x^5*y + x^5*y^5,y^7 + x*y^7 + x^5*y^7
Z6xZ10,120,8,10,6.667,0.39,ok,x^3*y^3 + x^4 + x^5,x^2*y^5 + x^3*y^6 + x^4*y^6
Z6xZ10,120,8,8,4.267,0.2,ok,y^4 + x*y^8 + x^5,y^5 + x*y^7 + x^2*y^3
Z6xZ10,120,16,4,2.133,0.03,ok,y^2 + y^4 + x^2*y^8,x^3 + x^3*y + x^4*y^8
Z6xZ10,120,8,8,4.267,0.21,ok,x^3*y^4 + x^4*y^5 + x^5*y,x^3*y^9 + x^4*y^8 + x^5*y^4
Z6xZ10,120,8,8,4.267,0.32,ok,y^9 + x*y^8 + x^2*y^6,x*y + x^2 + x^3*y^4
Z6xZ10,120,8,8,4.267,0.17,ok,y^7 + x*y^8 + x^4*y^6,x^2*y + x^3*y^3 + x^5*y^5
Z6xZ10,120,8,6,2.4,0.03,ok,1 + x*y + x^2*y,x^3*y^4 + x^4*y^5 + x^5*y
Z6xZ10,120,8,8,4.267,0.29,ok,y^8 + x*y^7 + x^2*y^3,1 + x^4*y^7 + x^5*y^6
Z6xZ10,120,16,4,2.133,0.02,ok,x^2*y^3 + x^3*y^2 + x^5*y^6,y^7 + x*y^8 + x^3*y^4
Z6xZ10,120,8,8,4.267,0.2,ok,x*y^9 + x^3*y^5 + x^5*y^5,x*y^5 + x^3*y + x^5*y^4
Z6xZ10,120,8,4,1.067,0.03,ok,y^3 + x^2*y^8 + x^4*y^3,x*y^7 + x^3*y^2 + x^5*y^5
Z6xZ10,120,8,8,4.267,0.19,ok,x^3*y^2 + x^4*y^2 + x^5*y^4,y^6 + x^4*y^8 + x^5*y^2
Z6xZ10,120,8,8,4.267,0.19,ok,y^4 + x*y^7 + x^2,x*y^8 + x^3 + x^5*y^8
Z6xZ10,120,8,6,2.4,0.04,ok,y^2 + x*y^8 + x^2*y^5,y^7 + x^4*y^4 + x^5*y^6
Z6xZ10,120,8,6,2.4,0.03,ok,x^2*y^8 + x^3 + x^4*y^8,y^5 + x*y^9 + x^5*y
Z6xZ10,120,8,4,1.067,0.03,ok,x*y^2 + x^3 + x^5*y^2,x^3*y^4 + x^4*y^6 + x^5*y^6
Z6xZ10,120,8,8,4.267,0.24,ok,y^5 + y^7 + x^5*y,y^4 + x^3*y^3 + x^4*y^6
Z6xZ10,120,8,10,6.667,0.43,ok,y + x^4*y^2 + x^5*y^7,x + x^2*y^7 + x^3*y^3
Z6xZ10,120,8,12,9.6,2.05,ok,x*y^6 + x^2*y^8 + x^2*y^9,y^6 + x^3*y^4 + x^4*y^5
Z6xZ10,120,8,6,2.4,0.04,ok,x*y^9 + x^3*y^7 + x^5*y^9,y^8 + x*y^3 + x^2*y^3
Z6xZ10,120,8,4,1.067,0.03,ok,y^3 + x^4*y^7 + x^5*y,x + x^3*y^8 + x^5*y^4
Z6xZ10,120,8,8,4.267,0.23,ok,x^3*y^6 + x^4 + x^5*y^7,y^7 + x^4 + x^5
Z6xZ10,120,8,12,9.6,1.62,ok,x*y^7 + x^3*y^8 + x^4*y^9,x + x*y^9 + x^2*y^7
Z6xZ10,120,8,10,6.667,0.51,ok,y^8 + x*y^7 + x^5,y^6 + x^2*y^4 + x^4*y^4
Z6xZ10,120,8,8,4.267,0.25,ok,x^3*y^3 + x^5*y^2 + x^5*y^9,x^2*y^2 + x^4*y^4 + x^5*y^6
Z6xZ10,120,16,4,2.133,0.03,ok,y^4 + x*y^4 + x^5*y^4,x^2*y^3 + x^2*y^5 + x^3*y^9
Z6xZ10,120,8,8,4.267,0.25,ok,x*y + x*y^5 + x^2*y^8,x + x^5*y + x^5*y^4
Z6xZ10,120,8,8,4.267,0.22,ok,y^5 + x^2*y + x^4*y^5,y + x^2*y^2 + x^4*y^9
Z6xZ10,120,8,8,4.267,0.25,ok,y^5 + x*y^4 + x^2*y^2,x^2*y^9 + x^3*y^8 + x^4*y^8
Z6xZ10,120,8,6,2.4,0.05,ok,x^2*y^7 + x^3*y^7 + x^4*y^2,x^3*y + x^4*y^9 + x^5*y^2
Z6xZ10,120,8,4,1.067,0.04,ok,y^7 + x^2*y^2 + x^4*y^7,x*y^9 + x^3*y^2 + x^5*y
Z6xZ10,120,8,8,4.267,0.31,ok,x^3*y^9 + x^4*y^6 + x^5*y^2,y^4 + x^2 + x^4
Z6xZ10,120,8,4,1.067,0.03,ok,x^2*y^4 + x^3*y^5 + x^5*y^6,1 + x^2*y + x^2*y^9
Z6xZ10,120,8,6,2.4,0.03,ok,x*y^9 + x^2*y^9 + x^3*y^2,y^5 + x*y^6 + x^5*y^3
Z6xZ10,120,8,4,1.067,0.02,ok,y^9 + x^3*y^6 + x^5,x*y^9 + x^3*y^8 + x^4*y^7
Z6xZ10,120,8,6,2.4,0.04,ok,y^4 + x^3*y^7 + x^4*y^3,y^9 + x^2*y^8 + x^5
Z6xZ10,120,16,4,2.133,0.04,ok,x*y^6 + x^3*y + x^5*y^6,x + x*y + x^5*y^8
Z6xZ10,120,8,8,4.267,0.22,ok,y^5 + x^2*y^3 + x^5*y^7,y^6 + y^9 + x^5
Z6xZ10,120,8,6,2.4,0.04,ok,y + x^4*y^7 + x^5*y^9,x^2*y^8 + x^3*y^2 + x^4*y^2
Z6xZ10,120,8,6,2.4,0.05,ok,x^2*y^9 + x^3*y^5 + x^4*y^6,y^8 + x*y^8 + x^2*y^3
Z6xZ10,120,8,8,4.267,0.19,ok,x^3*y^7 + x^4*y^8 + x^5*y^4,x*y^6 + x^2*y^5 + x^3*y
Z6xZ10,120,8,8,4.267,0.26,ok,x^2 + x^3*y + x^4*y^3,x^3*y^5 + x^4*y^6 + x^5*y^6
Z6xZ10,120,8,6,2.4,0.04,ok,x*y^7 + x*y^9 + x^5*y^8,y^5 + x^2*y + x^5*y^9
Z6xZ10,120,8,4,1.067,0.03,ok,y^6 + x^2 + x^4*y^2,y^5 + x^2*y^4 + x^4*y^3
Z6xZ10,120,8,10,6.667,0.55,ok,y^8 + x + x^5*y^5,y^9 + x*y^3 + x^5*y^2
Z6xZ10,120,8,8,4.267,0.2,ok,y^6 + x^2*y^2 + x^4*y^8,x^2*y^8 + x^3*y^9 + x^4*y
Z6xZ10,120,8,8,4.267,0.25,ok,y + x^4*y^3 + x^5*y,1 + x^4*y^6 + x^5*y^8
Z6xZ10,120,8,8,4.267,0.26,ok,x*y^4 + x^3*y^2 + x^5*y^2,x^3*y^9 + x^4*y^6 + x^5*y^5
Z6xZ10,120,8,8,4.267,0.17,ok,x + x^3*y^4 + x^5*y^6,x^3*y + x^4*y^5 + x^5*y^8
Z6xZ10,120,8,4,1.067,0.02,ok,x*y^6 + x^3*y^4 + x^5*y^7,x*y^9 + x^3*y^4 + x^5*y^9
Z6xZ10,120,8,6,2.4,0.04,ok,x*y^4 + x^2*y^2 + x^3*y^7,x*y^9 + x^3*y^3 + x^5*y^5
Z6xZ10,120,8,6,2.4,0.03,ok,x^4*y + x^5*y^5 + x^5*y^7,x^2*y^3 + x^4*y^2 + x^5*y
Z6xZ10,120,8,8,4.267,0.25,ok,x^2 + x^3*y^6 + x^4*y^4,x*y^7 + x^3*y^7 + x^5*y^3
Z6xZ10,120,8,6,2.4,0.05,ok,y + x^2*y^5 + x^4*y,x*y^2 + x^2*y + x^3*y^7
Z6xZ10,120,8,10,6.667,0.76,ok,y^8 + x^4*y^7 + x^5*y^6,x^3*y^6 + x^4*y^9 + x^5*y^9
Z6xZ10,120,8,6,2.4,0.05,ok,y^3 + x^2*y^5 + x^4*y^9,x^3*y^6 + x^4*y^8 + x^5*y
Z6xZ10,120,8,6,2.4,0.03,ok,x^2*y + x^3*y^3 + x^5,x*y^5 + x^3*y^7 + x^3*y^8
Z6xZ10,120,16,6,4.8,0.08,ok,x + x^3*y^3 + x^3*y^7,x^3*y^2 + x^3*y^5 + x^5*y^6
Z6xZ10,120,8,2,0.267,0.01,ok,y + x*y + x^2*y^7,y^4 + x + x^5*y^4
Z6xZ10,120,8,10,6.667,0.59,ok,y^8 + x*y^3 + x^2*y,x*y^8 + x^2*y + x^3*y^5
Z6xZ10,120,8,8,4.267,0.2,ok,x^3*y^9 + x^4*y^4 + x^5*y^7,x^2*y + x^3*y^4 + x^4*y^3
Z6xZ10,120,8,8,4.267,0.21,ok,y^9 + x^2*y^2 + x^5*y,x^2*y + x^2*y^8 + x^4*y^7
Z6xZ10,120,8,6,2.4,0.04,ok,x^3*y^7 + x^4*y^4 + x^5*y^8,x*y^8 + x^3*y^6 + x^5*y^2
Z6xZ10,120,8,6,2.4,0.06,ok,y^8 + x^4*y^7 + x^5*y^3,y^9 + x^4 + x^5
Z6xZ10,120,8,6,2.4,0.11,ok,x*y^2 + x^3 + x^4*y^8,y^5 + y^9 + x^5*y^2
Z6xZ10,120,8,6,2.4,0.03,ok,y^2 + x^2*y^7 + x^4*y^5,1 + x^2*y + x^4*y^4
Z6xZ10,120,8,6,2.4,0.07,ok,x*y^2 + x*y^5 + x^5*y^6,y + x^4*y^6 + x^5*y^6
Z6xZ10,120,8,8,4.267,0.2,ok,x^3*y^3 + x^5 + x^5*y^6,y^8 + x*y^4 + x^4*y^7
Z6xZ10,120,8,6,2.4,0.04,ok,x^2*y^8 + x^3*y^7 + x^4*y^5,y + x^4*y^4 + x^5*y
Z6xZ10,120,8,6,2.4,0.03,ok,y^2 + x^2*y^6 + x^4*y^8,y^9 + x^2 + x^4*y^8
Z6xZ10,120,20,4,2.667,0.02,ok,y + x^4*y + x^5*y,x^2*y^9 + x^3*y^9 + x^4*y^4
Z6xZ10,120,8,8,4.267,0.25,ok,x^2*y^4 + x^3*y^2 + x^4*y^7,x*y^5 + x^3*y^5 + x^5*y^3
Z6xZ10,120,8,8,4.267,0.19,ok,y^8 + x^2*y^8 + x^4*y^6,x^2*y + x^3 + x^4*y^4
Z6xZ10,120,8,6,2.4,0.04,ok,x^2*y^5 + x^2*y^9 + x^4*y^2,x^2*y^8 + x^4 + x^5*y^7
Z6xZ10,120,8,8,4.267,0.21,ok,x^3*y^4 + x^3*y^6 + x^4,y^7 + x + x*y^4
Z6xZ10,120,8,8,4.267,0.22,ok,y^8 + x*y^4 + x^2*y^9,x + x^3*y^2 + x^5
Z6xZ10,120,8,6,2.4,0.04,ok,y^3 + x*y^3 + x^5*y^8,x^4*y^2 + x^5 + x^5*y^9
Z6xZ10,120,8,4,1.067,0.02,ok,y^8 + x^2*y^2 + x^3*y,x*y^7 + x^3*y^2 + x^5*y^2
Z6xZ10,120,8,8,4.267,0.25,ok,y^2 + x*y^5 + x^2*y^4,y^2 + x^2*y^4 + x^4*y^2
Z6xZ10,120,8,2,0.267,0.01,ok,x*y^3 + x^2*y^8 + x^3*y^4,y + x*y^7 + x^5*y^6
Z6xZ10,120,8,8,4.267,0.21,ok,1 + x*y^4 + x^2*y^6,y + x*y^5 + x^2*y^5
Z6xZ10,120,8,4,1.067,0.03,ok,1 + x*y^5 + x^2,y^9 + x^4*y^7 + x^5*y^8
Z6xZ10,120,8,6,2.4,0.05,ok,x*y^7 + x^2*y^5 + x^5*y^4,x*y^3 + x*y^4 + x^3*y
Z6xZ10,120,8,4,1.067,0.04,ok,x^2*y^2 + x^3*y + x^5,y^9 + x*y^8 + x^3*y^2
Z6xZ10,120,16,6,4.8,0.07,ok,x + x*y + x^3*y^8,y^5 + y^7 + x^4*y^6
Z6xZ10,120,8,6,2.4,0.02,ok,1 + x^2 + x^4*y^4,x^3*y^2 + x^4*y^2 + x^5*y
Z6xZ10,120,8,6,2.4,0.03,ok,x^2*y + x^3*y^9 + x^4,y^7 + x*y^3 + x^2*y^4
Z6xZ10,120,16,4,2.133,0.03,ok,x*y^3 + x^3*y^5 + x^5*y^9,x*y^5 + x^3*y^9 + x^5*y^7
Z6xZ10,120,8,4,1.067,0.02,ok,x*y^5 + x^3*y^9 + x^5*y,y^3 + x + x^2*y^7
Z6xZ10,120,8,6,2.4,0.05,ok,y^8 + x^4*y^9 + x^5*y^3,x*y^4 + x^3 + x^5*y^2
Z6xZ10,120,8,8,4.267,0.68,ok,y^8 + x^5*y^5 + x^5*y^6,x^3*y + x^3*y^4 + x^5
Z6xZ10,120,8,4,1.067,0.03,ok,x + x^3*y^5 + x^5*y^7,y^7 + x^2*y^7 + x^4*y^2
Z6xZ10,120,8,8,4.267,0.36,ok,y^8 + x*y^2 + x^4*y^4,x^4*y + x^4*y^7 + x^5*y^4
Z6xZ10,120,8,8,4.267,0.18,ok,y^7 + x^4*y^5 + x^5*y^3,y^7 + x^2*y^9 + x^4*y^7
Z6xZ10,120,8,8,4.267,0.19,ok,x*y^7 + x^3*y^6 + x^5*y^8,x*y^2 + x^3*y^4 + x^5*y^5
Z6xZ10,120,8,4,1.067,0.05,ok,x*y^9 + x^2*y + x^2*y^2,x*y^2 + x^3*y^4 + x^4*y^6
Z6xZ10,120,8,4,1.067,0.02,ok,y^4 + x^3*y^6 + x^5,y^4 + x*y^3 + x^4*y^5
Z6xZ10,120,8,8,4.267,0.25,ok,y^7 + x*y^8 + x^2*y^5,x*y^4 + x^3*y^6 + x^5*y^4
Z6xZ10,120,8,6,2.4,0.05,ok,1 + x^2*y^2 + x^4*y^6,y^2 + x^2*y^3 + x^4*y
Z6xZ10,120,16,4,2.133,0.03,ok,x*y^5 + x*y^6 + x^3*y^8,x + x^3*y^5 + x^5*y^5
Z6xZ10,120,8,8,4.267,0.26,ok,y^6 + x^4 + x^5,x^2*y + x^3*y^9 + x^4*y^5
Z6xZ10,120,8,6,2.4,0.06,ok,x^3 + x^4 + x^5*y^5,x*y^9 + x^2*y^3 + x^3*y^6
Z6xZ10,120,8,4,1.067,0.02,ok,x*y + x^2*y^8 + x^3*y,x*y^7 + x^3*y + x^5*y^7
Z6xZ10,120,8,6,2.4,0.03,ok,y^7 + x^2*y + x^5*y^8,x^2*y^4 + x^2*y^6 + x^3
Z6xZ10,120,8,4,1.067,0.03,ok,y + x*y^6 + x^2*y^3,x*y^8 + x^3*y^6 + x^5*y^6
Z6xZ10,120,8,2,0.267,0.01,ok,x*y^2 + x^3*y^9 + x^5,x*y^8 + x^3*y^5 + x^5*y^6
Z6xZ10,120,8,4,1.067,0.02,ok,1 + x^3*y^8 + x^4*y^9,x^2 + x^4*y + x^4*y^4
Z6xZ10,120,8,10,6.667,0.58,ok,x^2*y^9 + x^3*y^3 + x^4*y^2,y^5 + x*y + x^2*y^4
Z6xZ10,120,8,8,4.267,0.26,ok,x^3*y^4 + x^4*y^2 + x^5*y^8,x^2*y^5 + x^3*y^9 + x^4*y^7
Z6xZ10,120,8,8,4.267,0.23,ok,x^2*y + x^4*y^9 + x^5*y^2,x*y + x*y^4 + x^5
Z6xZ10,120,8,8,4.267,0.19,ok,y + x^2*y + x^4*y^9,y^3 + x*y^9 + x^5*y^7
Z6xZ10,120,8,8,4.267,0.2,ok,y^6 + x*y^5 + x^2*y,x*y^5 + x^3*y^9 + x^5*y^9
Z6xZ10,120,16,4,2.133,0.02,ok,y^8 + x^2 + x^3*y^2,x^2*y^8 + x^4*y^6 + x^5*y^4
Z6xZ10,120,8,8,4.267,0.23,ok,x^2*y^2 + x^3*y^8 + x^4*y^8,x^2*y^2 + x^3*y^8 + x^4*y^2
Z6xZ10,120,8,6,2.4,0.06,ok,y + x^2*y^5 + x^4*y^4,x*y^9 + x^3*y^6 + x^5*y^2
Z6xZ10,120,8,2,0.267,0.01,ok,x*y^3 + x^3*y^3 + x^5*y^3,1 + x*y^3 + x^2*y^6
Z6xZ10,120,8,4,1.067,0.05,ok,x^2*y + x^2*y^9 + x^4,x^2 + x^3*y^5 + x^4
Z6xZ10,120,8,8,4.267,0.26,ok,x*y^4 + x^3*y^2 + x^5*y^4,x*y^7 + x^2*y^7 + x^3*y^4
Z6xZ10,120,8,8,4.267,0.19,ok,y^9 + x^2*y^6 + x^4*y^2,x*y^7 + x^3*y^9 + x^5*y^7
Z6xZ10,120,8,8,4.267,0.18,ok,y^4 + x^2*y^8 + x^4,1 + x^2*y^6 + x^4*y
Z6xZ10,120,8,6,2.4,0.03,ok,y^8 + x^2*y + x^5*y^5,x*y + x^4*y^2 + x^5*y^4
Z6xZ10,120,8,4,1.067,0.02,ok,y^4 + x^2*y^2 + x^5*y,y + x^2*y^8 + x^5*y^9
Z6xZ10,120,8,6,2.4,0.06,ok,x^3*y + x^4*y^4 + x^5*y^9,x*y + x^2*y^6 + x^3*y^5
Z6xZ10,120,8,8,4.267,0.22,ok,x*y^4 + x^3*y^8 + x^5*y^4,y^9 + x*y^7 + x^5
Z6xZ10,120,8,6,2.4,0.04,ok,x^3*y^5 + x^4*y^3 + x^5*y^8,y^7 + x^2*y + x^4*y^5
Z6xZ10,120,8,8,4.267,0.21,ok,x*y + x^2*y^8 + x^3*y,x*y + x^2 + x^3*y^7
Z6xZ10,120,8,8,4.267,0.21,ok,y^2 + x^4*y^4 + x^5*y^6,x*y^7 + x^2*y^9 + x^3*y^3
Z6xZ10,120,8,2,0.267,0.01,ok,x*y^3 + x^2 + x^3*y^9,x*y^5 + x^3*y^5 + x^5*y^5
Z6xZ10,120,8,6,2.4,0.04,ok,x*y^6 + x^2*y^4 + x^3*y^6,x^2*y^6 + x^3 + x^4*y^4
Z6xZ10,120,8,8,4.267,0.29,ok,x^2*y^7 + x^3 + x^4*y^6,y^5 + x*y^8 + x^2*y^8
Z6xZ10,120,8,6,2.4,0.03,ok,y + x*y + x^2*y^4,x^3*y + x^4*y^3 + x^5*y^8
Z6xZ10,120,8,8,4.267,0.23,ok,x^3*y^6 + x^4*y^8 + x^4*y^9,y^7 + x^2*y^3 + x^2*y^6
Z6xZ10,120,8,4,1.067,0.03,ok,x*y^4 + x^3*y^2 + x^5*y,y^5 + x^2*y^3 + x^4*y
Z6xZ10,120,16,4,2.133,0.03,ok,x^4*y^4 + x^5*y^3 + x^5*y^5,x*y^3 + x*y^5 + x^3*y^9
Z6xZ10,120,8,8,4.267,0.19,ok,y^8 + x^4*y^4 + x^5*y^2,x*y^6 + x^2*y^6 + x^3*y^2
Z6xZ10,120,8,4,1.067,0.03,ok,x^3*y^7 + x^4*y^5 + x^4*y^9,x^3*y + x^3*y^7 + x^5*y^4
Z6xZ10,120,8,8,4.267,0.25,ok,x*y^9 + x^3*y^3 + x^5*y^2,y^7 + x^2*y^5 + x^4*y
Z6xZ10,120,8,8,4.267,0.25,ok,x^3*y^3 + x^4*y^7 + x^5*y^7,x^3*y^2 + x^4 + x^5
Z6xZ10,120,8,8,4.267,0.28,ok,y^5 + x^4 + x^5*y^3,x*y^6 + x^3*y^6 + x^5*y^8
Z6xZ10,120,8,6,2.4,0.03,ok,y^8 + x^2 + x^4*y^6,x*y^8 + x^2*y^8 + x^3*y^7
Z6xZ10,120,8,8,4.267,0.33,ok,x^2*y^4 + x^2*y^5 + x^3*y^7,x*y^7 + x^2*y^6 + x^5*y^3
Z6xZ10,120,8,8,4.267,0.18,ok,y^4 + x*y + x^2*y^7,x*y^6 + x^3*y^2 + x^5
Z6xZ10,120,16,4,2.133,0.03,ok,y + x*y^3 + x^4*y^9,x^3*y^7 + x^4*y^7 + x^5*y^7
Z6xZ10,120,8,8,4.267,0.16,ok,x*y^8 + x^2*y^6 + x^3*y^4,y^6 + x*y^8 + x^2*y^4
Z6xZ10,120,8,8,4.267,0.25,ok,x^2*y^9 + x^3 + x^4*y^3,x^3*y^3 + x^4*y^2 + x^5*y^9
Z6xZ10,120,8,8,4.267,0.23,ok,x*y^2 + x^3*y^4 + x^5*y^6,x*y^8 + x^2*y + x^3*y^8
Z6xZ10,120,8,6,2.4,0.05,ok,y^8 + x^4*y + x^5*y^6,y^5 + x*y^8 + x^2*y^8
Z6xZ10,120,16,6,4.8,0.08,ok,y^4 + x^2*y^2 + x^4*y^4,x*y + x^3*y^7 + x^5*y^5
Z6xZ10,120,8,2,0.267,0.01,ok,y + x^2*y^4 + x^4*y^7,x*y^3 + x^3*y^6 + x^5*y^9
Z6xZ10,120,8,6,2.4,0.04,ok,y^9 + x*y^3 + x^3*y^2,y^4 + x*y^9 + x^5*y^4
Z6xZ10,120,8,6,2.4,0.08,ok,x*y^7 + x^3*y^9 + x^5*y^2,x*y^3 + x^3*y^7 + x^5*y^6
Z6xZ10,120,8,6,2.4,0.04,ok,x^2*y^2 + x^3*y^4 + x^3*y^5,y^2 + x*y^2 + x^5*y^7
Z6xZ10,120,8,6,2.4,0.04,ok,y + x*y^4 + x^5*y^8,y^3 + x*y^4 + x^2*y^3
Z6xZ10,120,8,4,1.067,0.03,ok,x*y^4 + x^3*y^7 + x^5*y^2,x*y^2 + x^3*y^7 + x^5*y^7
Z6xZ10,120,8,8,4.267,0.21,ok,1 + x^2 + x^4*y^9,y^4 + x^2*y^9 + x^4*y^6
Z6xZ10,120,8,6,2.4,0.03,ok,y^3 + x^4*y^6 + x^5*y^6,y^3 + x^2*y^5 + x^4*y^9
Z6xZ10,120,8,6,2.4,0.05,ok,x^2*y^5 + x^3*y^8 + x^4*y^7,y^4 + x^4*y^6 + x^5*y^5
Z6xZ10,120,8,4,1.067,0.02,ok,x*y^4 + x^2*y^8 + x^3*y^8,y^3 + x^2*y^5 + x^4*y^3
Z6xZ10,120,8,6,2.4,0.05,ok,x^2*y^9 + x^3*y^2 + x^4*y^7,y^6 + x^2*y^4 + x^4*y^2
Z6xZ10,120,8,2,0.267,0.01,ok,x*y^8 + x^2*y^8 + x^3*y^7,y^8 + x*y^8 + x^2*y^7
Z6xZ10,120,8,8,4.267,0.2,ok,y + x^4*y^7 + x^5*y^4,y + x*y^2 + x^5
Z6xZ10,120,8,4,1.067,0.03,ok,y^9 + x^4*y + x^5*y^8,y^3 + x^2*y + x^4*y^5
Z6xZ10,120,8,2,0.267,0.01,ok,y^4 + x*y^8 + x^2*y^9,x^2*y^4 + x^3*y^8 + x^4*y^9
Z6xZ10,120,8,10,6.667,0.74,ok,y^9 + x^2*y^9 + x^4*y^5,x*y^4 + x^2*y^5 + x^3*y
Z6xZ10,120,8,8,4.267,0.27,ok,y^7 + x^2*y^2 + x^4*y^3,x + x^3*y^6 + x^5*y^9
Z6xZ10,120,8,10,6.667,0.66,ok,x^3*y^3 + x^4*y^4 + x^5*y^6,x*y^5 + x^2*y^2 + x^3*y^6
Z6xZ10,120,8,8,4.267,0.19,ok,x*y + x^2*y + x^3*y^2,y + x*y^9 + x^2*y^2
Z6xZ10,120,8,4,1.067,0.02,ok,x^4*y^9 + x^5*y^5 + x^5*y^8,x^3*y^5 + x^3*y^8 + x^5*y^9
Z6xZ10,120,8,8,4.267,0.26,ok,y^9 + x*y^2 + x^5,y^4 + x*y^5 + x^2*y^4
Z6xZ10,120,8,8,4.267,0.23,ok,y^4 + x*y + x^2*y^8,y + x^4*y^5 + x^5*y^6
Z6xZ10,120,8,6,2.4,0.04,ok,y + x^2*y^5 + x^4*y^7,x^3 + x^4 + x^5*y^8
Z6xZ10,120,8,10,6.667,0.44,ok,x*y^7 + x^2*y^8 + x^3*y^8,y^4 + x*y^3 + x^2*y
Z6xZ10,120,16,6,4.8,0.04,ok,y + x^2*y^2 + x^2*y^5,x*y^9 + x^5*y^2 + x^5*y^6
Z6xZ10,120,8,8,4.267,0.19,ok,y^7 + x^2*y^5 + x^4*y^3,x^3*y^3 + x^4*y^6 + x^5*y^7
Z6xZ10,120,8,8,4.267,0.2,ok,x*y^5 + x^2*y + x^3*y^4,x^3*y^9 + x^4*y^3 + x^5*y^6
Z6xZ10,120,8,2,0.267,0.01,ok,x + x^3 + x^5,x + x^2*y^9 + x^3*y^2
Z6xZ10,120,8,8,4.267,0.23,ok,x^2*y^2 + x^3 + x^4*y^2,y^8 + x^2*y^2 + x^4
Z6xZ10,120,8,8,4.267,0.25,ok,x^3*y^6 + x^4*y^6 + x^5,y^2 + x + x^5*y^4
Z6xZ10,120,8,8,4.267,0.23,ok,x^2*y^5 + x^3*y^6 + x^4,y^6 + x*y^9 + x^2*y^3
Z6xZ10,120,8,8,4.267,0.33,ok,x^2 + x^3*y^2 + x^4*y,y^8 + x*y^6 + x^2*y^9
Z6xZ10,120,8,2,0.267,0.01,ok,y^5 + x*y^3 + x^5*y^6,x*y^5 + x^3*y^5 + x^5*y^5
Z6xZ10,120,8,8,4.267,0.34,ok,x^3*y^2 + x^4*y^7 + x^5*y^5,y + x*y + x^5*y^8
Z6xZ10,120,8,8,4.267,0.22,ok,1 + x*y^9 + x^2*y^2,y^4 + x^4 + x^5*y^9
Z6xZ10,120,8,8,4.267,0.25,ok,x*y^3 + x^2*y^4 + x^3*y^2,y^9 + x*y^8 + x^2*y^8
Z6xZ10,120,8,10,6.667,0.54,ok,y^8 + x*y^5 + x^5*y^8,x^3*y^4 + x^4 + x^5*y^5
Z6xZ10,120,8,8,4.267,0.31,ok,y^4 + x*y + x^5,y^8 + x^4*y^9 + x^5*y
Z6xZ10,120,8,8,4.267,0.24,ok,x^2*y^5 + x^3*y + x^3*y^9,y + y^2 + x*y^9
Z6xZ10,120,8,6,2.4,0.03,ok,y^3 + x^2*y^9 + x^4*y,y^2 + x^2*y^7 + x^4*y
Z6xZ10,120,8,6,2.4,0.05,ok,y^5 + x^2*y^5 + x^4*y^9,x*y^7 + x^2 + x^3*y^7
Z6xZ10,120,8,4,1.067,0.03,ok,x^3*y^3 + x^3*y^4 + x^5*y^6,x^2*y + x^4*y^4 + x^5*y^2
Z6xZ10,120,8,8,4.267,0.19,ok,y^2 + x*y^4 + x*y^5,y^5 + x^2*y^4 + x^2*y^6
Z6xZ10,120,8,8,4.267,0.21,ok,x + x^3*y^9 + x^5*y^7,y^4 + x^2*y^9 + x^4*y^7
Z6xZ10,120,8,8,4.267,0.23,ok,y^3 + x^3*y^7 + x^5*y^5,x*y^2 + x^2*y^3 + x^4*y^9
Z6xZ10,120,8,8,4.267,0.23,ok,x^3*y^9 + x^4*y^8 + x^5*y^5,y^3 + x^4*y + x^5*y^2
Z6xZ10,120,8,12,9.6,1.82,ok,y^4 + x*y^5 + x^4*y^3,x*y^3 + x^2*y + x^4*y^4
Z6xZ10,120,8,4,1.067,0.03,ok,x*y^2 + x^2*y + x^5*y^3,x^2*y^3 + x^4*y^9 + x^5*y^5
Z6xZ10,120,8,10,6.667,0.63,ok,x^3*y + x^4*y^2 + x^5*y^8,x*y^8 + x^2*y^5 + x^3*y^3
Z6xZ10,120,8,8,4.267,0.31,ok,1 + x^4*y^4 + x^5*y,y + x^4*y^3 + x^5
Z6xZ10,120,8,6,2.4,0.05,ok,x^2*y^7 + x^3*y^3 + x^4*y^6,x*y^2 + x^2 + x^3*y
Z6xZ10,120,8,8,4.267,0.3,ok,1 + x^4 + x^5*y^6,x^3*y + x^4*y^5 + x^5*y^7
Z6xZ10,120,8,10,6.667,0.8,ok,x + x^3*y^8 + x^5,y^2 + x*y^5 + x^5*y^4
Z6xZ10,120,8,6,2.4,0.04,ok,y^2 + x^4*y^8 + x^5*y^4,x^3*y^9 + x^4*y + x^5*y
Z6xZ10,120,8,8,4.267,0.32,ok,y + x^2*y^3 + x^3*y^5,x^2 + x^4*y + x^4*y^4
Z6xZ10,120,8,4,1.067,0.03,ok,y^8 + x^4 + x^5*y^6,x^3*y^8 + x^4*y^8 + x^5*y^8
Z6xZ10,120,8,6,2.4,0.05,ok,x + x^3*y^2 + x^5*y^4,x*y^2 + x^3*y^2 + x^5*y
Z6xZ10,120,8,8,4.267,0.25,ok,y^3 + x^2*y^5 + x^4*y^5,x^3 + x^4*y^6 + x^5*y^4
Z6xZ10,120,8,4,1.067,0.03,ok,x*y^7 + x^3*y^9 + x^5*y^4,y^6 + x^2*y^4 + x^4*y^6
Z6xZ10,120,16,2,0.533,0.01,ok,x*y^4 + x^3*y^4 + x^5*y^6,x*y^8 + x^3*y^8 + x^5*y^8
Z6xZ10,120,8,8,4.267,0.24,ok,x*y^6 + x^2*y^7 + x^3,y^8 + x*y^5 + x^5*y^3
Z6xZ10,120,8,6,2.4,0.05,ok,x*y^3 + x*y^9 + x^5*y^6,y^2 + y^3 + x
Z6xZ10,120,8,8,4.267,0.23,ok,1 + x^4*y + x^5*y^3,y^4 + x*y^6 + x^2*y^5
Z6xZ10,120,8,10,6.667,0.81,ok,y^9 + x*y^7 + x^5*y^6,x^2*y^4 + x^3*y^9 + x^4*y^3
Z6xZ10,120,8,4,1.067,0.02,ok,x^2*y^8 + x^4*y^4 + x^5*y^5,x^2*y^6 + x^4*y^7 + x^5*y^8
Z6xZ10,120,8,8,4.267,0.34,ok,1 + y^2 + x^4*y,x + x^2*y^2 + x^2*y^8
Z6xZ10,120,8,6,2.4,0.04,ok,y^2 + x^4*y^5 + x^5*y^4,y^8 + x*y^3 + x^2*y^3
Z6xZ10,120,16,4,2.133,0.04,ok,x^3*y^5 + x^3*y^6 + x^5*y^3,x^2*y^3 + x^2*y^7 + x^4
Z6xZ10,120,8,4,1.067,0.02,ok,x^2*y^7 + x^3*y^6 + x^5*y^5,x + x^2*y^9 + x^4*y^3
Z6xZ10,120,8,12,9.6,1.57,ok,x*y^6 + x^4 + x^5*y^3,x*y + x^2*y^2 + x^2*y^5
Z6xZ10,120,8,4,1.067,0.03,ok,y^3 + x*y^9 + x^5,y^5 + x^2*y^7 + x^4*y^3
Z6xZ10,120,8,8,4.267,0.21,ok,y^4 + x*y^2 + x^2*y^8,y^5 + x^4*y^9 + x^5*y^5
Z6xZ10,120,8,10,6.667,0.53,ok,y^5 + x^2*y^9 + x^4*y^5,x*y + x^2 + x^3*y^4
Z6xZ10,120,8,8,4.267,0.3,ok,y^3 + x^3*y^9 + x^4*y^6,x^2*y^4 + x^4*y^5 + x^5*y^6
Z6xZ10,120,8,12,9.6,1.73,ok,y^2 + x^3*y^9 + x^4*y^3,x^2*y^9 + x^4*y^6 + x^5*y^3
Z6xZ10,120,8,4,1.067,0.03,ok,y^2 + x*y^2 + x^2*y^2,x^2*y^2 + x^2*y^9 + x^3*y^3
Z6xZ10,120,8,8,4.267,0.34,ok,y^4 + x + x*y^3,x^2*y + x^3*y^4 + x^5*y^2
Z6xZ10,120,8,6,2.4,0.04,ok,x^2*y^7 + x^3*y^3 + x^5*y^4,y^6 + x + x^3*y^4
Z6xZ10,120,8,10,6.667,0.48,ok,y^6 + x^4*y^5 + x^5*y^9,y^5 + x^4*y^8 + x^5*y^4
Z6xZ10,120,8,8,4.267,0.26,ok,x^2*y^8 + x^4*y^4 + x^4*y^7,x*y^5 + x^2*y^2 + x^5*y^3
Z6xZ10,120,8,6,2.4,0.03,ok,x^2 + x^3*y^5 + x^4*y^5,y^3 + x*y^5 + x^5
Z6xZ10,120,16,6,4.8,0.06,ok,y^4 + x*y^8 + x^4,y^5 + x^2*y^3 + x^5*y^7
Z6xZ10,120,8,4,1.067,0.02,ok,y^2 + x*y^4 + x^5,y^6 + x^4*y^8 + x^5*y^4
Z6xZ10,120,8,10,6.667,0.57,ok,x + x^2*y + x^3*y^3,y^3 + x*y^3 + x^5*y^4
Z6xZ10,120,8,4,1.067,0.02,ok,x*y^8 + x^4*y^5 + x^5*y^4,1 + x^3*y^2 + x^4*y^6
Z6xZ10,120,8,8,4.267,0.25,ok,x*y^5 + x^2 + x^3*y^9,y^4 + x*y^7 + x^2*y^6
Z6xZ10,120,8,8,4.267,0.28,ok,x^2*y^8 + x^3*y^8 + x^4,x*y^5 + x^3*y^9 + x^5*y^9
Z6xZ10,120,16,6,4.8,0.06,ok,x*y^7 + x*y^8 + x^3*y^5,y^3 + y^6 + x^4*y^2
Z6xZ10,120,8,4,1.067,0.03,ok,x*y^9 + x^3*y^5 + x^5*y^3,y^4 + x*y^8 + x^2*y^2
Z6xZ10,120,8,8,4.267,0.2,ok,y^4 + x^2*y^8 + x^4*y^8,x*y^9 + x^3*y + x^5*y^4
Z6xZ10,120,8,8,4.267,0.19,ok,x^2*y^2 + x^3*y^4 + x^4*y^6,y^5 + x^4*y^9 + x^5*y^5
Z6xZ10,120,8,10,6.667,0.48,ok,x^2*y^7 + x^3*y^8 + x^4,y^3 + x^2*y^3 + x^4*y^5
Z6xZ10,120,8,8,4.267,0.27,ok,x*y^9 + x^2*y^7 + x^3*y^4,x + x^3*y^4 + x^5
Z6xZ10,120,8,10,6.667,0.55,ok,y + x*y^4 + x^5*y^3,x^2*y + x^3*y^3 + x^4*y^8
Z6xZ10,120,8,6,2.4,0.03,ok,x^2*y^7 + x^4*y + x^5*y^5,x^4*y^8 + x^5*y^4 + x^5*y^7
Z6xZ10,120,8,8,4.267,0.26,ok,y^2 + x*y + x^2*y^9,y^7 + x^2*y^3 + x^4*y^7
Z6xZ10,120,8,8,4.267,0.16,ok,y + x^2*y^3 + x^4*y^5,x^2*y^2 + x^3*y^5 + x^4
Z6xZ10,120,8,10,6.667,0.52,ok,x^3*y^7 + x^4*y^6 + x^5*y^2,x^3*y + x^4*y^6 + x^5*y^4
Z6xZ10,120,8,12,9.6,1.69,ok,y^9 + x*y^5 + x^4*y^8,y^2 + x*y^5 + x^3*y^8
Z6xZ10,120,8,4,1.067,0.02,ok,x*y^2 + x^2 + x^3*y^6,x*y^2 + x^3*y^6 + x^5
Z6xZ10,120,8,6,2.4,0.04,ok,x*y^7 + x^3*y + x^5*y^4,x*y^4 + x^3*y^5 + x^5
Z6xZ10,120,8,2,0.267,0.01,ok,x^3*y^7 + x^4*y^6 + x^5*y^5,x^3*y^9 + x^4*y^8 + x^5*y^7
Z6xZ10,120,8,10,6.667,0.5,ok,x*y + x^3*y^3 + x^5*y,x^3*y^6 + x^4*y^8 + x^5*y^9
Z6xZ10,120,8,8,4.267,0.18,ok,x + x^3*y^5 + x^5*y^2,x*y^2 + x^3*y + x^5*y^7
Z6xZ10,120,8,8,4.267,0.39,ok,x^2*y^5 + x^3*y^7 + x^5*y^4,y^8 + x^2*y^4 + x^3*y^5
Z6xZ10,120,8,4,1.067,0.02,ok,y^6 + x*y^8 + x^4*y^4,x^2*y^5 + x^2*y^6 + x^4*y^8
Z6xZ10,120,8,4,1.067,0.04,ok,y^3 + x^4*y^3 + x^5*y^3,y^2 + x*y^5 + x^4*y^4
Z6xZ10,120,8,10,6.667,0.5,ok,x^2*y + x^3*y + x^4,y^8 + x*y^5 + x^5
Z6xZ10,120,8,6,2.4,0.06,ok,x + x^3*y^7 + x^5*y^2,x*y^7 + x^3 + x^5*y^6
Z6xZ10,120,8,10,6.667,0.49,ok,x^2*y^2 + x^3 + x^4*y^9,1 + x*y^7 + x^5*y^6
Z6xZ10,120,16,4,2.133,0.05,ok,y^2 + y^9 + x^2*y^3,y^2 + y^4 + x^2*y^3
Z6xZ10,120,8,6,2.4,0.04,ok,x*y^8 + x^3 + x^5*y^2,x^2*y^8 + x^3*y^7 + x^4*y^2
Z6xZ10,120,8,4,1.067,0.03,ok,x*y^5 + x^2*y^3 + x^2*y^7,1 + x^2*y^3 + x^3*y
Z6xZ10,120,8,8,4.267,0.26,ok,y^6 + x*y^3 + x^2*y,1 + x*y^3 + x^2*y
Z6xZ10,120,8,8,4.267,0.24,ok,x + x^2*y^5 + x^3*y^8,y^6 + x*y^7 + x^2*y^8
Z6xZ10,120,8,4,1.067,0.03,ok,x*y^5 + x^3*y^2 + x^5*y^6,x*y^3 + x^3*y^5 + x^5*y^7
Z6xZ10,120,8,8,4.267,0.23,ok,y^4 + x^4*y^6 + x^5*y^8,y^9 + x*y^9 + x^2*y^3
Z6xZ10,120,8,8,4.267,0.26,ok,x + x^2*y^9 + x^5*y^6,x^2*y^6 + x^3*y^4 + x^5*y^2
Z6xZ10,120,8,8,4.267,0.2,ok,x*y^2 + x^2*y^2 + x^3,x*y + x^3*y^9 + x^5*y^9
Z6xZ10,120,8,8,4.267,0.26,ok,1 + x*y^6 + x^2*y^3,x*y^6 + x^3*y^2 + x^5*y^2
Z6xZ10,120,8,4,1.067,0.03,ok,y^2 + x*y^9 + x^4*y^5,x^3*y + x^3*y^2 + x^5*y^9
Z6xZ10,120,8,8,4.267,0.29,ok,y^7 + x*y + x^2*y,x*y + x^2*y^3 + x^3*y^3
Z6xZ10,120,8,4,1.067,0.03,ok,y^4 + x^2*y^8 + x^4*y^7,y + x^2*y^3 + x^4*y^5
Z6xZ10,120,8,2,0.267,0.01,ok,y^7 + x^4*y^5 + x^5*y^6,1 + x^4*y^8 + x^5*y^9
Z6xZ10,120,8,10,6.667,0.52,ok,y^6 + x*y^8 + x^5*y^3,x*y^2 + x^2*y + x^3*y^5
Z6xZ10,120,8,6,2.4,0.03,ok,x*y + x^2*y^4 + x^3,y^7 + x*y^3 + x^5*y^6
Z6xZ10,120,8,8,4.267,0.21,ok,y^2 + x*y^7 + x^5*y^5,y^9 + x^4*y + x^5
Z6xZ10,120,8,10,6.667,0.46,ok,1 + x^4*y^9 + x^5*y^6,y^2 + x*y^3 + x^2*y
Z6xZ10,120,8,4,1.067,0.02,ok,x*y + x^2*y^5 + x^2*y^7,y^3 + y^6 + x^5*y^7
Z6xZ10,120,8,8,4.267,0.29,ok,1 + x*y^6 + x^2*y^4,y^4 + x^2 + x^4
Z6xZ10,120,8,4,1.067,0.02,ok,y^8 + x*y^4 + x^5*y^2,y^6 + x*y^4 + x^2
Z6xZ10,120,8,8,4.267,0.24,ok,y^5 + x^4*y^2 + x^5,x^3*y^2 + x^4*y^6 + x^5*y^5
Z6xZ10,120,8,8,4.267,0.27,ok,1 + x*y + x^5,y^5 + x*y^7 + x^2*y^8
Z6xZ10,120,8,4,1.067,0.03,ok,x*y^2 + x^2*y^6 + x^4,x*y^5 + x^2*y^4 + x^4*y^8
Z6xZ10,120,8,4,1.067,0.02,ok,x^2*y + x^3*y^2 + x^3*y^5,x^2*y^5 + x^3*y^5 + x^4*y^5
Z6xZ10,120,16,6,4.8,0.14,ok,x*y^2 + x^3*y^2 + x^5*y^8,x*y^8 + x^3 + x^5*y^2
Z6xZ10,120,8,8,4.267,0.22,ok,y^3 + x*y + x^5*y^2,y^7 + x^2*y^7 + x^4*y^9
Z6xZ10,120,8,4,1.067,0.02,ok,x^3*y^7 + x^5*y + x^5*y^8,x^2*y^5 + x^3 + x^4*y^5
Z6xZ10,120,8,6,2.4,0.04,ok,x*y^5 + x^3*y + x^5*y^7,x^2*y^5 + x^3*y^3 + x^4*y^5
Z6xZ10,120,16,4,2.133,0.02,ok,x*y^5 + x^4*y^9 + x^5*y^7,y^5 + x^2*y^3 + x^2*y^7
Z6xZ10,120,8,8,4.267,0.2,ok,x*y^8 + x^2*y + x^4*y^9,y^2 + y^9 + x^2*y^3
Z6xZ10,120,8,4,1.067,0.02,ok,y + x^2*y^9 + x^4*y^3,x^2 + x^3*y^9 + x^4*y^6
Z6xZ10,120,8,4,1.067,0.03,ok,y^4 + x^2*y^3 + x^4*y^7,x*y^2 + x^3*y + x^5*y^8
Z6xZ10,120,8,6,2.4,0.04,ok,1 + x + x^5*y,1 + x^4*y^9 + x^5
Z6xZ10,120,8,8,4.267,0.42,ok,x^3*y^3 + x^4*y^4 + x^5*y^2,y^9 + x^2*y^7 + x^4*y^7
Z6xZ10,120,8,6,2.4,0.04,ok,y^5 + x*y^5 + x^5,x^3*y^8 + x^4*y^5 + x^5*y^3
Z6xZ10,120,8,4,1.067,0.03,ok,y^6 + x^2*y^9 + x^5*y^8,x*y^7 + x^4*y^8 + x^5
Z6xZ10,120,8,6,2.4,0.03,ok,y^9 + x*y^8 + x^2*y,x^3*y^6 + x^4*y^3 + x^5*y^4
Z6xZ10,120,8,8,4.267,0.36,ok,x^3*y^7 + x^4 + x^4*y^9,x^2*y + x^4 + x^4*y^7
Z6xZ10,120,8,8,4.267,0.2,ok,x*y + x*y^8 + x^2*y^7,x^3*y^3 + x^3*y^9 + x^5*y^6
Z6xZ10,120,8,6,2.4,0.08,ok,y^9 + x^2*y^7 + x^4*y^5,y^5 + x*y^4 + x^5*y^4
Z6xZ10,120,8,12,9.6,1.69,ok,x^2*y + x^4 + x^5*y^4,y^2 + y^3 + x*y^5
Z6xZ10,120,8,4,1.067,0.02,ok,x^2*y^4 + x^3*y^9 + x^4*y^2,x + x^2*y^3 + x^3*y^6
Z6xZ10,120,8,6,2.4,0.03,ok,x^3*y^7 + x^4*y + x^5*y^9,x^2*y^7 + x^3*y^7 + x^4*y^3
Z6xZ10,120,8,8,4.267,0.18,ok,y^5 + x^2*y^9 + x^4*y^5,y^7 + x*y^3 + x^5*y^7
Z6xZ10,120,8,8,4.267,0.18,ok,x^3*y^7 + x^4*y^6 + x^5*y^9,x*y^7 + x^3*y + x^5*y
Z6xZ10,120,8,6,2.4,0.05,ok,x^3*y^4 + x^4*y^5 + x^5*y^6,x*y^6 + x^2*y^7 + x^3*y^6
Z6xZ10,120,8,4,1.067,0.03,ok,y^4 + x*y^3 + x^3*y^7,x^2*y^3 + x^3*y^9 + x^5
Z6xZ10,120,8,8,4.267,0.22,ok,x*y^8 + x^5 + x^5*y,x*y + x^2 + x^4*y^4
Z6xZ10,120,8,12,9.6,2.09,ok,x^2*y^7 + x^3*y^4 + x^3*y^5,1 + x*y^9 + x^3*y^8
Z6xZ10,120,8,8,4.267,0.39,ok,y + y^4 + x^5,x*y^3 + x^4*y^2 + x^5*y^5
Z6xZ10,120,16,4,2.133,0.04,ok,x^2*y^8 + x^4*y^7 + x^4*y^9,y^3 + y^9 + x^2*y
Z6xZ10,120,8,8,4.267,0.21,ok,y^4 + x*y^6 + x^2*y^9,x*y^6 + x^2*y^8 + x^3*y^7
Z6xZ10,120,8,6,2.4,0.06,ok,x*y^3 + x^3*y^2 + x^5*y^2,y^9 + x^2*y^2 + x^4*y^6
Z6xZ10,120,8,8,4.267,0.24,ok,y^9 + x^3*y^6 + x^5,x^2*y^2 + x^4*y^5 + x^4*y^9
Z6xZ10,120,8,8,4.267,0.25,ok,x*y^9 + x^3*y^3 + x^5*y^9,y^2 + x*y + x^5*y^9
Z6xZ10,120,8,6,2.4,0.06,ok,y^2 + x^2 + x^4*y^6,x^3*y^6 + x^4*y^6 + x^5*y^3
Z6xZ10,120,8,4,1.067,0.02,ok,x^2*y^7 + x^3*y^9 + x^4*y^9,x*y^7 + x^2*y^7 + x^3*y^5
Z6xZ10,120,8,6,2.4,0.03,ok,x^3*y^4 + x^3*y^6 + x^5*y^5,y^7 + x*y^6 + x^4*y^3
Z6xZ10,120,16,6,4.8,0.04,ok,y^8 + x^4*y^4 + x^4*y^7,y^5 + y^9 + x^4*y^2
Z6xZ10,120,8,6,2.4,0.04,ok,x*y^5 + x^3 + x^5*y^2,y^6 + x^2*y^3 + x^4*y^8
Z6xZ10,120,8,8,4.267,0.25,ok,x*y + x^2*y^2 + x^3*y^4,x*y + x^2*y^2 + x^3*y^8
Z6xZ10,120,8,6,2.4,0.05,ok,y^5 + x*y^5 + x^2,x*y + x^2*y^2 + x^5*y^5
Z6xZ10,120,8,4,1.067,0.04,ok,y^3 + x*y^3 + x^5*y^3,x*y + x*y^2 + x^2*y^4
Z6xZ10,120,8,8,4.267,0.19,ok,x^3*y^7 + x^4*y^3 + x^5*y^5,1 + x^4*y^8 + x^5
Z6xZ10,120,8,10,6.667,1.16,ok,y^6 + x^4*y^9 + x^5*y^8,y^8 + x*y^9 + x^2*y^9
Z6xZ10,120,8,8,4.267,0.19,ok,x*y^5 + x^3*y^7 + x^4*y^9,y^9 + x^2*y^8 + x^5*y^5
Z6xZ10,120,8,8,4.267,0.22,ok,x^3*y^6 + x^4*y^4 + x^5*y^3,y^3 + x^2*y^7 + x^4*y^3
Z6xZ10,120,8,10,6.667,0.51,ok,1 + x*y^4 + x^2*y,x^3*y^6 + x^4*y^2 + x^5*y^3
Z6xZ10,120,8,8,4.267,0.25,ok,x*y^3 + x^2*y + x^3*y^3,y^7 + x*y + x^5*y^7
Z6xZ10,120,8,6,2.4,0.03,ok,y^8 + x*y^3 + x^5*y^8,y^8 + x*y^4 + x^2*y^5
Z6xZ10,120,8,4,1.067,0.04,ok,y^7 + x^2*y^8 + x^4*y^8,y^5 + x^2 + x^4*y^9
Z6xZ10,120,8,10,6.667,0.79,ok,y^6 + x*y^5 + x^5*y^6,y^8 + x^4*y^3 + x^5*y
Z6xZ10,120,8,4,1.067,0.03,ok,x^4*y^5 + x^4*y^7 + x^5*y,1 + y^8 + x*y^9
Z6xZ10,120,8,2,0.267,0.01,ok,y^3 + x^2 + x^4*y^9,y^8 + x^2*y^5 + x^4*y^4
Z6xZ10,120,8,4,1.067,0.03,ok,y^9 + x^2*y^9 + x^4*y^4,y^3 + x^3*y^9 + x^4*y^6
Z6xZ10,120,8,6,2.4,0.06,ok,y^9 + x^2*y + x^4*y,x*y^3 + x^3*y^3 + x^5
Z6xZ10,120,8,2,0.267,0.01,ok,y^3 + x^4*y^4 + x^5*y^8,y^6 + x + x^2*y^5
Z6xZ10,120,8,4,1.067,0.04,ok,x^2 + x^4*y^7 + x^5*y^9,y^8 + x^3*y^4 + x^5*y^6
Z6xZ10,120,16,4,2.133,0.04,ok,x*y^5 + x*y^7 + x^3*y,y^3 + x*y^2 + x*y^4
Z6xZ10,120,8,4,1.067,0.03,ok,x*y^5 + x^3*y^3 + x^5*y^5,y^8 + x*y^3 + x^2*y^8
Z6xZ10,120,8,12,9.6,1.69,ok,x^3*y^7 + x^4*y^4 + x^4*y^5,y^6 + x^2*y^5 + x^5*y^2
Z6xZ10,120,8,8,4.267,0.19,ok,y^4 + x^2 + x^4*y^4,x*y^3 + x^2*y^7 + x^3*y^9
Z6xZ10,120,8,8,4.267,0.3,ok,y^7 + x*y^6 + x^2*y^6,1 + x*y^8 + x^5*y
Z6xZ10,120,8,10,6.667,0.66,ok,1 + x*y^8 + x^5*y^5,x*y^7 + x^2*y^8 + x^3*y^4
Z6xZ10,120,8,8,4.267,0.25,ok,x*y + x^4*y^2 + x^5*y^4,1 + x*y^9 + x^4*y^6
Z6xZ10,120,8,4,1.067,0.03,ok,y + x^3 + x^4*y^8,y^7 + x^5*y^5 + x^5*y^9
Z6xZ10,120,8,6,2.4,0.04,ok,x^2*y^9 + x^3*y^2 + x^4*y^9,x*y^3 + x^3*y^5 + x^5*y^9
Z6xZ10,120,16,4,2.133,0.02,ok,y^8 + x*y^3 + x^5*y^3,x*y^3 + x^2*y^2 + x^5*y^9
Z6xZ10,120,8,6,2.4,0.05,ok,x*y^5 + x^3*y + x^5*y^7,y^4 + x^2*y^6 + x^4*y
Z6xZ10,120,8,12,9.6,2.44,ok,y^7 + x*y^4 + x^3*y,y^3 + x*y^4 + x*y^7
Z6xZ10,120,8,6,2.4,0.03,ok,y^3 + x*y^8 + x^2,x*y + x^2*y^8 + x^3
Z6xZ10,120,8,8,4.267,0.25,ok,y^9 + x^2*y^5 + x^4*y,x*y^7 + x^3*y^7 + x^5*y^6
Z6xZ10,120,8,8,4.267,0.21,ok,x*y^2 + x^3*y^9 + x^5*y^7,y^9 + x^2 + x^4*y^3
Z6xZ10,120,8,8,4.267,0.23,ok,x + x^2*y^2 + x^3*y^6,y^4 + x^2*y^4 + x^4*y^2
Z6xZ10,120,8,8,4.267,0.21,ok,x*y^5 + x^2*y^8 + x^3*y^9,x^2*y^2 + x^3*y^3 + x^4*y^2
Z6xZ10,120,8,8,4.267,0.27,ok,x*y^7 + x^3*y^9 + x^5*y^5,x*y^6 + x^2*y^4 + x^3*y
Z6xZ10,120,8,8,4.267,0.4,ok,x*y^9 + x^2*y^6 + x^2*y^7,x*y^5 + x^3*y + x^3*y^4
Z6xZ10,120,16,6,4.8,0.04,ok,x*y^8 + x^3 + x^5,y^9 + x^2*y^3 + x^4*y^5
Z6xZ10,120,8,8,4.267,0.19,ok,y^3 + x^4*y^5 + x^5,x^3*y^3 + x^4*y^4 + x^5*y
Z6xZ10,120,8,10,6.667,0.56,ok,x^2*y^6 + x^3*y^7 + x^4*y^3,y^5 + x*y^2 + x^2*y^4
Z6xZ10,120,8,8,4.267,0.21,ok,x*y^6 + x^3*y^5 + x^5*y^7,x*y^3 + x^3*y^4 + x^5
Z6xZ10,120,8,4,1.067,0.04,ok,y^5 + x + x^2*y^5,y^2 + x*y + x^2
Z6xZ10,120,8,8,4.267,0.2,ok,x*y^9 + x^3*y^5 + x^5*y^3,x*y^5 + x^2*y^6 + x^3*y^6
Z6xZ10,120,8,10,6.667,0.6,ok,y^9 + x*y^7 + x^5*y^2,x*y^2 + x^2*y^5 + x^3*y^9
Z6xZ10,120,8,8,4.267,0.21,ok,y^2 + x^2*y^9 + x^4*y^6,1 + x^2*y^9 + x^4*y^7
Z6xZ10,120,8,8,4.267,0.23,ok,x*y^3 + x^2*y^9 + x^4,x*y^6 + x^3*y^3 + x^4*y^5
Z6xZ10,120,16,2,0.533,0.01,ok,1 + x^2*y^7 + x^5*y^3,x*y^6 + x^3*y^6 + x^5*y^6
Z6xZ10,120,16,6,4.8,0.07,ok,y^3 + y^4 + x^2*y,x*y + x^3 + x^3*y^7
Z6xZ10,120,8,4,1.067,0.04,ok,x^2*y^6 + x^3 + x^5*y^9,x^2*y^5 + x^4*y^4 + x^4*y^6
Z6xZ10,120,8,6,2.4,0.05,ok,x^2*y^3 + x^3*y^6 + x^4*y^3,x*y^8 + x^3*y^4 + x^5*y^4
Z6xZ10,120,8,8,4.267,0.18,ok,1 + x^4*y^6 + x^5*y^3,y^6 + x*y^7 + x^2
Z6xZ10,120,8,8,4.267,0.19,ok,y^6 + x*y^3 + x^5*y^4,y^9 + x^2*y^9 + x^4*y^3
Z6xZ10,120,16,4,2.133,0.02,ok,y^3 + x*y^3 + x^5*y^3,y^5 + x^3*y^3 + x^5*y^9
Z6xZ10,120,8,8,4.267,0.18,ok,x^3*y^7 + x^4*y + x^5*y^9,y^2 + x^2*y^6 + x^4
Z6xZ10,120,8,4,1.067,0.04,ok,y + x^2*y^6 + x^4*y,y^7 + x^2*y^9 + x^4*y^6
Z6xZ10,120,8,10,6.667,0.56,ok,y^6 + x^2*y^6 + x^4*y^2,y + x + x^2*y^2
Z6xZ10,120,8,10,6.667,0.51,ok,x*y + x^2*y^7 + x^3*y^2,x^3*y^5 + x^4*y^7 + x^5*y^4
Z6xZ10,120,8,8,4.267,0.18,ok,y^6 + x^2*y^8 + x^4,y^7 + x^4*y^9 + x^5*y^6
Z6xZ10,120,8,8,4.267,0.28,ok,x*y + x^3*y^7 + x^5*y,y^8 + x*y^4 + x^5*y
Z6xZ10,120,8,8,4.267,0.31,ok,y^5 + x^3*y^7 + x^4*y,y^3 + x^2 + x^3*y^2
Z6xZ10,120,8,6,2.4,0.09,ok,1 + x^2*y^6 + x^4*y^2,y^4 + x^2*y^8 + x^4*y
Z6xZ10,120,8,8,4.267,0.24,ok,y^6 + x*y^9 + x^2*y^5,x*y^2 + x^3*y^2 + x^5*y^4
Z6xZ10,120,8,4,1.067,0.02,ok,x^4*y + x^4*y^4 + x^5*y^5,y^4 + y^6 + x*y^5
Z6xZ10,120,8,10,6.667,0.45,ok,x^3*y^4 + x^4*y^9 + x^5*y^7,y + x*y^7 + x^5
Z6xZ10,120,8,10,6.667,0.72,ok,x^3*y^3 + x^4*y^5 + x^5,y^5 + x*y^6 + x^5*y^7
Z6xZ10,120,8,4,1.067,0.02,ok,y^4 + x^2*y^5 + x^4*y^6,y^8 + x^2*y^7 + x^4*y^6
Z6xZ10,120,8,2,0.267,0.01,ok,x*y^7 + x^3*y^5 + x^5,y^8 + x^2*y^3 + x^4
Z6xZ10,120,8,8,4.267,0.34,ok,y^9 + x^3*y + x^4,1 + y^6 + x^5*y^8
Z6xZ10,120,8,8,4.267,0.2,ok,1 + x^4*y + x^5,y^7 + x^4*y^6 + x^5*y^5
Z6xZ10,120,16,6,4.8,0.04,ok,x^2*y^6 + x^3 + x^5*y^4,y^2 + y^6 + x^5*y^4
Z6xZ10,120,8,8,4.267,0.38,ok,y^3 + x + x*y,y^8 + x^2*y^4 + x^2*y^7
Z6xZ10,120,8,8,4.267,0.21,ok,y^4 + x*y^7 + x^5*y^2,x*y^4 + x^2*y^4 + x^3*y^7
Z6xZ10,120,16,6,4.8,0.05,ok,x^2*y^3 + x^4*y + x^5*y^4,y^6 + y^8 + x*y^7
Z6xZ10,120,8,8,4.267,0.28,ok,x*y^2 + x*y^9 + x^2*y^3,x^3*y^2 + x^4 + x^4*y^4
Z6xZ10,120,8,8,4.267,0.25,ok,x*y^2 + x^3*y^6 + x^5*y^8,x*y^8 + x^3*y^3 + x^5*y^9
Z6xZ10,120,8,8,4.267,0.22,ok,y^2 + x*y^4 + x^4*y^5,y^7 + y^9 + x*y^8
Z6xZ10,120,8,6,2.4,0.06,ok,x^2 + x^3*y^9 + x^4*y^4,x*y^7 + x^3*y^3 + x^5*y^5
Z6xZ10,120,20,4,2.667,0.02,ok,x*y^7 + x^2*y^7 + x^3*y^2,y^3 + x*y^8 + x^2*y^3
Z6xZ10,120,8,6,2.4,0.04,ok,y^2 + x^3*y^9 + x^5*y^8,y^6 + x^4*y^2 + x^4*y^5
Z6xZ10,120,8,10,6.667,0.57,ok,x*y^3 + x^3*y^9 + x^5*y^9,x^3*y^5 + x^4*y + x^5*y^2
Z6xZ10,120,8,4,1.067,0.03,ok,y^5 + x^2*y^2 + x^5*y^8,y^5 + x^2*y^8 + x^5*y^2
Z6xZ10,120,8,6,2.4,0.03,ok,y^9 + x^2*y + x^4*y^7,y^5 + x + x^2*y^6
Z6xZ10,120,8,6,2.4,0.04,ok,y + x*y^3 + x^3,x^2*y^9 + x^3*y^7 + x^5*y^5
Z6xZ10,120,8,8,4.267,0.24,ok,x*y^7 + x^2*y^9 + x^3*y^9,x*y^3 + x^2*y + x^3*y^9
Z6xZ10,120,8,10,6.667,0.66,ok,y + x*y + x^2*y^8,x^3*y^5 + x^4*y^7 + x^5*y^6
Z6xZ10,120,8,4,1.067,0.02,ok,1 + x^4 + x^5*y^4,x*y^5 + x^2*y + x^3*y
Z6xZ10,120,8,4,1.067,0.06,ok,x^2*y^4 + x^3*y^9 + x^4*y^4,x*y^2 + x^3*y^3 + x^4*y^4
Z6xZ10,120,8,4,1.067,0.02,ok,y^5 + x*y^4 + x^4*y,x*y^8 + x^3*y^7 + x^4*y
Z6xZ10,120,8,8,4.267,0.27,ok,x^2*y^9 + x^3*y^7 + x^4*y^6,y^6 + x*y + x^5*y^4
Z6xZ10,120,8,6,2.4,0.05,ok,x*y^2 + x^3*y^6 + x^5*y^9,y^6 + x^2*y + x^4*y^2
Z6xZ10,120,8,4,1.067,0.05,ok,x^3*y^9 + x^4*y^2 + x^5*y,x^3 + x^4*y^3 + x^5*y^6
Z6xZ10,120,8,8,4.267,0.19,ok,x*y^7 + x^3*y + x^5*y^5,x*y^3 + x^3 + x^5*y
Z6xZ10,120,8,8,4.267,0.29,ok,x*y^5 + x^3*y + x^5*y^9,x*y^4 + x^2*y^5 + x^3*y^5
Z6xZ10,120,8,8,4.267,0.26,ok,y^2 + x^4*y^2 + x^5*y^4,x^2*y^8 + x^3*y^6 + x^4*y^2
Z6xZ10,120,8,8,4.267,0.2,ok,x*y^2 + x^2*y^5 + x^3,x*y^3 + x^2*y^6 + x^3*y^3
Z6xZ10,120,8,8,4.267,0.22,ok,y^2 + x^2*y^9 + x^4*y^9,y + x^2*y^4 + x^4*y^5
Z6xZ10,120,8,6,2.4,0.05,ok,x^3*y^2 + x^4*y^5 + x^5*y^4,y + x*y^8 + x^5*y^6
Z6xZ10,120,8,10,6.667,0.48,ok,x^3*y + x^4*y^6 + x^5*y^8,y^7 + x^4*y^8 + x^5*y
Z6xZ10,120,8,6,2.4,0.09,ok,x*y + x^3*y + x^5,x*y^6 + x^3*y^9 + x^5*y^3
Z6xZ10,120,8,8,4.267,0.32,ok,x^3*y^9 + x^4*y^8 + x^5*y^4,x*y + x^3*y^3 + x^5*y
Z6xZ10,120,8,4,1.067,0.03,ok,y^2 + x*y^5 + x^5*y,x^3*y^9 + x^4 + x^5*y
Z6xZ10,120,8,6,2.4,0.08,ok,x^2 + x^3 + x^4*y^4,x + x^3*y^4 + x^5*y^2
Z6xZ10,120,8,4,1.067,0.03,ok,y^7 + x*y^5 + x^4*y^4,x*y^7 + x^3*y^5 + x^4*y^3
Z6xZ10,120,8,8,4.267,0.2,ok,x^2*y^2 + x^3*y^4 + x^4,x^3*y^5 + x^4*y^3 + x^5*y
Z6xZ10,120,8,6,2.4,0.08,ok,x*y^4 + x^2*y^3 + x^3*y^2,x + x^2*y^7 + x^3
Z6xZ10,120,8,6,2.4,0.04,ok,x^3*y^9 + x^4*y^9 + x^5*y^4,x*y^8 + x^3*y^5 + x^4*y^2
Z6xZ10,120,8,2,0.267,0.01,ok,x*y + x^3*y^8 + x^5*y^9,y^2 + x^2*y^9 + x^4
Z6xZ10,120,8,4,1.067,0.02,ok,y + x^3*y^9 + x^4,y^5 + x^2*y + x^5*y^4
Z6xZ10,120,16,6,4.8,0.05,ok,x*y^5 + x*y^9 + x^3*y^7,y^7 + y^8 + x^5
Z6xZ10,120,8,8,4.267,0.19,ok,x + x^2*y^8 + x^3*y^2,x*y^5 + x^2*y^5 + x^3*y
Z6xZ10,120,8,4,1.067,0.03,ok,x^3*y^6 + x^4*y^2 + x^5*y^8,x*y^2 + x^3*y^6 + x^5*y^8
Z6xZ10,120,16,6,4.8,0.08,ok,y^2 + x^4*y^3 + x^4*y^6,1 + y^9 + x^4*y^7
Z6xZ10,120,8,8,4.267,0.22,ok,x^2*y + x^3*y^4 + x^5*y^2,y^5 + x*y + x*y^9
Z6xZ10,120,8,4,1.067,0.02,ok,x*y^6 + x^3*y^5 + x^5*y^8,y^4 + x^2*y^7 + x^4*y^6
Z6xZ10,120,8,4,1.067,0.03,ok,x*y^5 + x^2 + x^3*y^5,x^4*y^4 + x^4*y^7 + x^5*y^8
Z6xZ10,120,8,10,6.667,0.53,ok,x^2*y + x^3*y^2 + x^4,y^9 + x^4*y^2 + x^5*y^7
Z6xZ10,120,16,6,4.8,0.06,ok,x^2*y^4 + x^2*y^7 + x^4*y^3,x*y^5 + x^3*y^7 + x^3*y^8
Z6xZ10,120,8,8,4.267,0.21,ok,y^4 + x*y^3 + x^5*y^8,y + x^2*y^5 + x^4*y
Z6xZ10,120,8,4,1.067,0.04,ok,y^6 + x^2*y^4 + x^4*y^4,y^5 + x^2*y^4 + x^4*y^4
Z6xZ10,120,16,4,2.133,0.04,ok,y + x*y^9 + x^3*y^7,y^6 + x^2*y^4 + x^2*y^8
Z6xZ10,120,8,8,4.267,0.28,ok,y^6 + x*y^8 + x^2*y^9,x^2*y^8 + x^3*y^8 + x^4*y^9
Z6xZ10,120,8,6,2.4,0.04,ok,y + x^2*y^9 + x^4*y^6,y^9 + x^2*y^3 + x^4*y^8
Z6xZ10,120,8,6,2.4,0.03,ok,y^8 + x^4 + x^5*y,x^3*y^4 + x^4*y^7 + x^5*y^4
Z6xZ10,120,8,8,4.267,0.23,ok,x^3*y^2 + x^4*y^9 + x^5*y^2,x^3*y^8 + x^4*y^3 + x^5*y^6
Z6xZ10,120,8,4,1.067,0.02,ok,x*y^7 + x^3 + x^5*y^8,y + x^2 + x^4*y^8
Z6xZ10,120,8,8,4.267,0.25,ok,x*y^7 + x^2*y^5 + x^4*y^8,x*y^2 + x^5*y + x^5*y^8
Z6xZ10,120,8,8,4.267,0.19,ok,y^5 + x^2*y^9 + x^4,y^2 + x^2*y^4 + x^4*y^7
Z6xZ10,120,8,10,6.667,0.53,ok,x*y^3 + x^3*y^3 + x^5*y,y^2 + x*y^3 + x^5
Z6xZ10,120,8,10,6.667,1.07,ok,x*y + x^2*y + x^3*y^8,y^4 + x^4*y^9 + x^5*y^3
Z6xZ10,120,8,8,4.267,0.23,ok,y^6 + x*y^7 + x^5,x*y^7 + x^2*y + x^3*y^2
Z6xZ10,120,8,8,4.267,0.2,ok,x*y^6 + x^3*y^3 + x^5*y,x*y^4 + x^3*y^5 + x^5*y^8
Z6xZ10,120,8,6,2.4,0.03,ok,x^2*y^9 + x^3*y^5 + x^5*y^6,y^5 + x^4 + x^5
Z6xZ10,120,8,10,6.667,0.58,ok,y^5 + x*y^3 + x^5*y^2,y^6 + x*y^5 + x^2*y^5
Z6xZ10,120,8,4,1.067,0.03,ok,y^7 + x^4*y^7 + x^5*y^7,x^2*y^5 + x^4*y^6 + x^5*y^7
Z6xZ10,120,8,8,4.267,0.22,ok,y^3 + x*y^2 + x^2*y^9,y^7 + x*y^2 + x^5*y^6
Z6xZ10,120,8,6,2.4,0.03,ok,x^3*y^5 + x^4*y^8 + x^5*y^4,x^2 + x^3*y + x^4*y^7
Z6xZ10,120,8,8,4.267,0.22,ok,x*y^6 + x^2*y^6 + x^3*y^3,x*y^2 + x^3*y^4 + x^5
Z6xZ10,120,8,8,4.267,0.23,ok,x^3*y + x^4*y^2 + x^5*y^7,y + x^4*y + x^5*y^4
Z6xZ10,120,8,8,4.267,0.22,ok,y^9 + x*y^4 + x^2*y^5,x^3*y^7 + x^4*y^8 + x^5*y
Z6xZ10,120,8,4,1.067,0.02,ok,x^2 + x^4*y^2 + x^5*y^4,y^5 + x*y^2 + x^4*y^3
Z6xZ10,120,8,4,1.067,0.02,ok,x*y^4 + x^3*y^4 + x^5*y^9,y + x*y^7 + x^4
Z6xZ10,120,8,8,4.267,0.13,ok,x + x^3 + x^5*y^4,x*y^2 + x^3*y^5 + x^5*y^9
Z6xZ10,120,16,6,4.8,0.04,ok,y^3 + y^7 + x^2*y^5,y^8 + x*y^8 + x^2*y^3
Z6xZ10,120,8,10,6.667,0.45,ok,y^5 + x^4*y^6 + x^5*y^9,1 + x*y^5 + x^2*y^7
Z6xZ10,120,8,6,2.4,0.04,ok,x*y^6 + x^3*y + x^5*y^3,y^5 + x^2 + x^4*y
Z6xZ10,120,8,8,4.267,0.35,ok,x^3 + x^4*y^7 + x^5*y,x^2*y^4 + x^3*y + x^4*y^3
Z6xZ10,120,8,6,2.4,0.04,ok,y^7 + x^2*y^2 + x^4*y,x*y^3 + x^3*y^8 + x^5*y^4
Z6xZ10,120,8,2,0.267,0.01,ok,y^3 + x*y^2 + x^2*y^7,x^2*y^2 + x^3*y + x^4*y^6
Z6xZ10,120,8,8,4.267,0.23,ok,x^3*y^3 + x^3*y^4 + x^5*y^6,y^9 + x^3*y^6 + x^4
Z6xZ10,120,8,4,1.067,0.04,ok,x^3*y^4 + x^4*y^9 + x^5*y^8,x*y^3 + x^3*y + x^5*y^3
Z6xZ10,120,8,4,1.067,0.02,ok,y^2 + x^2*y^6 + x^4*y^9,x*y^9 + x^3*y^2 + x^5*y^4
Z6xZ10,120,40,2,1.333,0.01,ok,y^4 + x*y^4 + x^5*y^4,y^2 + x*y^2 + x^5*y^2
Z6xZ10,120,8,8,4.267,0.23,ok,y + x^4*y^5 + x^5*y^7,x^2*y^4 + x^3*y^8 + x^4*y^6
Z6xZ10,120,8,8,4.267,0.21,ok,1 + x^2*y^2 + x^4,y^3 + x + x^2*y^7
Z6xZ10,120,8,4,1.067,0.02,ok,x*y + x^3*y^3 + x^5*y,x + x^2*y^8 + x^3*y^8
Z6xZ10,120,8,8,4.267,0.24,ok,x*y^6 + x^3*y^2 + x^5*y^2,x^3*y^4 + x^4*y^4 + x^5*y^2
Z6xZ10,120,16,4,2.133,0.04,ok,x^2 + x^2*y + x^4*y^3,x + x^3*y^5 + x^5
Z6xZ10,120,8,4,1.067,0.05,ok,x*y^8 + x^3*y^3 + x^5,y^9 + x^2*y^2 + x^4*y^2
Z6xZ10,120,16,2,0.533,0.01,ok,1 + x^2*y + x^5*y^4,x*y^3 + x^4*y^6 + x^5*y^2
Z6xZ10,120,8,10,6.667,0.55,ok,y^7 + x^4*y^2 + x^5,y + x^4*y^8 + x^5*y^2
Z6xZ10,120,8,8,4.267,0.21,ok,x*y^5 + x^3*y^8 + x^5*y,y^4 + x^2*y^9 + x^4*y^5
Z6xZ10,120,16,4,2.133,0.02,ok,x^3*y^6 + x^4*y^5 + x^4*y^7,y^4 + x^5*y + x^5*y^7
Z6xZ10,120,8,6,2.4,0.04,ok,x*y^5 + x^3*y^9 + x^5*y^3,x^3*y^4 + x^4*y^2 + x^5*y^3
Z6xZ10,120,8,8,4.267,0.29,ok,x*y^9 + x^2*y^3 + x^3*y,x*y^3 + x^3*y + x^5*y^3
Z6xZ10,120,8,8,4.267,0.21,ok,y^6 + x*y^5 + x^2*y^4,x*y^6 + x^2*y + x^3*y^2
Z6xZ10,120,8,8,4.267,0.27,ok,x^2*y^2 + x^3*y^4 + x^4*y^3,x^3*y^2 + x^4 + x^5*y^3
Z6xZ10,120,8,10,6.667,0.75,ok,y^9 + x*y^6 + x^2*y^6,1 + x^4*y^5 + x^5*y^6
Z6xZ10,120,8,8,4.267,0.23,ok,x*y^3 + x^3*y^6 + x^4*y^4,y^6 + x*y^2 + x^3*y^3
Z6xZ10,120,8,4,1.067,0.04,ok,y + x^4*y^9 + x^5*y^3,y^9 + x^4*y^9 + x^5*y^9
Z6xZ10,120,8,6,2.4,0.03,ok,1 + x*y^5 + x^2*y^3,y^2 + x*y^2 + x^5*y^7
Z6xZ10,120,8,4,1.067,0.03,ok,x*y^5 + x^2*y^7 + x^3*y,y^2 + x*y^6 + x^5*y^8
Z6xZ10,120,8,8,4.267,0.27,ok,x*y^9 + x^2*y + x^2*y^2,x*y^5 + x^3*y^6 + x^3*y^9
Z6xZ10,120,8,6,2.4,0.04,ok,y^9 + x^2*y^3 + x^4*y^5,y^7 + x^2*y^2 + x^4*y^6
Z6xZ10,120,8,6,2.4,0.05,ok,x^2*y^9 + x^3*y^9 + x^4*y^4,y^5 + x^2*y^2 + x^5*y^8
Z6xZ10,120,8,6,2.4,0.04,ok,x*y^7 + x^5*y^6 + x^5*y^8,x^2*y^3 + x^3*y^3 + x^4*y^8
Z6xZ10,120,8,6,2.4,0.05,ok,y^8 + y^9 + x^4*y^6,y^9 + x^3*y^5 + x^4*y^2
Z6xZ10,120,40,2,1.333,0.01,ok,x^3*y^2 + x^4*y^7 + x^5*y^7,x*y^6 + x^2*y + x^3*y
Z6xZ10,120,8,10,6.667,0.52,ok,y^8 + x^4*y^3 + x^5*y,y^4 + x*y^4 + x^2*y^5
Z6xZ10,120,8,2,0.267,0.01,ok,y^5 + x*y + x^2*y^6,x^2*y^9 + x^3*y^5 + x^4
Z6xZ10,120,16,4,2.133,0.03,ok,y^4 + x*y^4 + x^5*y^4,y + x*y^7 + x^4*y^5
Z6xZ10,120,8,8,4.267,0.17,ok,x*y^4 + x^3*y^6 + x^5*y^5,x*y^4 + x^3*y + x^5*y^2
Z6xZ10,120,8,8,4.267,0.2,ok,x*y^2 + x^3*y^3 + x^5*y,y^9 + x^2*y^5 + x^4*y^4
Z6xZ10,120,8,8,4.267,0.26,ok,y^2 + x^2*y^8 + x^4*y^8,x^3*y^8 + x^4*y^3 + x^5*y^4
Z6xZ10,120,8,6,2.4,0.07,ok,x*y^7 + x^2*y^7 + x^3*y^2,x*y^2 + x^2*y^4 + x^4*y
Z6xZ10,120,8,6,2.4,0.05,ok,y^8 + x^2*y^5 + x^4*y,x*y^2 + x^3*y^8 + x^5*y^7
Z6xZ10,120,8,8,4.267,0.31,ok,x^2*y^4 + x^4 + x^4*y^3,x*y^4 + x^2*y + x^5*y^7
Z6xZ10,120,8,8,4.267,0.24,ok,x*y^8 + x^3*y + x^5*y,y^7 + x^2*y^8 + x^4*y^5
Z6xZ10,120,8,4,1.067,0.03,ok,y^3 + x*y^7 + x^4*y^4,x^4*y^5 + x^5*y^6 + x^5*y^9
Z6xZ10,120,8,6,2.4,0.03,ok,y^7 + x*y^8 + x^5*y^3,x*y^6 + x^3*y^6 + x^5
Z6xZ10,120,8,4,1.067,0.02,ok,x*y^5 + x^3*y^5 + x^5*y,y^6 + x^4*y^6 + x^5*y^9
Z6xZ10,120,8,6,2.4,0.04,ok,x^3*y^5 + x^4*y^9 + x^5*y^3,x^3*y^7 + x^4*y^5 + x^5*y^5
Z6xZ10,120,8,6,2.4,0.05,ok,x*y^2 + x^3*y^8 + x^5*y^4,y^2 + x*y^9 + x^5*y^8
Z6xZ10,120,8,10,6.667,0.5,ok,y^6 + x^2*y^8 + x^4*y^8,y^3 + x^4*y^2 + x^5
Z6xZ10,120,8,6,2.4,0.07,ok,y^2 + x^2 + x^4*y^3,y^3 + x^2*y^2 + x^4*y
Z6xZ10,120,8,10,6.667,0.47,ok,x*y^5 + x^3*y^5 + x^5*y^7,y^5 + x^4*y^2 + x^5*y^9
Z6xZ10,120,8,6,2.4,0.07,ok,x + x^3*y^2 + x^5*y^4,y^8 + x*y^3 + x^2*y^2
Z6xZ10,120,8,8,4.267,0.2,ok,x*y^5 + x^3*y^2 + x^5*y^3,x*y^6 + x^3 + x^5*y^4
Z6xZ10,120,8,8,4.267,0.22,ok,y^9 + x*y^5 + x^2*y^3,x^2*y^8 + x^3*y^4 + x^4*y^4
Z6xZ10,120,8,8,4.267,0.28,ok,y^5 + x^2*y^4 + x^3*y^3,x*y^2 + x^4*y^8 + x^5*y^5
Z6xZ10,120,8,4,1.067,0.03,ok,x*y^9 + x^3*y^4 + x^5*y^4,y + x^2*y^6 + x^4*y^2
Z6xZ10,120,8,4,1.067,0.02,ok,x^2*y^9 + x^4*y^7 + x^5,y + x^3*y^5 + x^5*y^8
Z6xZ10,120,8,10,6.667,0.65,ok,y^7 + x^4*y^2 + x^5,y^7 + x*y + x^2
Z6xZ10,120,8,8,4.267,0.28,ok,y^8 + x^3*y^6 + x^5*y^2,x + x^4*y^9 + x^5*y^2
Z6xZ10,120,8,6,2.4,0.04,ok,y^3 + x^2*y^2 + x^4*y^8,y^5 + x^2*y^3 + x^4*y^9
Z6xZ10,120,8,8,4.267,0.26,ok,x*y^9 + x^2*y^2 + x^3*y,y^3 + x^4*y^3 + x^5*y^2
Z6xZ10,120,16,6,4.8,0.03,ok,x + x^4*y^2 + x^5*y,x + x*y^8 + x^5*y^4
Z6xZ10,120,8,4,1.067,0.02,ok,x^4*y^2 + x^4*y^4 + x^5*y^3,y^2 + x^5*y^3 + x^5*y^6
Z6xZ10,120,8,8,4.267,0.28,ok,x^4*y^6 + x^4*y^7 + x^5*y^4,x^3*y^5 + x^4*y + x^4*y^9
Z6xZ10,120,8,8,4.267,0.21,ok,y^4 + x*y^8 + x^2,x^2*y^4 + x^3*y^6 + x^4*y^2
Z6xZ10,120,16,2,0.533,0.01,ok,y^9 + x*y^7 + x^3*y^5,y^2 + x^2 + x^5*y^4
Z6xZ10,120,8,8,4.267,0.24,ok,x^2*y^2 + x^3*y^3 + x^4*y,x*y^6 + x^3*y^2 + x^5*y^8
Z6xZ10,120,16,2,0.533,0.01,ok,1 + x^5*y^2 + x^5*y^8,x^4*y^3 + x^4*y^7 + x^5*y^5
Z6xZ10,120,8,8,4.267,0.19,ok,y^9 + x*y^6 + x^2*y^3,x^3*y^7 + x^4*y^6 + x^5*y^5
Z6xZ10,120,8,8,4.267,0.17,ok,x*y^8 + x^3*y^2 + x^5,x*y^6 + x^2*y^4 + x^3*y^8
Z6xZ10,120,8,8,4.267,0.22,ok,y^5 + x*y^8 + x^5*y^6,x^2*y^7 + x^3 + x^4*y^5
Z6xZ10,120,8,8,4.267,0.22,ok,x*y^4 + x^2*y^2 + x^2*y^6,x*y^4 + x^4*y^2 + x^5*y^3
Z6xZ10,120,8,6,2.4,0.03,ok,x^2*y^6 + x^3*y^3 + x^4*y^3,y^3 + x*y^6 + x^2*y^6
Z6xZ10,120,8,6,2.4,0.03,ok,y^5 + x*y + x^5*y^9,x^3*y^3 + x^4*y^3 + x^5*y^5
Z6xZ10,120,8,4,1.067,0.04,ok,y^9 + x^4*y^3 + x^5*y^4,x*y^5 + x^2 + x^3*y^9
Z6xZ10,120,8,8,4.267,0.26,ok,x*y^9 + x^2*y^8 + x^3*y^6,x*y^9 + x^3*y^3 + x^5*y^9
Z6xZ10,120,8,8,4.267,0.27,ok,y^4 + x^4 + x^5*y^6,x*y^3 + x^3*y^3 + x^5*y^5
Z6xZ10,120,8,8,4.267,0.2,ok,y^8 + x^4*y^8 + x^5*y^9,x^3*y^9 + x^4*y^4 + x^5*y^7
Z6xZ10,120,8,8,4.267,0.25,ok,y^9 + x^2*y^7 + x^4*y^3,y + x^4 + x^5
Z6xZ10,120,8,8,4.267,0.23,ok,x*y^4 + x^3*y^2 + x^5*y^6,1 + x*y^9 + x^5*y^2
Z6xZ10,120,8,8,4.267,0.18,ok,y^8 + x^4*y^2 + x^5*y^3,y^2 + x*y^3 + x^2*y^6
Z6xZ10,120,8,8,4.267,0.23,ok,y^9 + x^2 + x^4*y^5,y^7 + x^2*y^3 + x^4*y^6
Z6xZ10,120,8,10,6.667,0.47,ok,x*y^9 + x^3*y + x^5*y,y^6 + x^4*y^9 + x^5*y^2
Z6xZ10,120,8,6,2.4,0.05,ok,x*y + x^3*y^2 + x^5,y^8 + x^2*y^9 + x^4*y^8
Z6xZ10,120,8,8,4.267,0.2,ok,x^2*y^3 + x^3 + x^4*y^7,x*y^8 + x^3*y^6 + x^5*y^8
Z6xZ10,120,8,2,0.267,0.01,ok,x^2*y^2 + x^3*y + x^4*y^4,x*y^8 + x^3*y^8 + x^5*y^8
Z6xZ10,120,8,4,1.067,0.03,ok,x*y + x^2*y^7 + x^4*y^8,x*y^8 + x^2*y^4 + x^4
Z6xZ10,120,8,4,1.067,0.03,ok,x^3*y^9 + x^4*y + x^4*y^2,x^2*y^6 + x^4*y^4 + x^5*y^7
Z6xZ10,120,8,8,4.267,0.19,ok,1 + x^2 + x^4*y^3,1 + x^2*y^3 + x^4*y^8
Z6xZ10,120,8,6,2.4,0.09,ok,y + x^2*y^2 + x^4*y^3,x*y^2 + x^3*y^5 + x^5*y^2
Z6xZ10,120,8,10,6.667,0.49,ok,x*y^7 + x^2*y^8 + x^3*y^6,y^5 + x*y^8 + x^2
Z6xZ10,120,16,2,0.533,0.01,ok,x*y^8 + x^2*y^6 + x^5,x*y^3 + x^2*y + x^5*y^5
Z6xZ10,120,8,4,1.067,0.03,ok,y^3 + x*y^3 + x^2*y^3,y^3 + x^4*y^5 + x^5*y
Z6xZ10,120,8,4,1.067,0.03,ok,y^5 + x^3*y^8 + x^5*y^4,x*y^8 + x^2*y^4 + x^5*y^7
Z6xZ10,120,8,6,2.4,0.04,ok,y^5 + x^2*y^5 + x^4*y^9,x^2*y^8 + x^3*y^8 + x^4*y^7
Z6xZ10,120,8,4,1.067,0.02,ok,y^8 + x^2*y + x^4*y,1 + x^2*y^7 + x^4*y^5
Z6xZ10,120,8,10,6.667,0.52,ok,y^2 + x^2*y^8 + x^4*y^2,x^3*y^4 + x^4*y^5 + x^5*y^3
Z6xZ10,120,8,4,1.067,0.03,ok,x^2*y^2 + x^4*y^8 + x^5*y^9,y^4 + x^2*y^9 + x^4*y^9
Z6xZ10,120,8,8,4.267,0.24,ok,y^3 + x*y^7 + x^2*y^8,y^3 + x*y^6 + x^5*y^9
Z6xZ10,120,8,10,6.667,0.73,ok,y^5 + x*y^4 + x^2*y^8,y^2 + x*y^9 + x^2*y
Z6xZ10,120,8,6,2.4,0.03,ok,y^7 + x^2*y + x^3*y^5,x^2*y^3 + x^3*y^2 + x^3*y^9
Z6xZ10,120,40,2,1.333,0.01,ok,x*y^8 + x^3*y^3 + x^5*y^8,y^5 + x^2 + x^4
Z6xZ10,120,8,4,1.067,0.03,ok,x^3 + x^4*y^5 + x^5,x*y^7 + x*y^8 + x^3*y^5
Z6xZ10,120,8,10,6.667,0.59,ok,x*y^5 + x^2*y^6 + x^3*y^8,x*y^5 + x^2*y^4 + x^3
Z6xZ10,120,8,8,4.267,0.18,ok,y^7 + x^3*y + x^5*y^4,y^8 + x^2*y^2 + x^5*y^9
Z6xZ10,120,8,8,4.267,0.47,ok,y^6 + x^4*y^8 + x^4*y^9,y + x + x^3*y^9
Z6xZ10,120,8,6,2.4,0.03,ok,y^8 + x^4*y^7 + x^4*y^9,x*y + x^2*y^2 + x^2*y^5
Z6xZ10,120,8,6,2.4,0.03,ok,x^3*y^5 + x^4*y^7 + x^5*y^7,y^8 + x*y^6 + x^5*y^2
Z6xZ10,120,8,4,1.067,0.04,ok,x*y + x^3*y^5 + x^5*y^9,y^2 + x^2*y^5 + x^4*y^3
Z6xZ10,120,8,8,4.267,0.23,ok,x*y^8 + x^3*y + x^3*y^5,x^2*y^2 + x^4*y + x^5*y^5
Z6xZ10,120,8,4,1.067,0.02,ok,1 + x*y^7 + x*y^8,x^2*y^5 + x^4*y^3 + x^5*y
Z6xZ10,120,8,8,4.267,0.22,ok,x*y^7 + x^2*y^5 + x^4*y^3,x*y^4 + x^3*y^5 + x^4*y^6
Z6xZ10,120,8,8,4.267,0.21,ok,x*y^5 + x^3*y^5 + x^5*y,x*y^8 + x^3*y^6 + x^5*y^5
Z6xZ10,120,8,8,4.267,0.28,ok,y^3 + x^2*y^7 + x^4*y^2,x*y^8 + x^3*y^6 + x^5*y^8
Z6xZ10,120,8,10,6.667,0.67,ok,x^2*y + x^3*y^2 + x^4*y^6,x^3*y^9 + x^4*y^2 + x^5
Z6xZ10,120,8,6,2.4,0.03,ok,y^4 + x^3*y^8 + x^4*y,y^7 + x*y^2 + x^5*y^7
Z6xZ10,120,8,6,2.4,0.04,ok,x^3*y^5 + x^4*y + x^4*y^9,x^2*y^6 + x^4*y^2 + x^5*y^3
Z6xZ10,120,8,8,4.267,0.23,ok,y^3 + x^2*y + x^4*y,x^3*y^7 + x^4*y + x^5*y^2
Z6xZ10,120,8,6,2.4,0.05,ok,x*y^3 + x^3*y^4 + x^5*y^4,y^5 + x^2*y^6 + x^4*y^4
Z6xZ10,120,8,12,9.6,2.36,ok,y^7 + x*y^3 + x*y^6,x*y^7 + x^4*y + x^5*y^4
Z6xZ10,120,8,4,1.067,0.02,ok,y^8 + x + x^5,y^4 + x*y^6 + x^2*y^6
Z6xZ10,120,8,4,1.067,0.04,ok,x^3*y^4 + x^4*y^9 + x^5,x*y^9 + x^3*y^9 + x^5*y
Z6xZ10,120,20,4,2.667,0.02,ok,x*y^5 + x^2*y^5 + x^3,x^3*y^9 + x^4*y^4 + x^5*y^9
Z6xZ10,120,8,6,2.4,0.04,ok,x*y^9 + x^3*y + x^5*y^3,y^4 + x^4*y^6 + x^5*y^5
Z6xZ10,120,8,8,4.267,0.21,ok,y^7 + x^2 + x^4*y^7,x*y^6 + x^3*y^5 + x^5*y^2
Z6xZ10,120,16,6,4.8,0.03,ok,x*y^7 + x^2*y + x^4*y^5,y^5 + x^3*y^9 + x^5*y^7
Z6xZ10,120,8,8,4.267,0.22,ok,y^5 + x^2*y^9 + x^4*y^9,y^2 + x^4*y^5 + x^5*y^8
Z6xZ10,120,8,6,2.4,0.03,ok,y + x^5*y^2 + x^5*y^5,x^3*y^3 + x^5*y^2 + x^5*y^4
Z6xZ10,120,8,8,4.267,0.18,ok,x^2 + x^4*y^3 + x^4*y^7,y^2 + x^2*y + x^3
Z6xZ10,120,8,8,4.267,0.27,ok,x*y^6 + x^3 + x^5*y^8,x + x^2*y^6 + x^3*y^9
Z6xZ10,120,8,8,4.267,0.17,ok,y^7 + x*y^5 + x^5*y^6,y^4 + x^4*y^5 + x^5*y^2
Z6xZ10,120,8,8,4.267,0.28,ok,y^8 + x^2*y^8 + x^4*y^4,x*y^3 + x^2 + x^3*y^6
Z6xZ10,120,8,8,4.267,0.32,ok,y^8 + x*y^2 + x^2*y^9,y^9 + x*y^6 + x^5*y^9
Z6xZ10,120,8,8,4.267,0.26,ok,x*y^5 + x^3*y + x^5*y^9,x*y^9 + x^3*y^6 + x^5*y^5
Z6xZ10,120,8,4,1.067,0.03,ok,y^2 + y^3 + x^2*y^5,1 + x^3*y^6 + x^5*y^8
Z6xZ10,120,8,8,4.267,0.23,ok,x*y^9 + x^3*y^6 + x^5*y,y^6 + x^2 + x^4*y^6
Z6xZ10,120,8,6,2.4,0.04,ok,y + x*y^7 + x^2*y^7,x^2*y^5 + x^3*y^5 + x^4*y^7
Z6xZ10,120,16,4,2.133,0.02,ok,x^4*y^2 + x^4*y^8 + x^5,x*y^8 + x^5*y^2 + x^5*y^4
Z6xZ10,120,8,6,2.4,0.03,ok,x*y + x^2*y + x^3*y^2,1 + x^2 + x^4*y^6
Z6xZ10,120,8,4,1.067,0.02,ok,y^3 + x*y + x^2*y^4,x*y^7 + x^3*y^3 + x^5*y
Z6xZ10,120,8,6,2.4,0.04,ok,y^2 + x*y^8 + x^2*y^4,y^8 + x*y^6 + x^5*y^6
Z6xZ10,120,8,6,2.4,0.03,ok,y^7 + x^2*y + x^2*y^8,y^6 + x^2*y^2 + x^5*y^5
Z6xZ10,120,8,8,4.267,0.24,ok,y^3 + x*y^8 + x^2*y,x*y^5 + x^3*y^9 + x^5*y^5
Z6xZ10,120,8,4,1.067,0.02,ok,1 + x + x^2,y^7 + x^3*y^9 + x^4*y^8
Z6xZ10,120,8,10,6.667,0.4,ok,y^2 + x*y^9 + x^2*y,y + x^2*y + x^4*y^9
Z6xZ10,120,8,6,2.4,0.05,ok,y^2 + x*y^6 + x^2*y^5,y^5 + x*y^5 + x^2
Z6xZ10,120,8,8,4.267,0.19,ok,y^9 + x^4*y^8 + x^5*y^9,x^3*y^6 + x^4*y + x^5*y^7
Z6xZ10,120,8,4,1.067,0.02,ok,x*y^5 + x^3*y^9 + x^5*y^8,x*y^3 + x^3*y^5 + x^5*y^7
Z6xZ10,120,8,8,4.267,0.28,ok,x*y^3 + x^2 + x^5*y^6,x^2 + x^2*y^2 + x^3*y
Z6xZ10,120,16,4,2.133,0.03,ok,1 + x^4*y^2 + x^4*y^3,x + x*y^6 + x^3*y^3
Z6xZ10,120,8,6,2.4,0.07,ok,x^3*y^8 + x^4*y^2 + x^5*y,x^3*y^2 + x^4*y^6 + x^5*y
Z6xZ10,120,8,8,4.267,0.48,ok,x*y^4 + x^3*y^7 + x^4,x*y^2 + x*y^5 + x^5*y
Z6xZ10,120,8,6,2.4,0.03,ok,x*y^5 + x^2*y^2 + x^5*y^8,1 + y^6 + x^5*y^8
Z6xZ10,120,8,8,4.267,0.24,ok,y^6 + x + x^5,1 + x^4*y^4 + x^5*y^8
Z6xZ10,120,8,6,2.4,0.06,ok,x*y^5 + x^5*y^2 + x^5*y^3,1 + x*y^3 + x^4*y^2
Z6xZ10,120,8,4,1.067,0.03,ok,x*y^5 + x^2*y^7 + x^2*y^8,y^9 + x^2*y^6 + x^3*y^8
Z6xZ10,120,8,6,2.4,0.04,ok,1 + x^5*y^4 + x^5*y^6,y^7 + x^4*y^2 + x^5*y^7
Z6xZ10,120,8,10,6.667,0.53,ok,x*y + x^2 + x^3*y^2,x^2*y^3 + x^3*y^8 + x^4*y^6
Z6xZ10,120,8,8,4.267,0.19,ok,y + x^5*y^3 + x^5*y^4,1 + x^4*y^6 + x^4*y^9
Z6xZ10,120,8,6,2.4,0.03,ok,y^6 + x*y^4 + x^2*y^9,y^9 + x*y + x^2*y^6
Z6xZ10,120,8,6,2.4,0.04,ok,y^5 + x + x^5*y^8,x*y^7 + x^3*y^9 + x^5*y
Z6xZ10,120,8,6,2.4,0.04,ok,x + x^2 + x^3*y^6,x*y^5 + x^3*y^3 + x^5*y^9
Z6xZ10,120,8,8,4.267,0.24,ok,x^2*y^8 + x^3*y^6 + x^4*y^6,x^2*y^2 + x^3*y^4 + x^4
Z6xZ10,120,8,6,2.4,0.03,ok,y^2 + x*y^6 + x^3*y^5,x*y + x*y^3 + x^2*y^2
Z6xZ10,120,8,8,4.267,0.32,ok,y^3 + x*y^8 + x^5*y^9,1 + x^4*y + x^5*y^7
Z6xZ10,120,8,8,4.267,0.2,ok,x^3 + x^4*y^4 + x^5*y^7,y^7 + x^2*y^9 + x^4*y^3
Z6xZ10,120,8,8,4.267,0.23,ok,y^2 + x^2*y^6 + x^4*y^2,x^2*y^3 + x^3*y^9 + x^4*y^5
Z6xZ10,120,8,8,4.267,0.2,ok,y^8 + x*y^8 + x^2,y + x^2*y^9 + x^4*y^3
Z6xZ10,120,8,10,6.667,0.56,ok,x*y^2 + x^2*y^3 + x^3*y^9,y^4 + x*y^6 + x^5*y^7
Z6xZ10,120,8,12,9.6,2.33,ok,x*y^4 + x^3*y^5 + x^4*y^6,x*y^7 + x*y^8 + x^2
Z6xZ10,120,8,4,1.067,0.03,ok,x^2 + x^2*y^9 + x^3*y^7,x*y^2 + x*y^3 + x^5
Z6xZ10,120,8,8,4.267,0.23,ok,x*y^9 + x^2*y^8 + x^3*y,y^5 + x^2*y^9 + x^4*y^3
Z6xZ10,120,8,8,4.267,0.17,ok,y + x*y^2 + x^2,x^3*y + x^4 + x^5*y^2
Z6xZ10,120,8,8,4.267,0.23,ok,x*y^5 + x^3*y^9 + x^5*y^6,y^7 + x^2*y^7 + x^4
Z6xZ10,120,8,8,4.267,0.28,ok,y^6 + x*y + x^2,y^9 + x^4*y^9 + x^5*y^6
Z6xZ10,120,16,4,2.133,0.02,ok,x*y + x^5*y^3 + x^5*y^9,x*y^4 + x^3*y^5 + x^3*y^8
Z6xZ10,120,8,8,4.267,0.22,ok,x*y^2 + x^3*y^5 + x^5*y^6,1 + x^2*y^9 + x^4*y^3
Z6xZ10,120,16,6,4.8,0.05,ok,x^2 + x^3*y^2 + x^5*y^4,y^6 + y^8 + x^5*y^2
Z6xZ10,120,8,8,4.267,0.28,ok,x^2*y^2 + x^3*y^5 + x^4*y^5,x*y^2 + x^3*y^2 + x^5*y^8
Z6xZ10,120,8,6,2.4,0.09,ok,y^9 + x*y^9 + x^5*y^7,1 + x*y^6 + x^2*y^4
Z6xZ10,120,8,10,6.667,0.72,ok,y^6 + x^4*y^9 + x^5*y^4,y^2 + x*y + x^2*y^5
Z6xZ10,120,8,8,4.267,0.22,ok,y^8 + x^4*y^5 + x^5,x^3*y^6 + x^4*y^7 + x^5*y^5
Z6xZ10,120,8,8,4.267,0.19,ok,x*y^6 + x^3*y^9 + x^5*y^6,y^3 + x^2*y^7 + x^4*y^4
Z6xZ10,120,8,4,1.067,0.05,ok,x*y^8 + x^3*y^4 + x^5*y^2,y^9 + x*y^4 + x^2*y^9
Z6xZ10,120,8,8,4.267,0.27,ok,x^2*y^3 + x^2*y^5 + x^3*y^4,x^2*y^8 + x^2*y^9 + x^4*y^6
Z6xZ10,120,8,6,2.4,0.05,ok,y^9 + x^4*y^6 + x^5*y^7,x*y^5 + x^3*y^3 + x^5*y
Z6xZ10,120,8,6,2.4,0.03,ok,x^2*y^7 + x^3*y + x^5*y^5,x*y^2 + x^3*y + x^3*y^8
Z6xZ10,120,8,4,1.067,0.02,ok,x*y^4 + x^2*y^3 + x^3*y^9,x + x^3*y^8 + x^5
Z6xZ10,120,8,8,4.267,0.27,ok,x*y + x^3*y^4 + x^5,y + x^2*y^2 + x^4*y^2
Z6xZ10,120,8,8,4.267,0.21,ok,x*y^2 + x*y^5 + x^2*y,y^3 + x + x*y^6
Z6xZ10,120,8,6,2.4,0.03,ok,1 + y^7 + x^2*y,x*y^3 + x^3*y^9 + x^4*y^5
Z6xZ10,120,8,8,4.267,0.2,ok,y^3 + x^4*y + x^5*y^8,x*y^5 + x^2*y^4 + x^3*y^5
Z6xZ10,120,8,8,4.267,0.2,ok,x^3*y^9 + x^4*y^3 + x^5*y^4,y^2 + x^2 + x^4*y^6
Z6xZ10,120,8,8,4.267,0.19,ok,x^3*y^5 + x^4*y^8 + x^5*y^6,1 + x^2*y^4 + x^4*y^8
Z6xZ10,120,8,6,2.4,0.03,ok,y^4 + x^2*y^8 + x^5,x*y^5 + x^4*y^8 + x^5*y^4
Z6xZ10,120,8,8,4.267,0.27,ok,x*y^3 + x^2 + x^3*y,y^2 + x^4 + x^5*y^3
Z6xZ10,120,8,4,1.067,0.03,ok,x + x^3 + x^5*y^5,y + x^2*y^7 + x^4*y^6
Z6xZ10,120,8,6,2.4,0.03,ok,y^5 + x^2*y^6 + x^4*y^6,y^8 + x^2*y + x^4*y^2
Z6xZ10,120,8,8,4.267,0.22,ok,x^3*y^4 + x^4*y^5 + x^5*y^2,x*y^4 + x^3*y^4 + x^5*y^8
Z6xZ10,120,8,4,1.067,0.02,ok,y^9 + x^2*y^7 + x^4*y^5,x*y^9 + x^2*y^6 + x^3
Z6xZ10,120,16,2,0.533,0.01,ok,y^4 + x^2*y^3 + x^3*y^2,x^2*y^7 + x^4*y^6 + x^5*y^5
Z6xZ10,120,8,10,6.667,0.48,ok,x^2*y^3 + x^3*y^5 + x^4*y^4,x^2*y^3 + x^3*y^9 + x^4*y^2
Z6xZ10,120,8,8,4.267,0.21,ok,x*y^5 + x^2*y^8 + x^4*y^6,y^6 + x + x*y^2
Z6xZ10,120,8,8,4.267,0.22,ok,y^9 + x^2*y^5 + x^4*y^5,y^7 + x^2*y^4 + x^4*y^5
Z6xZ10,120,8,6,2.4,0.04,ok,x*y + x^3*y + x^5*y^2,y^2 + x^2*y^4 + x^4
Z6xZ10,120,8,4,1.067,0.02,ok,x*y^9 + x^3*y^7 + x^5,y^2 + x^2*y^7 + x^4*y^2
Z6xZ10,120,8,8,4.267,0.25,ok,x^2*y^4 + x^3*y + x^4*y^3,x*y^9 + x^3*y^7 + x^5*y^3
Z6xZ10,120,8,8,4.267,0.23,ok,y^8 + x^2*y^7 + x^4*y^6,1 + x^2*y + x^4*y^7
Z6xZ10,120,8,8,4.267,0.21,ok,x*y^4 + x^3*y^5 + x^4*y,y^9 + x^2*y^7 + x^5*y^6
Z6xZ10,120,8,4,1.067,0.04,ok,y^6 + x^2*y^3 + x^4,y^8 + x^2*y^8 + x^4*y^3
Z6xZ10,120,16,6,4.8,0.04,ok,y^2 + y^4 + x^2*y^8,y^4 + y^7 + x^5*y^3
Z6xZ10,120,8,4,1.067,0.03,ok,x*y^4 + x^2*y^4 + x^3*y^4,x^2*y^3 + x^2*y^5 + x^3*y^4
Z6xZ10,120,8,6,2.4,0.05,ok,x*y^6 + x^3*y^3 + x^5*y^4,y^3 + x^2*y + x^4*y^2
Z6xZ10,120,8,8,4.267,0.21,ok,x*y^4 + x^3*y^8 + x^5*y^4,y^2 + x^4*y^4 + x^5*y
Z6xZ10,120,8,4,1.067,0.02,ok,y^7 + x^2*y^9 + x^4*y^7,x^3*y^3 + x^4*y^6 + x^5*y
Z6xZ10,120,8,6,2.4,0.04,ok,y^6 + x^2*y^2 + x^4*y^8,y^9 + x*y + x^5
Z6xZ10,120,8,6,2.4,0.07,ok,y^8 + x*y^2 + x^5*y^8,x^2*y^3 + x^3*y^7 + x^4*y^5
Z6xZ10,120,8,6,2.4,0.03,ok,y^9 + x^4*y + x^5,x^3 + x^4*y^3 + x^5
Z6xZ10,120,8,8,4.267,0.35,ok,x*y^7 + x^3*y^7 + x^5*y^3,x^2*y^2 + x^3*y^7 + x^4*y
Z6xZ10,120,8,6,2.4,0.05,ok,y^4 + y^5 + x^5*y^2,1 + x*y^5 + x^2*y^5
Z6xZ10,120,8,6,2.4,0.05,ok,y^5 + x*y^9 + x^2*y,x*y^2 + x^2*y^4 + x^3*y^6
Z6xZ10,120,8,6,2.4,0.03,ok,x*y^6 + x^3*y^9 + x^5*y^9,x + x^3*y^4 + x^5*y^6
Z6xZ10,120,8,8,4.267,0.22,ok,x*y^3 + x^2*y + x^3*y^3,y^7 + x*y^9 + x^2*y^3
Z6xZ10,120,8,8,4.267,0.24,ok,x^3*y^3 + x^4*y^2 + x^5*y^9,x + x^3*y^6 + x^5*y^6
Z6xZ10,120,8,4,1.067,0.02,ok,y + x^2*y^6 + x^4*y,x*y^9 + x^3 + x^5*y^5
Z6xZ10,120,16,4,2.133,0.02,ok,y^5 + x^2*y^3 + x^2*y^7,x^2*y^4 + x^3*y^2 + x^5
Z6xZ10,120,8,8,4.267,0.19,ok,y^7 + x^2*y^5 + x^4*y^7,x^2*y^8 + x^3*y + x^4
Z6xZ10,120,8,8,4.267,0.2,ok,x*y^4 + x^2*y^3 + x^3*y^5,y^5 + x*y^4 + x^2*y^2
Z6xZ10,120,16,6,4.8,0.02,ok,y^6 + x*y + x^2*y,x*y^2 + x*y^8 + x^5
Z6xZ10,120,8,4,1.067,0.02,ok,y^7 + x^4*y^5 + x^5*y^4,x*y^8 + x^3*y^6 + x^5*y^2
Z6xZ10,120,8,4,1.067,0.02,ok,x*y^6 + x^2*y^5 + x^5*y^2,x^2*y^3 + x^4*y^7 + x^5*y
Z6xZ10,120,8,8,4.267,0.21,ok,y^2 + x*y^7 + x^2*y^5,1 + x*y^9 + x^2*y^3
Z6xZ10,120,8,8,4.267,0.23,ok,y + x^2*y + x^4*y^5,y^8 + x^2*y^3 + x^4*y^9
Z6xZ10,120,8,6,2.4,0.03,ok,x*y^3 + x^2*y^3 + x^3*y^8,x*y^5 + x^4*y^8 + x^5*y^9
Z6xZ10,120,8,10,6.667,0.55,ok,x^2 + x^3*y^9 + x^4*y^3,1 + x*y^7 + x^2*y^7
Z6xZ10,120,16,4,2.133,0.02,ok,x^2*y^6 + x^3*y^5 + x^5*y^9,x^3*y^2 + x^3*y^6 + x^5*y^4
Z6xZ10,120,8,6,2.4,0.06,ok,y^4 + x*y^6 + x^2*y^8,y^2 + x*y^6 + x^2*y^6
Z6xZ10,120,8,4,1.067,0.02,ok,x*y^5 + x^3*y^6 + x^5*y^8,x*y + x^3*y^7 + x^5*y^9
Z6xZ10,120,8,10,6.667,0.55,ok,x + x^2*y + x^3*y^5,y^7 + x^4*y^6 + x^5*y^9
Z6xZ10,120,8,8,4.267,0.3,ok,y^6 + x*y^2 + x*y^5,x*y^8 + x^4*y^4 + x^5*y^6
Z6xZ10,120,8,4,1.067,0.04,ok,x^2*y^6 + x^2*y^9 + x^3,x^2*y^2 + x^2*y^9 + x^3*y^8
Z6xZ10,120,8,4,1.067,0.03,ok,1 + x^2*y^6 + x^4,x*y + x^3*y^8 + x^5*y^8
Z6xZ10,120,8,8,4.267,0.28,ok,x*y^7 + x^2 + x^5*y^9,x^2*y^7 + x^3*y^8 + x^5*y^9
Z6xZ10,120,8,8,4.267,0.14,ok,x^3*y^5 + x^4*y^6 + x^5*y^9,x^3*y^8 + x^4*y^7 + x^5*y^6
Z6xZ10,120,8,10,6.667,0.49,ok,1 + x^4*y^7 + x^5*y^9,x*y^9 + x^2*y^9 + x^3*y^6
Z6xZ10,120,8,10,6.667,0.61,ok,x*y^2 + x^2*y^8 + x^3*y^7,x*y^6 + x^2*y^8 + x^3*y^5
Z6xZ10,120,8,6,2.4,0.05,ok,y^2 + x^2*y^5 + x^4*y^6,y^9 + x^2*y^5 + x^4*y^4
Z6xZ10,120,8,6,2.4,0.03,ok,x*y^2 + x^2*y^7 + x^3*y^5,y + x^4*y^4 + x^5*y
Z6xZ10,120,8,8,4.267,0.17,ok,y^2 + x^2*y^8 + x^4*y^6,1 + x*y^4 + x^5*y^4
Z6xZ10,120,8,8,4.267,0.24,ok,y^7 + x^2*y^5 + x^4*y^7,x^3*y^7 + x^4*y^5 + x^5*y^3
Z6xZ10,120,8,6,2.4,0.03,ok,x*y^8 + x^3*y^8 + x^5,y^2 + x*y^9 + x^2*y^7
Z6xZ10,120,8,8,4.267,0.24,ok,y^6 + x*y^9 + x^4*y^3,x*y^6 + x^4*y^8 + x^5*y^7
Z6xZ10,120,8,4,1.067,0.02,ok,x*y^3 + x^3*y^5 + x^3*y^6,x + x^4*y^9 + x^5*y^7
Z6xZ10,120,8,6,2.4,0.04,ok,y^9 + x^4*y^6 + x^5*y^8,x*y^4 + x^2 + x^3*y^7
Z6xZ10,120,16,4,2.133,0.03,ok,x*y^8 + x^3*y^2 + x^5*y^2,x*y^4 + x^3 + x^5*y^6
Z6xZ10,120,8,8,4.267,0.22,ok,x*y^6 + x^3*y^2 + x^5*y^5,x*y^2 + x^3*y^8 + x^5*y^2
Z6xZ10,120,8,10,6.667,0.59,ok,y^5 + x^4*y^4 + x^5*y^5,x^3*y + x^4*y^8 + x^5*y^4
Z6xZ10,120,8,8,4.267,0.25,ok,x^3 + x^4*y^9 + x^5*y^6,y^9 + x^2*y^3 + x^4*y^7
Z6xZ10,120,8,8,4.267,0.22,ok,y^6 + x^4 + x^5*y^7,x*y^7 + x^3*y^9 + x^5*y^5
Z6xZ10,120,8,8,4.267,0.25,ok,x^3*y^4 + x^4*y^8 + x^5*y^6,x*y^6 + x^2*y^6 + x^3*y^4
Z6xZ10,120,8,8,4.267,0.18,ok,y^8 + x^4*y^7 + x^5,x*y^2 + x^3*y^6 + x^5*y^6
Z6xZ10,120,8,6,2.4,0.06,ok,x^3*y^8 + x^4*y^3 + x^5*y^3,x^2*y^8 + x^3*y^2 + x^5*y^6
Z6xZ10,120,8,8,4.267,0.27,ok,y + x^2*y^7 + x^5,y^5 + x*y^3 + x*y^7
Z6xZ10,120,8,8,4.267,0.31,ok,x^4*y^4 + x^4*y^6 + x^5,x*y^3 + x^5 + x^5*y^6
Z6xZ10,120,8,6,2.4,0.09,ok,x^3*y + x^4*y + x^5*y^6,x*y^7 + x^2 + x^2*y^9
Z6xZ10,120,8,6,2.4,0.03,ok,y^9 + x^2*y^5 + x^4*y^5,y^5 + x*y^4 + x^2
Z6xZ10,120,8,8,4.267,0.2,ok,x*y^4 + x^3*y^5 + x^5*y^7,x*y^6 + x^3 + x^5*y^5
Z6xZ10,120,8,8,4.267,0.64,ok,x^2*y^9 + x^4*y^5 + x^5*y,x + x^2*y^7 + x^4*y^4
Z6xZ10,120,8,6,2.4,0.05,ok,x*y^2 + x^4*y^5 + x^5*y^6,y^7 + x*y^2 + x^2*y^2
Z6xZ10,120,8,4,1.067,0.02,ok,x^3*y^5 + x^4*y^7 + x^4*y^8,x + x^2*y^2 + x^5*y^8
Z6xZ10,120,8,4,1.067,0.02,ok,y^5 + x^4*y^5 + x^5,1 + x*y^9 + x^2*y^4
Z6xZ10,120,8,6,2.4,0.04,ok,x^4*y^6 + x^4*y^8 + x^5*y^7,x*y^7 + x^3*y^3 + x^3*y^6
Z6xZ10,120,8,4,1.067,0.02,ok,x^2*y^7 + x^3*y^9 + x^4*y^7,y^2 + x^4 + x^5
Z6xZ10,120,8,8,4.267,0.16,ok,1 + x^2*y^3 + x^4*y^7,y^8 + x^2*y^5 + x^4*y^4
Z6xZ10,120,8,10,6.667,0.64,ok,x^3 + x^4*y^3 + x^5*y^9,y^4 + x*y^2 + x^5*y^9
Z6xZ10,120,8,4,1.067,0.03,ok,y^8 + x^4*y^8 + x^5,x^3*y^7 + x^4*y^5 + x^5*y^7
Z6xZ10,120,8,6,2.4,0.06,ok,x^3 + x^4*y^2 + x^4*y^8,x^2*y^8 + x^4 + x^5*y^7
Z6xZ10,120,8,8,4.267,0.25,ok,1 + y^4 + x*y^7,y^9 + x^2*y^5 + x^3*y
Z6xZ10,120,8,8,4.267,0.26,ok,x*y^6 + x^3 + x^5*y^6,y + x*y^6 + x^2*y^7
Z6xZ10,120,8,8,4.267,0.41,ok,x^3*y^2 + x^3*y^9 + x^5*y^3,x^3*y^8 + x^3*y^9 + x^4*y
Z6xZ10,120,8,4,1.067,0.07,ok,y^8 + x^2*y^4 + x^3,x*y^8 + x^3*y^3 + x^5*y^3
Z6xZ10,120,8,6,2.4,0.08,ok,x*y^8 + x^3*y^5 + x^5*y^5,x*y^4 + x^3*y^2 + x^5*y^8
Z6xZ10,120,8,8,4.267,0.2,ok,y^3 + x^4*y^7 + x^5*y^9,x*y^3 + x^3*y^5 + x^5*y
Z6xZ10,120,8,8,4.267,0.22,ok,y^3 + x + x^5*y^2,y^7 + x*y^8 + x^5*y^8
Z6xZ10,120,8,8,4.267,0.25,ok,x*y^4 + x^2*y + x^3*y^6,x^2*y^3 + x^3*y^2 + x^4*y^7
Z6xZ10,120,8,8,4.267,0.26,ok,y + x + x^5*y^8,y^7 + x*y^6 + x^5*y^2
Z6xZ10,120,8,4,1.067,0.04,ok,y + y^8 + x*y^7,x + x*y^3 + x^5*y^9
Z6xZ10,120,8,4,1.067,0.03,ok,x^3 + x^4 + x^5*y^9,y + x^2*y^3 + x^4*y^3
Z6xZ10,120,8,10,6.667,0.54,ok,x^2*y^3 + x^3*y^6 + x^4*y^6,y^8 + x^4*y^7 + x^5*y^8
Z6xZ10,120,8,4,1.067,0.04,ok,y^8 + x^3*y^7 + x^4,x^2*y^3 + x^3*y^5 + x^5*y^2
Z6xZ10,120,8,8,4.267,0.31,ok,x*y + x^2*y^9 + x^3,y^5 + x*y^7 + x^2*y^4
Z6xZ10,120,8,8,4.267,0.23,ok,x^4*y^4 + x^4*y^5 + x^5*y^7,x*y^2 + x^2*y^3 + x^2*y^6
Z6xZ10,120,8,8,4.267,0.18,ok,x^3*y^6 + x^4*y^3 + x^5*y^8,y^5 + x^2*y^9 + x^4*y^7
Z6xZ10,120,8,6,2.4,0.04,ok,x*y^9 + x^3*y + x^5*y^7,y^9 + x^4*y^8 + x^5*y^9
Z6xZ10,120,8,8,4.267,0.24,ok,x + x^2*y^3 + x^4*y^6,y^4 + y^6 + x^2*y^5
Z6xZ10,120,8,10,6.667,0.61,ok,y^9 + x^4*y^2 + x^5*y^9,x*y^7 + x^2*y^6 + x^3*y^2
Z6xZ10,120,8,4,1.067,0.04,ok,y + x^4*y + x^5*y,x^3*y^8 + x^3*y^9 + x^4*y
Z6xZ10,120,8,6,2.4,0.04,ok,x*y^7 + x^3*y^3 + x^3*y^6,x^3 + x^3*y^8 + x^4*y^4
Z6xZ10,120,8,10,6.667,0.58,ok,y^9 + x*y^9 + x^2,y^5 + x*y + x^2*y^4
Z6xZ10,120,8,8,4.267,0.26,ok,1 + x*y^7 + x^2*y,x*y^5 + x^3*y^9 + x^5*y^3
Z6xZ10,120,16,4,2.133,0.02,ok,x^2*y^3 + x^2*y^7 + x^4*y^5,x^2*y^9 + x^3*y^9 + x^4*y^9
Z6xZ10,120,8,6,2.4,0.05,ok,y^9 + x*y^9 + x^2*y^7,y^8 + x*y^8 + x^5
Z6xZ10,120,8,8,4.267,0.28,ok,x^3*y^6 + x^4*y^9 + x^5,y^9 + x^2*y + x^4*y^9
Z6xZ10,120,8,6,2.4,0.04,ok,x^3*y^9 + x^4*y^4 + x^5*y^4,y^9 + x^2 + x^2*y^3
Z6xZ10,120,16,6,4.8,0.09,ok,y^3 + x^4*y^2 + x^4*y^9,x^2*y + x^4*y^8 + x^4*y^9
Z6xZ10,120,8,4,1.067,0.04,ok,y^6 + x^2*y^5 + x^3*y^9,y^4 + x^2 + x^3*y
Z6xZ10,120,8,8,4.267,0.22,ok,y^2 + x*y + x^4*y^8,x^2*y^7 + x^2*y^8 + x^3
Z6xZ10,120,8,6,2.4,0.07,ok,x^3*y^7 + x^4*y^9 + x^5*y^5,y^4 + x^4*y^2 + x^5*y^8
Z6xZ10,120,8,8,4.267,0.19,ok,y^4 + x^2*y^7 + x^4*y^4,1 + x^2*y^3 + x^4*y^9
Z6xZ10,120,16,4,2.133,0.03,ok,x^3*y^4 + x^4*y^4 + x^5*y^4,y^2 + x^3*y^8 + x^4
Z6xZ10,120,8,4,1.067,0.04,ok,x*y^6 + x^3 + x^4*y^4,y^7 + x*y^2 + x^2*y^7
Z6xZ10,120,8,4,1.067,0.02,ok,y^6 + x^4*y^6 + x^5*y^5,x^2 + x^3*y^5 + x^4
Z6xZ10,120,8,8,4.267,0.23,ok,y + x^2*y + x^4*y^5,x^3*y^5 + x^4*y^2 + x^5*y^7
Z6xZ10,120,16,2,0.533,0.01,ok,1 + x^5*y^2 + x^5*y^8,y^7 + x^5*y^5 + x^5*y^9
Z6xZ10,120,8,6,2.4,0.04,ok,y^3 + x + x^2*y^8,y + x^4*y^4 + x^5*y^9
Z6xZ10,120,8,6,2.4,0.03,ok,1 + x*y^4 + x^5*y^7,1 + x^4*y^3 + x^5*y^2
Z6xZ10,120,8,8,4.267,0.21,ok,1 + x^4*y^3 + x^5*y^6,x^2*y^9 + x^3*y^6 + x^4*y^2
Z6xZ10,120,8,8,4.267,0.22,ok,x + x^3*y^7 + x^5*y^6,y^2 + x^2*y^4 + x^4*y
Z6xZ10,120,8,8,4.267,0.22,ok,x^3*y^9 + x^4*y^7 + x^5*y^7,x*y^2 + x^2 + x^3*y^2
Z6xZ10,120,8,8,4.267,0.24,ok,y^8 + x^2*y^8 + x^4*y^2,y^7 + x*y^3 + x^2*y^5
Z6xZ10,120,8,4,1.067,0.04,ok,y^8 + x^3*y^5 + x^5*y^4,x^2*y + x^4*y^5 + x^5*y^9
Z6xZ10,120,8,4,1.067,0.03,ok,x*y^5 + x^3*y + x^5*y^7,x*y^6 + x^3*y^7 + x^5*y^3
Z6xZ10,120,8,10,6.667,0.65,ok,y^2 + x^4*y^3 + x^5*y^4,1 + x*y^4 + x^5*y
Z6xZ10,120,8,6,2.4,0.03,ok,y^6 + x*y + x^5,y^4 + x^2*y^8 + x^4*y^6
Z6xZ10,120,8,8,4.267,0.2,ok,y + x^2*y^3 + x^4*y,x^2 + x^3*y^8 + x^4*y^6
Z6xZ10,120,8,6,2.4,0.04,ok,x*y^6 + x^2*y^6 + x^3*y,x^2*y^4 + x^3 + x^5*y^6
Z6xZ10,120,8,8,4.267,0.25,ok,x^3*y^3 + x^4*y^5 + x^5*y,x*y^7 + x^3*y + x^5*y^7
Z6xZ10,120,8,10,6.667,0.63,ok,y^4 + x + x^2*y^5,x^2*y^4 + x^3*y^2 + x^4*y^7
Z6xZ10,120,8,8,4.267,0.21,ok,x + x^2*y + x^3*y^5,1 + x^2*y^4 + x^4*y^6
Z6xZ10,120,8,4,1.067,0.04,ok,x^3*y^5 + x^5*y^2 + x^5*y^3,x^4*y^6 + x^4*y^7 + x^5*y^4
Z6xZ10,120,8,4,1.067,0.03,ok,y^5 + x^4*y + x^5*y^8,x^3*y + x^4*y^6 + x^5*y^3
Z6xZ10,120,8,6,2.4,0.07,ok,x*y^7 + x^2 + x^2*y^4,x^3*y^4 + x^4*y^4 + x^5*y^9
Z6xZ10,120,8,8,4.267,0.27,ok,y^8 + x^3*y^7 + x^4*y^5,y^6 + x^3*y^3 + x^5*y^2
Z6xZ10,120,8,6,2.4,0.04,ok,x*y + x^2*y^9 + x^3*y^6,x*y^8 + x^3*y^2 + x^5*y^6
Z6xZ10,120,16,6,4.8,0.05,ok,y^3 + x^2 + x^2*y,x*y^2 + x^5*y + x^5*y^8
Z6xZ10,120,8,8,4.267,0.23,ok,y + x*y^7 + x^5*y,y^8 + x^4*y^4 + x^5
Z6xZ10,120,8,4,1.067,0.02,ok,x*y + x^3*y^2 + x^5*y^3,y^3 + x^2*y + x^4*y^5
Z6xZ10,120,8,4,1.067,0.06,ok,1 + x^2 + x^4*y^5,y^2 + x^2*y^3 + x^4*y^7
Z6xZ10,120,8,4,1.067,0.04,ok,x^2*y^6 + x^3*y^8 + x^5,y^6 + x^2*y^9 + x^5*y^3
Z6xZ10,120,8,8,4.267,0.29,ok,x^2 + x^2*y^2 + x^4*y,x*y^8 + x^2*y^5 + x^4*y^2
Z6xZ10,120,8,8,4.267,0.19,ok,x^2*y^5 + x^4*y^7 + x^5*y^4,x^2*y + x^4 + x^4*y^2
Z6xZ10,120,8,10,6.667,0.66,ok,x^2*y^9 + x^3*y^6 + x^4*y^4,x*y^3 + x^2*y^8 + x^3*y^2
Z6xZ10,120,16,4,2.133,0.03,ok,y + x^2*y^5 + x^2*y^7,x*y^7 + x^2*y + x^4*y^5
Z6xZ10,120,8,6,2.4,0.03,ok,1 + x^2*y^5 + x^4*y,x*y^8 + x^3*y + x^5*y^2
Z6xZ10,120,8,8,4.267,0.37,ok,y^5 + x*y^8 + x^2*y^2,x*y^2 + x^2*y^9 + x^3*y^3
Z6xZ10,120,8,6,2.4,0.04,ok,y^8 + x*y^8 + x^2,y^2 + x^2*y^6 + x^4*y^8
Z6xZ10,120,8,8,4.267,0.35,ok,y^3 + x^2*y + x^4*y^5,y^8 + x^4*y^3 + x^5*y^6
Z6xZ10,120,8,6,2.4,0.07,ok,y + x^2*y^5 + x^4*y^5,x*y^5 + x^2*y^4 + x^3*y^5
Z6xZ10,120,8,10,6.667,0.54,ok,y^5 + x*y^7 + x^2*y^6,x^2*y^4 + x^3*y^4 + x^4*y^7
Z6xZ10,120,8,8,4.267,0.22,ok,x*y + x^3*y^6 + x^5*y^3,x*y^3 + x^3*y + x^5*y^3
Z6xZ10,120,8,8,4.267,0.2,ok,x^3*y^7 + x^4*y + x^4*y^8,y + y^2 + x*y^4
Z6xZ10,120,8,6,2.4,0.08,ok,1 + x^4*y^9 + x^5*y^4,y^8 + x*y^3 + x^2*y^3
Z6xZ10,120,8,8,4.267,0.21,ok,y + x*y^8 + x^2*y^8,y + x*y^7 + x^5
Z6xZ10,120,8,4,1.067,0.03,ok,y^5 + x^2*y^6 + x^3*y^2,x*y^8 + x^2*y^3 + x^3*y^8
Z6xZ10,120,16,4,2.133,0.03,ok,y^7 + y^9 + x^4*y^3,x^2*y^4 + x^4*y^5 + x^4*y^8
Z6xZ10,120,8,4,1.067,0.03,ok,y^6 + x^3*y^7 + x^4*y^4,x*y^4 + x^4 + x^5*y^7
Z6xZ10,120,8,6,2.4,0.04,ok,y^3 + x*y^5 + x^2*y^7,1 + x + x^5*y^6
Z6xZ10,120,8,8,4.267,0.36,ok,x^2*y^5 + x^4*y^9 + x^5*y^8,x + x*y^9 + x^2*y^7
Z6xZ10,120,8,6,2.4,0.05,ok,x*y^6 + x^2*y^9 + x^3,x^3*y + x^4 + x^5*y^7
Z6xZ10,120,8,8,4.267,0.16,ok,y^6 + x + x^5*y^7,y^6 + x^2*y^6 + x^4*y^4
Z6xZ10,120,8,6,2.4,0.03,ok,x^2*y^3 + x^3*y^2 + x^4*y^7,x^3*y^7 + x^4*y^4 + x^5*y^5
Z6xZ10,120,8,8,4.267,0.3,ok,x + x^2*y^2 + x^3*y,x^3*y^4 + x^4*y^6 + x^5*y
Z6xZ10,120,8,6,2.4,0.04,ok,y^8 + x^2*y^9 + x^4*y^6,y^4 + x^2*y^3 + x^4*y^9
Z6xZ10,120,8,8,4.267,0.24,ok,x*y^7 + x^2*y^2 + x^3*y,y^5 + x^2*y^7 + x^4*y^5
Z6xZ10,120,8,4,1.067,0.03,ok,1 + y^3 + x^4*y^9,y^7 + x*y^7 + x^2*y^7
Z6xZ10,120,8,8,4.267,0.2,ok,x*y^4 + x^3*y^3 + x^5*y^9,y^4 + x^2*y^7 + x^4
Z6xZ10,120,8,6,2.4,0.03,ok,x*y^4 + x^2*y^5 + x^4*y^6,x*y + x^2*y^6 + x^3*y^6
Z6xZ10,120,16,4,2.133,0.05,ok,x*y^6 + x^5 + x^5*y^7,x*y^9 + x^5*y^3 + x^5*y^5
Z6xZ10,120,8,4,1.067,0.02,ok,x^2 + x^3*y^7 + x^4*y^4,y^2 + x*y^5 + x^5*y^9
Z6xZ10,120,8,6,2.4,0.06,ok,y^4 + x*y^9 + x^5*y^7,x*y^5 + x^2*y^6 + x^3*y^9
Z6xZ10,120,8,10,6.667,0.54,ok,x^3*y^2 + x^4*y^2 + x^5*y^5,x^2*y + x^3*y^5 + x^4*y^2
Z6xZ10,120,16,2,0.533,0.01,ok,y^5 + x^2*y^5 + x^4*y^5,1 + x^3*y^2 + x^4*y
Z6xZ10,120,8,4,1.067,0.02,ok,x^4*y^4 + x^4*y^5 + x^5*y^7,x^2 + x^4*y^2 + x^4*y^3
Z6xZ10,120,8,8,4.267,0.2,ok,x*y^6 + x^3 + x^5*y^8,y^3 + x + x^5
Z6xZ10,120,8,8,4.267,0.26,ok,x^2 + x^2*y^3 + x^4*y^9,x^2*y^6 + x^3*y^9 + x^5*y^2
Z6xZ10,120,8,8,4.267,0.22,ok,x^2*y^2 + x^3*y^2 + x^4*y^4,y^5 + x*y^7 + x^2*y^3
Z6xZ10,120,8,8,4.267,0.31,ok,x^2*y + x^3 + x^5*y^9,1 + y^9 + x^2*y^7
Z6xZ10,120,8,4,1.067,0.03,ok,1 + x*y^8 + x^5*y^4,y^7 + x^2*y^9 + x^4*y
Z6xZ10,120,20,4,2.667,0.02,ok,1 + x^2*y^5 + x^4*y^5,y + x*y + x^2*y
Z6xZ10,120,8,6,2.4,0.03,ok,y^2 + x^2 + x^5*y^4,x^2 + x^2*y^9 + x^3*y^2
Z6xZ10,120,8,8,4.267,0.2,ok,y^9 + x^2*y + x^4*y^3,x*y^9 + x^2*y + x^3*y^7
Z6xZ10,120,8,4,1.067,0.04,ok,y^9 + x^2*y^7 + x^3*y^5,y^9 + x^2*y^7 + x^3
Z6xZ10,120,8,6,2.4,0.03,ok,y + x + x*y^2,y^7 + x*y + x^4*y^8
Z6xZ10,120,8,4,1.067,0.02,ok,y^3 + x^2*y^7 + x^4*y^4,y^7 + x^2*y^2 + x^4*y^7
Z6xZ10,120,8,8,4.267,0.33,ok,y + x^4*y^8 + x^5*y^5,y^9 + x^4*y^2 + x^5*y^9
Z6xZ10,120,8,8,4.267,0.23,ok,x + x^3*y^3 + x^5*y,x*y^2 + x^3*y^9 + x^5*y^8
Z6xZ10,120,8,10,6.667,0.53,ok,y^8 + x*y^9 + x^2*y^5,x^3*y^2 + x^4*y^5 + x^5*y^7
Z6xZ10,120,8,8,4.267,0.2,ok,y^5 + x^4*y^3 + x^5*y^7,x*y^3 + x^2*y^7 + x^3*y^3
Z6xZ10,120,8,4,1.067,0.03,ok,x^2 + x^3*y^4 + x^5*y^8,y + x*y^5 + x^3*y^4
Z6xZ10,120,8,6,2.4,0.07,ok,x*y^3 + x^3*y^6 + x^5*y^9,y^9 + x^2*y^3 + x^4*y^4
Z6xZ10,120,8,6,2.4,0.07,ok,y + x + x^5*y^2,y^2 + x^2*y^4 + x^4
Z6xZ10,120,16,4,2.133,0.03,ok,x^3*y + x^3*y^3 + x^5*y^7,y^2 + x*y^4 + x^3*y^6
Z6xZ10,120,8,10,6.667,0.51,ok,x*y^9 + x^2*y^4 + x^3*y^2,y^8 + x^4*y^7 + x^5*y^4
Z6xZ10,120,16,4,2.133,0.02,ok,x^3*y + x^3*y^7 + x^5*y^9,y^5 + y^9 + x^5*y^2
Z6xZ10,120,8,4,1.067,0.02,ok,y^4 + x^4*y^4 + x^5*y^9,y^5 + x*y^4 + x^5*y^4
Z6xZ10,120,8,12,9.6,1.76,ok,y^4 + x^2*y^5 + x^3*y,y + y^2 + x*y^4
Z6xZ10,120,8,8,4.267,0.22,ok,x^2 + x^3*y^4 + x^4*y^6,x^2*y^8 + x^3*y^6 + x^4
Z6xZ10,120,8,10,6.667,0.56,ok,y^5 + x*y^8 + x^2*y^8,x*y^3 + x^2*y^4 + x^3*y^8
Z6xZ10,120,8,6,2.4,0.03,ok,y^2 + x^4*y^9 + x^5*y^4,x*y^9 + x^2*y^6 + x^3*y^6
Z6xZ10,120,8,6,2.4,0.05,ok,y^2 + x*y^9 + x^2,y^5 + x + x^2*y^3
Z6xZ10,120,8,6,2.4,0.04,ok,x^3*y^9 + x^4*y^4 + x^5*y^4,y^6 + x*y^5 + x^2*y^7
Z6xZ10,120,8,8,4.267,0.21,ok,y^5 + x^4*y^5 + x^5*y^3,y + x*y + x^5*y^5
Z6xZ10,120,8,6,2.4,0.04,ok,x*y^2 + x^3*y^2 + x^5*y^5,y + x^2*y^4 + x^4*y^7
Z6xZ10,120,8,4,1.067,0.03,ok,x*y^7 + x^2*y^3 + x^4*y^4,x^3*y^3 + x^5*y^4 + x^5*y^7
Z6xZ10,120,8,6,2.4,0.04,ok,y^2 + x*y^2 + x^2*y^5,x^2*y^5 + x^3*y^5 + x^4
Z6xZ10,120,8,4,1.067,0.02,ok,x^2*y^4 + x^4*y + x^5*y^3,y^6 + x^2*y^8 + x^3*y^5
Z6xZ10,120,8,10,6.667,0.5,ok,y + x^4 + x^5*y,x*y^7 + x^2 + x^3*y^2
Z6xZ10,120,8,10,6.667,0.48,ok,x*y^6 + x^2*y^9 + x^3*y^9,x^2*y^7 + x^3*y^6 + x^4*y^6
Z6xZ10,120,8,8,4.267,0.26,ok,1 + x*y^7 + x^3*y^9,x*y^6 + x^5*y^5 + x^5*y^7
Z6xZ10,120,8,8,4.267,0.23,ok,y^4 + x^2*y^7 + x^4*y^7,y^7 + x^2*y^5 + x^4*y^8
Z6xZ10,120,8,4,1.067,0.03,ok,x*y^8 + x^3*y^2 + x^5*y^2,x^2*y^2 + x^3*y^5 + x^4*y^7
Z6xZ10,120,16,2,0.533,0.01,ok,x*y^3 + x^3*y + x^5*y^9,y^2 + x^2 + x^4*y^4
Z6xZ10,120,16,6,4.8,0.03,ok,x*y^4 + x^4*y^7 + x^5*y^3,x^2*y^6 + x^4 + x^4*y^2
Z6xZ10,120,8,6,2.4,0.05,ok,x*y^3 + x^3*y^5 + x^5*y^7,y + x^4*y^6 + x^5
Z6xZ10,120,8,6,2.4,0.06,ok,y + x^2*y + x^4*y^9,x*y^3 + x^2*y^4 + x^3*y^3
Z6xZ10,120,8,4,1.067,0.03,ok,x*y^4 + x^3*y^2 + x^5*y^4,x^3*y^7 + x^4*y^5 + x^5*y^7
Z6xZ10,120,8,8,4.267,0.18,ok,x*y^5 + x^3*y^7 + x^5*y,x*y^6 + x^2 + x^3*y^5
Z6xZ10,120,8,8,4.267,0.24,ok,x^3*y^5 + x^4*y^9 + x^5*y^3,y^7 + x^4*y^5 + x^5*y^7
Z6xZ10,120,8,8,4.267,0.36,ok,x*y^7 + x^2*y^3 + x^5*y,x^2*y^2 + x^2*y^3 + x^3
Z6xZ10,120,8,10,6.667,0.47,ok,x^3*y^8 + x^4*y^2 + x^5*y^5,x*y^6 + x^3*y^6 + x^5*y^8
Z6xZ10,120,8,8,4.267,0.33,ok,y^9 + x*y^6 + x^2*y^2,1 + x^2*y^4 + x^4*y^4
Z6xZ10,120,8,8,4.267,0.17,ok,x^3*y^6 + x^4*y^2 + x^5*y^9,x*y^2 + x^3*y^8 + x^5*y^6
Z6xZ10,120,8,8,4.267,0.26,ok,y^2 + y^8 + x,x^4*y^5 + x^5*y^6 + x^5*y^9
Z6xZ10,120,8,10,6.667,0.68,ok,y^3 + x*y^4 + x^2*y^2,y^7 + x*y + x^5*y^4
Z6xZ10,120,8,8,4.267,0.3,ok,x*y^7 + x*y^9 + x^3*y^8,x^2*y^4 + x^2*y^5 + x^3*y^2
Z6xZ10,120,8,10,6.667,0.52,ok,x*y^9 + x^3*y^9 + x^5*y^5,x^3*y + x^4 + x^5*y^4
Z6xZ10,120,8,6,2.4,0.03,ok,y^2 + x*y^6 + x^4*y^8,y^7 + x^2*y^8 + x^3*y^4
Z6xZ10,120,8,6,2.4,0.04,ok,y^3 + x^2*y^5 + x^4*y^3,x^2*y + x^3*y^9 + x^4*y^4
Z6xZ10,120,8,8,4.267,0.22,ok,y^8 + x*y^4 + x^2*y^6,y^7 + x^2*y^3 + x^4*y^7
Z6xZ10,120,8,6,2.4,0.04,ok,x^3*y^6 + x^4*y + x^5*y^3,x*y^4 + x^2*y^9 + x^3*y^7
Z6xZ10,120,8,8,4.267,0.23,ok,x*y^8 + x^2 + x^3*y^3,y^5 + x^4*y^2 + x^5*y^2
Z6xZ10,120,8,10,6.667,0.67,ok,y^2 + x*y^8 + x^2*y^5,x^2*y^6 + x^3*y^8 + x^4*y^3
Z6xZ10,120,8,8,4.267,0.25,ok,1 + x^3*y^6 + x^4*y^3,x^3*y + x^3*y^4 + x^5
Z6xZ10,120,40,2,1.333,0.01,ok,x*y^4 + x^2*y^4 + x^3*y^9,x*y^5 + x^2*y^5 + x^3
Z6xZ10,120,8,4,1.067,0.02,ok,x^2*y^3 + x^3*y^2 + x^4*y^8,y^3 + x^2*y^3 + x^4*y
Z6xZ10,120,8,2,0.267,0.01,ok,x*y^7 + x^2*y^5 + x^3*y^8,x*y^5 + x^2*y^3 + x^3*y^6
Z6xZ10,120,8,8,4.267,0.21,ok,x*y^9 + x^3 + x^5*y^5,x*y^2 + x^3*y^2 + x^5*y^5
Z6xZ10,120,8,8,4.267,0.19,ok,y^3 + x^2*y^9 + x^4*y^8,y^8 + x^2 + x^4*y
Z6xZ10,120,8,8,4.267,0.4,ok,y + x*y^9 + x^4*y^8,y^3 + x^3*y^6 + x^4*y^2
Z6xZ10,120,8,6,2.4,0.03,ok,y^9 + x^2*y + x^4*y,x*y^5 + x^2*y^3 + x^3
Z6xZ10,120,8,8,4.267,0.22,ok,x*y^5 + x^2*y^8 + x^3*y^9,y^3 + x*y^6 + x^2*y^3
Z6xZ10,120,8,6,2.4,0.07,ok,x*y^5 + x^3*y^2 + x^5*y,x + x^3*y^7 + x^5*y^3
Z6xZ10,120,8,4,1.067,0.05,ok,x*y + x^2*y^7 + x^4*y^3,x*y + x^3 + x^3*y^7
Z6xZ10,120,8,4,1.067,0.03,ok,y^2 + x*y^4 + x^2,y^8 + x + x^2*y^2
Z6xZ10,120,8,8,4.267,0.25,ok,y^9 + x*y^6 + x^5*y^8,1 + x^2*y^4 + x^4*y^4
Z6xZ10,120,8,8,4.267,0.2,ok,y^2 + x^2*y^6 + x^4*y^2,y + x*y^4 + x^5
Z6xZ10,120,8,8,4.267,0.24,ok,x^4*y^7 + x^4*y^9 + x^5*y^3,x*y^9 + x^3*y^7 + x^4
Z6xZ10,120,8,8,4.267,0.2,ok,y^8 + x*y^4 + x^5*y^9,y^6 + x^2*y^2 + x^4*y^8
Z6xZ10,120,8,8,4.267,0.2,ok,x^2*y^5 + x^3*y + x^4*y^9,1 + x*y^4 + x^2*y^2
Z6xZ10,120,8,2,0.267,0.01,ok,x^3*y^8 + x^4*y^9 + x^5*y^7,y^5 + x^4*y^6 + x^5*y^7
Z6xZ10,120,8,6,2.4,0.04,ok,1 + y^9 + x^4*y^7,y + x^2*y^8 + x^5*y^9
Z6xZ10,120,8,8,4.267,0.24,ok,y^3 + x*y^5 + x^5*y,x + x^3*y^6 + x^5
Z6xZ10,120,8,6,2.4,0.03,ok,y^5 + y^9 + x*y^2,y^3 + x*y^5 + x^3*y^2
Z6xZ10,120,8,8,4.267,0.28,ok,x^2*y^3 + x^4 + x^4*y,x*y^3 + x^3*y^9 + x^4
Z6xZ10,120,8,6,2.4,0.04,ok,y^4 + x^2*y + x^4*y^8,y^3 + x^2*y^2 + x^4*y^7
Z6xZ10,120,8,8,4.267,0.22,ok,y^4 + x^4 + x^5*y^3,y^8 + x*y + x^5*y
Z6xZ10,120,16,4,2.133,0.02,ok,y + y^9 + x^5,y^9 + x^4*y^9 + x^5*y^4
Z6xZ10,120,8,10,6.667,0.43,ok,x^3*y^6 + x^4 + x^5*y^5,y^2 + x*y^5 + x^5
Z6xZ10,120,8,8,4.267,0.34,ok,x*y^2 + x^2*y + x^3*y,y^4 + x^2 + x^4*y^6
Z6xZ10,120,16,6,4.8,0.04,ok,y^7 + x^2*y^5 + x^2*y^9,y^4 + x^2*y + x^5*y^2
Z6xZ10,120,8,8,4.267,0.26,ok,1 + x*y^4 + x*y^6,x^3*y^3 + x^3*y^7 + x^4
Z6xZ10,120,8,6,2.4,0.06,ok,x^3 + x^4*y + x^5,x^2*y^9 + x^3*y^2 + x^4*y^5
Z6xZ10,120,8,4,1.067,0.03,ok,y^7 + x*y^2 + x^5*y^4,x*y^6 + x^2*y^9 + x^3*y^2
Z6xZ10,120,8,4,1.067,0.02,ok,y^3 + x^2*y^6 + x^4,x*y^8 + x^3*y^7 + x^5
Z6xZ10,120,8,6,2.4,0.03,ok,x^2*y^4 + x^4*y^5 + x^5*y,y^4 + y^7 + x^2*y^3
Z6xZ10,120,8,6,2.4,0.04,ok,x*y^8 + x^5*y^2 + x^5*y^9,y^7 + x*y^6 + x*y^8
Z6xZ10,120,8,8,4.267,0.25,ok,x*y^8 + x^3*y^6 + x^5*y^8,y^9 + x + x^5*y^3
Z6xZ10,120,8,10,6.667,0.91,ok,y^2 + x*y^4 + x^5*y^9,x^3*y^9 + x^4*y^8 + x^5*y^6
Z6xZ10,120,8,8,4.267,0.13,ok,y^8 + x*y^4 + x^2*y^7,x + x^2*y^4 + x^3*y
Z6xZ10,120,8,8,4.267,0.26,ok,y^4 + x^3 + x^4*y^2,y^4 + x^3*y^6 + x^5*y^5
Z6xZ10,120,8,6,2.4,0.03,ok,x*y^4 + x^2*y^5 + x^3*y^8,x^3 + x^4*y^7 + x^5*y^2
Z6xZ10,120,16,4,2.133,0.03,ok,y^4 + x^3*y^7 + x^5*y^3,x^3 + x^4*y + x^4*y^9
Z6xZ10,120,8,4,1.067,0.03,ok,x*y^5 + x^3*y^4 + x^5*y^3,y^7 + x^2*y + x^4
Z6xZ10,120,8,4,1.067,0.02,ok,y^7 + x^4*y^3 + x^5*y^2,x^2*y^6 + x^3*y^7 + x^4*y^6
Z6xZ10,120,8,10,6.667,0.78,ok,y + x*y^5 + x^5,x^3*y^3 + x^4*y^2 + x^5*y^4
Z6xZ10,120,8,6,2.4,0.04,ok,y^2 + x^2*y^4 + x^4*y,x + x^3*y^7 + x^5
Z6xZ10,120,8,6,2.4,0.03,ok,x*y^3 + x^2*y^7 + x^4*y^6,y^3 + x^3*y + x^4*y^7
Z6xZ10,120,16,4,2.133,0.03,ok,x^2*y^9 + x^4*y^2 + x^4*y^6,y^3 + x^2*y^8 + x^4*y^3
Z6xZ10,120,8,6,2.4,0.03,ok,x^2*y^4 + x^3*y^6 + x^5*y^8,y^4 + x^2*y + x^2*y^2
Z6xZ10,120,8,6,2.4,0.05,ok,y^2 + x^4*y^7 + x^5*y^7,y^7 + x*y^3 + x^2
Z6xZ10,120,16,4,2.133,0.04,ok,x*y^2 + x*y^4 + x^5*y^8,x*y^6 + x^2*y^6 + x^3*y^6
Z6xZ10,120,8,4,1.067,0.02,ok,x^3*y + x^4 + x^4*y^2,x*y + x^2 + x^2*y^7
Z6xZ10,120,8,8,4.267,0.2,ok,y^3 + x^4*y^4 + x^5*y^6,x^3*y^4 + x^4*y^8 + x^5*y^3
Z6xZ10,120,8,8,4.267,0.2,ok,y^4 + x*y^5 + x^2*y^2,x^3*y^8 + x^4*y^5 + x^5*y^4
Z6xZ10,120,8,6,2.4,0.04,ok,x*y^2 + x*y^3 + x^3,y^8 + x^2*y + x^3*y^9
Z6xZ10,120,8,8,4.267,0.19,ok,x^3 + x^4*y^4 + x^5*y^3,y + x*y^5 + x^2*y^6
Z6xZ10,120,8,6,2.4,0.04,ok,x + x^3*y^6 + x^5*y^8,x^3*y^3 + x^4*y^3 + x^5*y^5
Z6xZ10,120,8,8,4.267,0.24,ok,y^6 + x^2*y^3 + x^4*y^7,x*y + x^3*y^2 + x^5*y^4
Z6xZ10,120,8,6,2.4,0.07,ok,y^7 + x^2*y^5 + x^4*y^7,y^6 + x^2*y^6 + x^4*y^3
Z6xZ10,120,8,8,4.267,0.25,ok,1 + x^2*y^2 + x^4*y^4,x^3*y^7 + x^4*y^6 + x^5*y^8
Z6xZ10,120,16,2,0.533,0.01,ok,y^8 + x^2*y^5 + x^3*y^7,x + x^3 + x^5
Z6xZ10,120,16,4,2.133,0.02,ok,y^3 + x^5*y + x^5*y^5,x^2*y + x^2*y^3 + x^4*y^7
Z6xZ10,120,8,10,6.667,0.63,ok,y^6 + x*y^5 + x^2*y,1 + x*y^8 + x^5*y^3
Z6xZ10,120,8,2,0.267,0.01,ok,1 + x^4 + x^5*y^8,x*y^8 + x^2*y^6 + x^3*y^8
Z6xZ10,120,8,4,1.067,0.04,ok,x*y^8 + x^3*y^4 + x^5*y^3,y^5 + x^2*y^5 + x^4
Z6xZ10,120,8,8,4.267,0.2,ok,x*y^6 + x^3*y^7 + x^5*y^6,1 + x^2*y^6 + x^4*y^2
Z6xZ10,120,16,2,0.533,0.01,ok,1 + y + x^4*y^3,y^8 + x^2*y^8 + x^4*y^8
Z6xZ10,120,8,10,6.667,0.58,ok,y^3 + x^4*y^4 + x^5*y^4,y^2 + x^4*y^5 + x^5*y
Z6xZ10,120,8,10,6.667,1.1,ok,y + x*y^5 + x^5*y^6,y^2 + x*y + x^2*y^9
Z6xZ10,120,8,6,2.4,0.04,ok,x^3*y^8 + x^4*y^2 + x^5*y^2,x^2*y + x^3*y + x^4*y^3
Z6xZ10,120,16,6,4.8,0.06,ok,x*y^4 + x*y^8 + x^3*y,y^4 + x^2 + x^2*y^3
Z6xZ10,120,8,4,1.067,0.02,ok,y^2 + y^9 + x^5*y^8,y^8 + x*y^7 + x*y^9
Z6xZ10,120,8,10,6.667,0.62,ok,x*y^6 + x^2 + x^3*y^9,y^9 + x*y^2 + x^5*y^3
Z6xZ10,120,8,4,1.067,0.02,ok,x^3 + x^4*y^2 + x^4*y^3,x*y^6 + x^2*y^9 + x^5*y^3
Z6xZ10,120,8,4,1.067,0.03,ok,y^3 + x^4 + x^5*y^9,y^8 + x^2*y^6 + x^4*y^4
Z6xZ10,120,8,8,4.267,0.25,ok,x*y + x^3 + x^5,y^3 + x^2*y^5 + x^4*y^8
Z6xZ10,120,8,10,6.667,0.56,ok,x*y^4 + x^3 + x^5,y^3 + x*y^2 + x^2*y^4
Z6xZ10,120,8,4,1.067,0.02,ok,x*y + x*y^4 + x^5*y^5,y^9 + x^2*y^5 + x^5*y^3
Z6xZ10,120,16,4,2.133,0.05,ok,x^3 + x^3*y^4 + x^5*y^7,x*y^6 + x^3*y + x^5*y
Z6xZ10,120,8,4,1.067,0.02,ok,x^3*y + x^4*y^2 + x^5*y,x*y^5 + x^3*y + x^5*y^5
Z6xZ10,120,8,8,4.267,0.18,ok,y^5 + x^4*y^7 + x^5*y,y + x*y^7 + x^2*y^5
Z6xZ10,120,8,6,2.4,0.05,ok,y^5 + x^2*y^7 + x^4*y,x*y^6 + x^2*y^6 + x^3*y
Z6xZ10,120,8,10,6.667,0.52,ok,y^5 + x*y^4 + x^2*y^2,y^9 + x^4*y^4 + x^5*y^5
Z6xZ10,120,8,8,4.267,0.25,ok,y + x^4*y^3 + x^5*y^4,x^2*y^3 + x^3*y^2 + x^4*y^3
Z6xZ10,120,16,4,2.133,0.02,ok,x^2*y^2 + x^2*y^9 + x^4*y^3,x^2*y^7 + x^4*y^5 + x^4*y^9
Z6xZ10,120,8,6,2.4,0.03,ok,x^2*y^3 + x^3*y^2 + x^4*y^7,x^2 + x^3*y^5 + x^4*y^8
Z6xZ10,120,8,6,2.4,0.04,ok,x^3*y + x^4*y^7 + x^5*y^5,x^3*y^5 + x^4*y^3 + x^5*y^3
Z6xZ10,120,8,8,4.267,0.23,ok,x*y^6 + x^2*y + x^3*y^4,y^3 + x*y^4 + x^5*y^8
Z6xZ10,120,8,4,1.067,0.04,ok,y + x^4*y + x^5*y^6,y^7 + x*y^5 + x^4*y^4
Z6xZ10,120,8,8,4.267,0.2,ok,y^9 + x^2*y + x^4*y^9,x*y^2 + x^3*y^7 + x^5
Z6xZ10,120,8,8,4.267,0.21,ok,y^4 + x^2 + x^4,y^4 + x + x^5*y^8
Z6xZ10,120,8,6,2.4,0.06,ok,y + x^4*y^8 + x^5*y^8,x^3*y^3 + x^4*y + x^5*y^4
Z6xZ10,120,8,8,4.267,0.2,ok,x^4*y^4 + x^4*y^6 + x^5*y^5,y^4 + y^5 + x^2*y^7
Z6xZ10,120,8,6,2.4,0.03,ok,y^2 + x^4*y^6 + x^5*y,x*y^8 + x^3*y^2 + x^5
Z6xZ10,120,8,12,9.6,2.13,ok,x*y^3 + x^3*y^2 + x^4*y,1 + x^5*y^2 + x^5*y^3
Z6xZ10,120,8,6,2.4,0.03,ok,x^3*y + x^4*y^8 + x^4*y^9,y^7 + x^3*y + x^5*y^4
Z6xZ10,120,8,6,2.4,0.03,ok,x*y^6 + x^2*y^5 + x^4*y^9,x^3*y + x^4*y + x^5*y^6
Z6xZ10,120,8,8,4.267,0.2,ok,y^9 + x^2*y^7 + x^4*y^6,x*y^6 + x^3*y^4 + x^5*y^5
Z6xZ10,120,8,4,1.067,0.02,ok,x*y + x^3*y^9 + x^5*y,y^4 + x*y^4 + x^2*y^8
Z6xZ10,120,8,4,1.067,0.03,ok,x + x^3*y^2 + x^5*y^2,x*y^6 + x^3*y^6 + x^5*y^5
Z6xZ10,120,8,8,4.267,0.2,ok,x^2*y^9 + x^4*y^5 + x^5*y^6,y^4 + x^2*y + x^2*y^2
Z6xZ10,120,16,6,4.8,0.07,ok,y^3 + x^2*y^5 + x^3*y^2,y^4 + x^3*y^7 + x^4*y^8
Z6xZ10,120,8,8,4.267,0.19,ok,x*y^5 + x^3*y^8 + x^5*y^9,x*y^6 + x^3*y^5 + x^5*y^3
Z6xZ10,120,8,8,4.267,0.21,ok,y^4 + x^4*y^7 + x^5*y^7,x*y^8 + x^3*y^4 + x^5*y^8
Z6xZ10,120,8,4,1.067,0.02,ok,y^5 + x^4*y + x^5,x^2*y^2 + x^3*y + x^4
Z6xZ10,120,8,4,1.067,0.02,ok,x^2*y^4 + x^3*y^9 + x^4*y^4,y^9 + x^2*y^8 + x^5
Z6xZ10,120,8,8,4.267,0.3,ok,x^3*y^3 + x^3*y^4 + x^4*y^6,y^7 + x*y^6 + x*y^8
Z6xZ10,120,8,6,2.4,0.03,ok,x^3 + x^4*y^7 + x^5*y^9,y^9 + x*y^9 + x^5*y^4
Z6xZ10,120,8,8,4.267,0.2,ok,x^3*y^3 + x^4*y^4 + x^5*y^9,y^8 + x*y^7 + x^2
Z6xZ10,120,8,6,2.4,0.03,ok,y^9 + x^3*y^2 + x^5*y^8,x*y^6 + x^2 + x^5*y^2
Z6xZ10,120,8,8,4.267,0.24,ok,x^2*y^5 + x^4*y^3 + x^5*y,x*y^3 + x^4*y^5 + x^5*y^4
Z6xZ10,120,16,6,4.8,0.04,ok,y^9 + x*y^3 + x^3*y^7,y^8 + x + x^4*y^6
Z6xZ10,120,8,8,4.267,0.23,ok,x*y^5 + x^3*y^5 + x^5*y^8,x*y^5 + x^3*y^8 + x^5*y^6
Z6xZ10,120,8,8,4.267,0.3,ok,y^2 + y^3 + x^4*y^5,x^3*y^3 + x^4*y^4 + x^4*y^7
Z6xZ10,120,8,4,1.067,0.04,ok,y^3 + x^2 + x^3*y^7,x^3*y^2 + x^4*y^2 + x^5*y^2
Z6xZ10,120,16,6,4.8,0.03,ok,x^4*y^6 + x^4*y^9 + x^5,y^7 + x^2*y + x^2*y^3
Z6xZ10,120,8,8,4.267,0.3,ok,y^3 + x^4*y^7 + x^5*y^3,y + x^4*y + x^5*y^7
Z6xZ10,120,8,2,0.267,0.01,ok,x^3*y^6 + x^4*y^2 + x^5,x*y^4 + x^2 + x^3*y^8
Z6xZ10,120,8,8,4.267,0.17,ok,x*y^6 + x*y^9 + x^3*y^5,y^3 + y^7 + x*y^5
Z6xZ10,120,8,8,4.267,0.28,ok,x^2*y^6 + x^4*y^8 + x^5*y^5,y^7 + x*y^8 + x^3*y^9
Z6xZ10,120,16,4,2.133,0.02,ok,x^3*y + x^5 + x^5*y^2,x + x^3*y^6 + x^3*y^9
Z6xZ10,120,8,10,6.667,0.47,ok,y + x*y^9 + x^5*y^4,x^3*y^2 + x^4*y + x^5*y^5
Z6xZ10,120,8,8,4.267,0.25,ok,x*y + x^3*y^2 + x^5*y^9,x*y^3 + x^3*y^3 + x^5*y^7
Z6xZ10,120,8,4,1.067,0.02,ok,y + x^4*y^7 + x^5*y^6,y + x^4*y^5 + x^5
Z6xZ10,120,8,6,2.4,0.04,ok,x*y^9 + x^2*y^5 + x^3*y^5,x^3*y^5 + x^4*y^7 + x^5*y
Z6xZ10,120,8,8,4.267,0.23,ok,y^3 + x^5*y^7 + x^5*y^9,x*y^5 + x^3*y^8 + x^4*y
Z6xZ10,120,8,8,4.267,0.35,ok,x*y^9 + x^3*y^5 + x^5*y^9,x^3*y^8 + x^4*y^9 + x^5*y
Z6xZ10,120,8,6,2.4,0.02,ok,1 + y^2 + x*y^6,x^3*y^7 + x^5*y + x^5*y^8
Z6xZ10,120,8,8,4.267,0.26,ok,x^2*y^2 + x^3*y^3 + x^4*y^7,y + x*y^7 + x^5
Z6xZ10,120,16,2,0.533,0.01,ok,x*y^8 + x^3*y^8 + x^5*y^8,y^9 + x^2*y^5 + x^5*y^8
Z6xZ10,120,8,10,6.667,0.45,ok,1 + x^4*y^5 + x^5*y^3,y^6 + x*y^5 + x^5*y^6
Z6xZ10,120,8,4,1.067,0.02,ok,y^9 + x*y^9 + x^2*y^9,x^2*y^7 + x^3*y^7 + x^4*y^9
Z6xZ10,120,8,10,6.667,0.87,ok,x^2*y^3 + x^3*y^6 + x^4*y^4,x*y^3 + x^2*y^8 + x^3
Z6xZ10,120,8,8,4.267,0.21,ok,y^3 + x*y^2 + x^2*y^6,y^9 + x^2*y^3 + x^4*y^5
Z6xZ10,120,16,4,2.133,0.01,ok,x*y^8 + x^2*y^8 + x^3*y^8,x*y^4 + x^3 + x^3*y^8
Z6xZ10,120,8,8,4.267,0.21,ok,x^2*y^4 + x^3*y^4 + x^4*y^3,y^6 + x^4*y^9 + x^5*y^7
Z6xZ10,120,8,4,1.067,0.02,ok,x^3*y^9 + x^4*y^4 + x^5*y^9,x^4 + x^4*y^3 + x^5*y^4
Z6xZ10,120,8,6,2.4,0.03,ok,x^3*y^4 + x^4*y^5 + x^4*y^8,x^3*y^4 + x^4*y^4 + x^5*y^9
Z6xZ10,120,8,8,4.267,0.22,ok,x + x^3*y^7 + x^5*y^2,x*y^2 + x^3*y^5 + x^5*y^8
Z6xZ10,120,8,8,4.267,0.28,ok,x^2*y^9 + x^3*y^3 + x^3*y^5,x^2*y^8 + x^3*y^5 + x^5*y^2
Z6xZ10,120,8,8,4.267,0.38,ok,1 + x^5*y^2 + x^5*y^8,y^2 + y^4 + x^2*y^3
Z6xZ10,120,16,4,2.133,0.03,ok,x*y^3 + x^3*y^9 + x^5*y^5,y^7 + x^2*y^3 + x^4*y^3
Z6xZ10,120,8,2,0.267,0.01,ok,y^4 + x^4*y^9 + x^5*y^3,y^6 + x*y^7 + x^5*y^2
Z6xZ10,120,8,8,4.267,0.27,ok,y^2 + x^2*y^8 + x^4*y^9,y^3 + x^2*y + x^4*y^3
Z6xZ10,120,8,4,1.067,0.02,ok,y^5 + x*y^8 + x^5*y^2,y^3 + x*y^8 + x^5
Z6xZ10,120,8,6,2.4,0.04,ok,y^7 + x + x^2*y^3,x^3*y^3 + x^4*y^4 + x^5*y^9
Z6xZ10,120,8,10,6.667,0.5,ok,y + x^4*y^4 + x^5*y^3,x*y + x^2*y^8 + x^3
Z6xZ10,120,8,2,0.267,0.01,ok,y^5 + x^4*y^8 + x^5*y,y^9 + x*y^2 + x^2*y^6
Z6xZ10,120,16,6,4.8,0.05,ok,x*y^3 + x^5*y + x^5*y^5,x*y + x^2*y^3 + x^5*y^4
Z6xZ10,120,8,8,4.267,0.19,ok,y^3 + x*y^6 + x^5*y^2,y^9 + x*y^6 + x^5
Z6xZ10,120,8,6,2.4,0.03,ok,x*y^2 + x^2*y^9 + x^3*y^9,x*y^6 + x^2*y^3 + x^3*y^5
Z6xZ10,120,8,6,2.4,0.05,ok,x*y^5 + x^3*y^3 + x^5*y^3,y^9 + x^4*y^6 + x^5*y^4
Z6xZ10,120,8,8,4.267,0.2,ok,x^2*y^6 + x^3*y^4 + x^4*y^6,y^4 + x^4*y^8 + x^5
Z6xZ10,120,8,8,4.267,0.21,ok,x^3*y^3 + x^4*y^9 + x^5*y,y^9 + x^2*y^7 + x^4*y^9
Z6xZ10,120,8,10,6.667,0.41,ok,y^7 + x + x^2,y^8 + x*y^8 + x^5*y^7
Z6xZ10,120,20,4,2.667,0.02,ok,x*y^2 + x^2*y^2 + x^3*y^7,x^2*y^3 + x^3*y^8 + x^4*y^3
Z6xZ10,120,8,6,2.4,0.04,ok,y^6 + x*y^2 + x^2*y^2,x*y^3 + x^3*y^9 + x^5*y
Z6xZ10,120,8,6,2.4,0.04,ok,x*y + x*y^3 + x^2*y^2,y^5 + x^3*y^2 + x^4*y^6
Z6xZ10,120,8,8,4.267,0.2,ok,y^8 + x^4*y + x^5*y^2,y^3 + x*y^8 + x^2
Z6xZ10,120,8,12,9.6,1.78,ok,y^5 + x*y + x^4*y^4,y^4 + y^5 + x*y^2
Z6xZ10,120,8,8,4.267,0.3,ok,y^6 + x*y^4 + x^3*y^7,x + x*y^7 + x^3*y
Z6xZ10,120,16,4,2.133,0.07,ok,y^5 + x*y^5 + x^5*y^5,y + x^2*y^3 + x^2*y^9
Z6xZ10,120,8,10,6.667,0.73,ok,y^3 + x^4*y^6 + x^5*y^3,x^2*y^7 + x^3*y^8 + x^4*y^2
Z6xZ10,120,8,8,4.267,0.31,ok,y^3 + x*y^4 + x*y^7,x^3*y^3 + x^5*y^5 + x^5*y^6
Z6xZ10,120,8,8,4.267,0.27,ok,x*y^2 + x^3*y^4 + x^5*y,x*y^7 + x^3 + x^5*y^7
Z6xZ10,120,8,2,0.267,0.01,ok,x*y + x^3*y^8 + x^5*y,y + x^2*y + x^4*y^8
Z6xZ10,120,16,4,2.133,0.03,ok,y^8 + x^4*y^4 + x^4*y^7,x^2*y^6 + x^2*y^8 + x^4*y^7
Z6xZ10,120,8,8,4.267,0.18,ok,y^2 + x^4*y^8 + x^5*y^5,y + x^2*y^7 + x^4*y
Z6xZ10,120,8,4,1.067,0.02,ok,x*y^8 + x^2*y^2 + x^4*y,x*y^2 + x^4*y^9 + x^5*y^8
Z6xZ10,120,8,2,0.267,0.01,ok,y^9 + x^4 + x^5*y^4,x^3*y^3 + x^4*y^7 + x^5*y^2
Z6xZ10,120,8,8,4.267,0.19,ok,x*y^8 + x^4*y^7 + x^5*y^5,x*y + x^2*y^5 + x^5*y^2
Z6xZ10,120,8,4,1.067,0.02,ok,y^9 + x^2*y^9 + x^4*y^5,x^2*y^9 + x^3*y^2 + x^4*y^9
Z6xZ10,120,8,8,4.267,0.21,ok,1 + x^2 + x^4*y,y^2 + x^2*y^7 + x^4*y^4
Z6xZ10,120,8,8,4.267,0.35,ok,x*y^6 + x^2*y^2 + x^4*y^3,y^5 + x^3*y + x^5*y^3
Z6xZ10,120,8,6,2.4,0.05,ok,y^9 + x^2*y + x^2*y^2,1 + x*y^7 + x^3*y^4
Z6xZ10,120,8,8,4.267,0.2,ok,x^2 + x^2*y^9 + x^3*y^7,y^6 + x*y^5 + x^4*y^2
Z6xZ10,120,8,4,1.067,0.04,ok,x*y^4 + x^2 + x^4*y,x^4*y + x^4*y^4 + x^5
Z6xZ10,120,8,8,4.267,0.26,ok,y^3 + x^4*y^4 + x^5*y^6,x^2 + x^3*y^2 + x^4*y^5
Z6xZ10,120,16,4,2.133,0.02,ok,y^9 + x*y^2 + x^3,x^2*y^3 + x^2*y^5 + x^4*y^9
Z6xZ10,120,8,6,2.4,0.04,ok,y^5 + x*y + x^2,x^3*y^3 + x^4*y^5 + x^5*y^4
Z6xZ10,120,8,8,4.267,0.21,ok,x*y + x^2 + x^3*y^5,y^5 + x^2*y^9 + x^4*y^5
Z6xZ10,120,8,8,4.267,0.28,ok,x*y^5 + x^3*y^7 + x^5*y^7,x^3*y^4 + x^4*y + x^5
Z6xZ10,120,16,4,2.133,0.03,ok,x^2 + x^2*y^8 + x^4*y^4,x*y^4 + x^2*y^7 + x^4
Z6xZ10,120,8,8,4.267,0.18,ok,y^6 + x^2*y^4 + x^4*y^8,y^5 + x*y^7 + x^2*y^7
Z6xZ10,120,8,8,4.267,0.19,ok,x*y^2 + x^2*y^7 + x^3*y^3,y^4 + x + x^5*y
Z6xZ10,120,8,6,2.4,0.04,ok,x*y^2 + x^2*y^3 + x^3*y^4,y^2 + x^4*y^4 + x^5*y^5
Z6xZ10,120,16,4,2.133,0.02,ok,x^2*y^2 + x^4 + x^5*y^3,x*y^8 + x^5 + x^5*y^6
Z6xZ10,120,8,10,6.667,0.51,ok,y^8 + x*y + x^2*y^5,y^8 + x^2 + x^4*y^8
Z6xZ10,120,8,6,2.4,0.03,ok,x^2*y^6 + x^3*y^3 + x^4*y^2,y^6 + x^4*y^2 + x^5*y^9
Z6xZ10,120,8,8,4.267,0.18,ok,x^2 + x^3*y^7 + x^4*y^8,y^9 + x*y^4 + x^5*y^2
Z6xZ10,120,8,4,1.067,0.03,ok,y^7 + x*y + x*y^8,x^2*y^8 + x^3*y^8 + x^4*y^8
Z6xZ10,120,8,8,4.267,0.13,ok,x^2*y^5 + x^3*y^3 + x^4*y^4,x*y^2 + x^3*y^8 + x^5*y^4
Z6xZ10,120,8,4,1.067,0.03,ok,y^3 + x*y^4 + x^5*y^4,y^2 + x*y + x^5*y
Z6xZ10,120,8,8,4.267,0.16,ok,y^5 + x^2*y + x^4*y,y^2 + x*y^4 + x^2*y^5
Z6xZ10,120,8,6,2.4,0.04,ok,x*y^7 + x^2*y^6 + x^3*y^6,x*y^4 + x^3*y^6 + x^5*y^2
Z6xZ10,120,16,2,0.533,0.01,ok,y^5 + x^2*y^5 + x^4*y^5,x + x^4*y^7 + x^5*y^6
Z6xZ10,120,16,4,2.133,0.04,ok,y^8 + x*y + x^3*y^9,y + x^3*y^2 + x^4*y^9
Z6xZ10,120,8,4,1.067,0.02,ok,x + x^3*y^8 + x^5*y^6,x^3*y + x^4 + x^5*y^9
Z6xZ10,120,8,4,1.067,0.04,ok,x^4*y^8 + x^5 + x^5*y,x*y^5 + x^2*y^8 + x^5*y^7
Z6xZ10,120,8,8,4.267,0.19,ok,y^5 + x^2*y^9 + x^4*y^3,y^4 + x^4*y^5 + x^5*y^4
Z6xZ10,120,8,8,4.267,0.18,ok,1 + x^4 + x^5*y^9,y^4 + x^2 + x^4*y^6
Z6xZ10,120,8,6,2.4,0.02,ok,x^2*y^9 + x^3*y^2 + x^5,y^6 + x^2*y^8 + x^5*y^4
Z6xZ10,120,8,4,1.067,0.03,ok,x*y + x^3*y^8 + x^5*y,x*y^3 + x^3*y + x^5*y
Z6xZ10,120,8,4,1.067,0.03,ok,y^2 + x^2 + x^5*y^9,x^3*y + x^5*y^8 + x^5*y^9
Z6xZ10,120,16,6,4.8,0.03,ok,x^2*y^4 + x^4*y^2 + x^4*y^6,x^2*y^5 + x^3 + x^4
Z6xZ10,120,8,6,2.4,0.06,ok,x*y^4 + x^3*y^2 + x^5,x^3*y^6 + x^4 + x^5*y
Z6xZ10,120,8,8,4.267,0.22,ok,x*y^3 + x^2*y^6 + x^3*y^9,x^2*y^7 + x^3*y^6 + x^4*y^3
Z6xZ10,120,8,8,4.267,0.19,ok,x^2*y^5 + x^3*y^5 + x^4*y^9,x*y^4 + x^3*y^6 + x^5*y^4
Z6xZ10,120,8,4,1.067,0.03,ok,y^8 + x^4*y^8 + x^5*y^8,y^3 + x^3*y^6 + x^5*y^7
Z6xZ10,120,8,6,2.4,0.06,ok,y^4 + x + x^5*y^6,y^3 + x*y^7 + x^2*y^9
Z6xZ10,120,8,4,1.067,0.02,ok,y^8 + x^2*y + x^4*y^7,x*y^6 + x^3*y^2 + x^5*y^8
Z6xZ10,120,16,4,2.133,0.02,ok,x^3*y^2 + x^5 + x^5*y^4,x*y^5 + x^3*y^4 + x^4*y^3
Z6xZ10,120,16,4,2.133,0.02,ok,x^2*y + x^4*y^3 + x^4*y^9,x*y^5 + x^3*y^2 + x^3*y^8
Z6xZ10,120,8,6,2.4,0.05,ok,y^6 + x*y^7 + x^2*y,x^2*y^5 + x^3*y^6 + x^4*y^4
Z6xZ10,120,8,8,4.267,0.15,ok,y^9 + x^2*y^6 + x^4*y^6,y^9 + x^2*y^6 + x^4*y^5
Z6xZ10,120,16,4,2.133,0.02,ok,x^2*y^2 + x^4 + x^4*y^4,y^2 + x^2*y^8 + x^3*y^4
Z6xZ10,120,8,6,2.4,0.05,ok,x^3*y^2 + x^4*y^2 + x^5*y^3,x^3*y^6 + x^4*y^2 + x^5*y^3
Z6xZ10,120,8,4,1.067,0.03,ok,y^4 + x^2*y^6 + x^4,y^2 + x^2*y^7 + x^4*y^2
Z6xZ10,120,16,4,2.133,0.02,ok,x^3*y^7 + x^4*y^7 + x^5*y^7,x^3*y^2 + x^3*y^8 + x^4
Z6xZ10,120,8,6,2.4,0.04,ok,x^3*y^9 + x^4*y^5 + x^4*y^8,x*y^9 + x^2 + x^5*y^8
Z6xZ10,120,8,8,4.267,0.22,ok,x^2*y^4 + x^2*y^6 + x^4*y^5,x^2*y^8 + x^3 + x^5*y^2
Z6xZ10,120,16,6,4.8,0.03,ok,y^7 + x^2*y^3 + x^3*y^4,x^2*y^5 + x^2*y^9 + x^3*y^2
Z6xZ10,120,16,4,2.133,0.02,ok,x*y^2 + x^5*y^6 + x^5*y^8,x + x*y + x^2*y^8
Z6xZ10,120,8,6,2.4,0.03,ok,x*y^3 + x^2*y^9 + x^3*y^3,x^3*y^8 + x^4 + x^5*y^8
Z6xZ10,120,8,6,2.4,0.02,ok,x^2*y^8 + x^3*y^8 + x^4*y^3,x*y^6 + x^4 + x^5*y^3
Z6xZ10,120,8,4,1.067,0.03,ok,y^8 + x^2*y^2 + x^4*y^2,x*y^6 + x^3*y + x^5*y
Z6xZ10,120,8,8,4.267,0.39,ok,x*y^6 + x*y^7 + x^2*y^4,1 + y^8 + x^2*y^9
Z6xZ10,120,8,8,4.267,0.21,ok,y^6 + x*y + x^5,y^9 + x^2*y^5 + x^4*y^3
Z6xZ10,120,8,10,6.667,0.78,ok,x*y^4 + x^2 + x^3*y^5,x*y^8 + x^2*y^6 + x^3*y^3
Z6xZ10,120,8,8,4.267,0.23,ok,y^7 + x^4*y^3 + x^5*y^8,y^9 + x + x^5*y^2
Z6xZ10,120,8,4,1.067,0.04,ok,y^7 + x^2*y^3 + x^4*y^3,x + x^3 + x^5*y^9
Z6xZ10,120,8,8,4.267,0.25,ok,x*y + x^3*y^3 + x^5*y^9,x^2*y^5 + x^3*y^7 + x^4*y^2
Z6xZ10,120,8,8,4.267,0.22,ok,y^9 + x^2*y^5 + x^4*y^9,y^5 + x*y + x^2*y^9
Z6xZ10,120,8,4,1.067,0.03,ok,y^7 + x^2*y^7 + x^4*y,y^7 + x^2*y^7 + x^4*y^2
Z6xZ10,120,8,4,1.067,0.02,ok,1 + x^4*y^9 + x^5*y^4,y^2 + x^2*y^4 + x^4*y^2
Z6xZ10,120,8,10,6.667,0.66,ok,x^3*y^4 + x^4*y + x^5*y^5,x*y^2 + x^2*y + x^3*y^9
Z6xZ10,120,8,8,4.267,0.15,ok,y^6 + x*y^2 + x^2,x*y^6 + x^2 + x^3*y^8
Z6xZ10,120,8,8,4.267,0.2,ok,y^4 + x*y^2 + x^5,y^7 + x^4*y^3 + x^5*y^5
Z6xZ10,120,8,12,9.6,1.51,ok,x^2*y^8 + x^4*y^9 + x^5*y^5,x*y^4 + x^2*y + x^4*y^8
Z6xZ10,120,16,6,4.8,0.02,ok,x^2*y^5 + x^4*y + x^4*y^9,y^5 + y^8 + x*y^9
Z6xZ10,120,8,8,4.267,0.18,ok,y^3 + x*y^7 + x^5*y^9,x*y^3 + x^3*y^3 + x^5*y
Z6xZ10,120,8,8,4.267,0.2,ok,x + x^2 + x^3*y^2,x^2*y^2 + x^3*y^6 + x^4*y^4
Z6xZ10,120,8,8,4.267,0.16,ok,y^5 + x*y + x^2*y^7,y^9 + x*y^9 + x^5*y^5
Z6xZ10,120,16,4,2.133,0.03,ok,y^4 + x*y^4 + x^5*y^4,y^6 + x^2*y^2 + x^5
Z6xZ10,120,16,2,0.533,0.01,ok,x*y^5 + x^2*y^9 + x^4*y^3,y^8 + x^2*y^8 + x^4*y^8
Z6xZ10,120,8,4,1.067,0.02,ok,y^8 + x^2 + x^4*y^2,x^3*y^9 + x^4*y^5 + x^5*y^3
Z6xZ10,120,8,4,1.067,0.02,ok,x*y^7 + x^2*y^7 + x^3*y^7,x*y^6 + x^2*y^8 + x^3*y^6
Z6xZ10,120,8,2,0.267,0.01,ok,x*y^5 + x^3*y^5 + x^5*y^5,x*y + x^3*y^8 + x^5*y^8
Z6xZ10,120,16,4,2.133,0.02,ok,x^3*y^4 + x^3*y^8 + x^4*y^6,x*y^3 + x^4*y^9 + x^5*y
Z6xZ10,120,8,6,2.4,0.06,ok,y^9 + x*y + x^3*y^8,y^7 + x*y^7 + x^5*y^2
Z6xZ10,120,8,6,2.4,0.03,ok,y + x*y^2 + x^2*y^3,y^4 + x*y^5 + x^5*y^5
Z6xZ10,120,8,8,4.267,0.2,ok,x*y^6 + x^3 + x^5*y,x*y^5 + x^3*y^5 + x^5*y^6
Z6xZ10,120,8,4,1.067,0.03,ok,x*y^3 + x^3*y^5 + x^5*y^3,y^6 + x*y + x^2*y^7
Z6xZ10,120,8,4,1.067,0.03,ok,x^3*y + x^4*y + x^5*y,y^4 + x^2*y^4 + x^4
Z6xZ10,120,8,8,4.267,0.3,ok,y^2 + x^2 + x^4,y^8 + x^4*y^7 + x^5*y^9
Z6xZ10,120,8,6,2.4,0.08,ok,x*y^9 + x^3*y^3 + x^5,y^4 + x^2*y^3 + x^4*y^3
Z6xZ10,120,8,8,4.267,0.21,ok,x*y^9 + x^3*y^2 + x^5,y + x^2*y^5 + x^4*y
Z6xZ10,120,8,8,4.267,0.31,ok,y^7 + x*y^4 + x^2,y^4 + x^2*y^8 + x^4*y^4
Z6xZ10,120,8,6,2.4,0.03,ok,y^9 + x*y^4 + x^5*y,x^3*y^2 + x^4*y^4 + x^5*y^9
Z6xZ10,120,8,6,2.4,0.03,ok,x*y^2 + x^3*y + x^5*y^8,x*y^7 + x^3*y^8 + x^5*y^4
Z6xZ10,120,8,6,2.4,0.08,ok,x^3*y^5 + x^4*y^2 + x^5,y^8 + x*y^5 + x^2*y
Z6xZ10,120,8,8,4.267,0.23,ok,x*y^3 + x^2*y^8 + x^3*y^5,y^5 + x*y^6 + x^5*y^6
Z6xZ10,120,8,4,1.067,0.04,ok,y^3 + x^3*y^4 + x^4*y^6,x*y^3 + x^4*y^9 + x^5*y^6
Z6xZ10,120,8,4,1.067,0.04,ok,y + y^2 + x^2*y^4,y^9 + x*y^2 + x^4*y^6
Z6xZ10,120,8,10,6.667,0.8,ok,y + x*y^6 + x^2,x^2*y^8 + x^3*y^5 + x^4*y^5
Z6xZ10,120,8,8,4.267,0.17,ok,x*y^3 + x^3 + x^5*y^9,x*y^6 + x^3*y^2 + x^5*y^6
Z6xZ10,120,8,8,4.267,0.18,ok,y^7 + x*y^9 + x^2*y^5,y^9 + x^2*y^3 + x^4*y^9
Z6xZ10,120,8,6,2.4,0.02,ok,y^8 + x^3*y^2 + x^5*y^5,x^3*y + x^4*y^8 + x^4*y^9
Z6xZ10,120,8,6,2.4,0.03,ok,x*y^4 + x^3*y^2 + x^4*y^5,x*y^8 + x^5*y + x^5*y^5
Z6xZ10,120,8,6,2.4,0.03,ok,x*y^5 + x^3*y^7 + x^3*y^8,x^2*y^8 + x^3*y + x^5*y^9
Z6xZ10,120,8,8,4.267,0.28,ok,1 + y + x^5*y^3,y^9 + x^2*y^3 + x^5
Z6xZ10,120,8,8,4.267,0.19,ok,y^6 + x^2*y^2 + x^4*y^8,x*y^5 + x^3*y^6 + x^5
Z6xZ10,120,16,2,0.533,0.01,ok,x^2*y^5 + x^3*y^2 + x^5*y^4,y^9 + x^3 + x^4*y^7
Z6xZ10,120,8,4,1.067,0.02,ok,x^2*y^5 + x^3*y^3 + x^4*y^5,x*y^4 + x^3*y^8 + x^5*y^8
Z6xZ10,120,8,6,2.4,0.04,ok,y^8 + x*y^5 + x^2*y^7,y^6 + x*y^7 + x^2*y^9
Z6xZ10,120,8,6,2.4,0.04,ok,x^3*y^9 + x^4 + x^5*y^9,1 + x^2*y^4 + x^4
Z6xZ10,120,8,8,4.267,0.19,ok,x*y^7 + x^3*y^5 + x^5*y,x*y^3 + x^3 + x^5*y^4
Z6xZ10,120,8,4,1.067,0.02,ok,y^2 + x*y^7 + x^2*y^2,y^3 + x^4*y^2 + x^4*y^9
Z6xZ10,120,8,4,1.067,0.03,ok,x^2*y^4 + x^3*y^6 + x^4*y^6,y^9 + x^2*y^5 + x^4*y^9
Z6xZ10,120,8,8,4.267,0.19,ok,x*y^6 + x^2*y^9 + x^3*y^4,y^9 + x*y^2 + x^5
Z6xZ10,120,8,8,4.267,0.22,ok,x^2 + x^2*y^3 + x^3*y^9,y^2 + x^2*y^4 + x^3*y^6
Z6xZ10,120,8,10,6.667,0.58,ok,x^2*y^4 + x^3*y^6 + x^4*y^7,y^3 + x^4*y^8 + x^5*y^6
Z6xZ10,120,8,4,1.067,0.02,ok,x^2*y + x^3*y + x^4*y,x^2*y^8 + x^3*y^9 + x^5
Z6xZ10,120,8,10,6.667,0.49,ok,y^8 + x*y^3 + x^5*y^4,y^8 + x^4*y^5 + x^5*y^3
Z6xZ10,120,8,4,1.067,0.02,ok,y^7 + x^4*y^8 + x^5*y^9,x*y^5 + x^3*y + x^5*y^3
Z6xZ10,120,8,4,1.067,0.02,ok,y^9 + x^2*y^6 + x^5*y^2,x^3 + x^5*y^3 + x^5*y^7
Z6xZ10,120,8,4,1.067,0.03,ok,y^8 + x^2*y^3 + x^4*y^8,y + x^2*y^7 + x^4*y^5
Z6xZ10,120,16,4,2.133,0.02,ok,x^3 + x^3*y^2 + x^4*y,x^4*y^7 + x^5 + x^5*y^4
Z6xZ10,120,8,4,1.067,0.03,ok,y^9 + x^2*y^3 + x^4*y^3,x^2*y^5 + x^3*y^7 + x^4*y^2
Z6xZ10,120,8,8,4.267,0.24,ok,y^7 + x^2 + x^2*y^4,y^4 + x^3*y^2 + x^5*y^3
Z6xZ10,120,8,8,4.267,0.24,ok,x + x^3*y^2 + x^5*y^4,x^2*y + x^3*y^9 + x^4*y^6
Z6xZ10,120,8,2,0.267,0.01,ok,x^2*y^8 + x^3*y^6 + x^4*y^8,y + x^2*y + x^4*y
Z6xZ10,120,8,8,4.267,0.22,ok,x^3*y^6 + x^4*y^2 + x^5*y^2,1 + x^4 + x^5*y^8
Z6xZ10,120,8,4,1.067,0.02,ok,y^5 + x + x^2*y^7,x*y^7 + x^3*y^5 + x^5*y^5
Z6xZ10,120,8,4,1.067,0.02,ok,1 + x^2*y^4 + x^4*y^8,y^4 + x*y^5 + x^2*y^8
Z6xZ10,120,8,10,6.667,0.41,ok,y^8 + x*y^4 + x^2*y^5,y^4 + x^2 + x^4*y^4
Z6xZ10,120,8,10,6.667,1.03,ok,y^6 + x*y^9 + x^5*y^2,y^4 + x*y^4 + x^2*y^3
Z6xZ10,120,8,4,1.067,0.03,ok,x*y^5 + x^3*y^2 + x^4*y^4,y^6 + y^7 + x^5*y^4
Z6xZ10,120,16,4,2.133,0.02,ok,x + x^3*y^2 + x^5*y^6,y^2 + x^2*y^6 + x^4*y^2
Z6xZ10,120,8,8,4.267,0.34,ok,y^8 + x^2*y^4 + x^3,y + x*y^3 + x^3
Z6xZ10,120,8,4,1.067,0.02,ok,x^2*y^8 + x^3*y^4 + x^4,x*y + x^3*y^3 + x^5*y^7
Z6xZ10,120,8,6,2.4,0.05,ok,y^3 + x^2*y^2 + x^4*y^9,y^6 + x^2*y^2 + x^4*y^5
Z6xZ10,120,8,8,4.267,0.21,ok,x*y + x^3*y^6 + x^5*y^4,x + x^3*y^9 + x^5*y^7
Z6xZ10,120,8,2,0.267,0.01,ok,y + x^2*y + x^4*y,x*y^8 + x^2*y^3 + x^3*y^2
Z6xZ10,120,8,4,1.067,0.03,ok,x^2*y^9 + x^3*y^8 + x^4*y^5,y^9 + x^4*y + x^5
Z6xZ10,120,8,6,2.4,0.04,ok,y^4 + x^2*y^6 + x^4,1 + x + x^5*y^8
Z6xZ10,120,8,6,2.4,0.03,ok,y^5 + x^3*y + x^4*y^3,y^4 + x*y^9 + x^2*y^9
Z6xZ10,120,8,6,2.4,0.05,ok,y^5 + x*y^4 + x^5*y^4,x^2*y^2 + x^3*y^3 + x^4*y^6
Z6xZ14,168,12,8,4.571,0.24,ok,1 + x*y^13 + x^3*y^11,x^2*y^6 + x^2*y^10 + x^5*y^5
Z6xZ14,168,12,8,4.571,0.29,ok,x*y^12 + x^3*y^6 + x^5*y^8,x*y^4 + x^2*y^10 + x^4*y^13
Z6xZ14,168,12,6,2.571,0.04,ok,x*y^7 + x^3*y^6 + x^4*y^9,x*y^6 + x^2*y^3 + x^2*y^4
Z6xZ14,168,12,10,7.143,0.84,ok,x*y^3 + x*y^4 + x^5*y^6,y^5 + x^4*y^2 + x^4*y^10
Z6xZ14,168,12,6,2.571,0.05,ok,x^2*y^5 + x^3*y^4 + x^5,y^6 + x*y^5 + x^5*y
Z6xZ14,168,12,8,4.571,0.37,ok,x*y + x*y^9 + x^3*y^11,y^3 + x^3*y^7 + x^5*y^8
Z6xZ14,168,12,6,2.571,0.04,ok,y^7 + x^3*y^13 + x^4*y^2,y^13 + x*y^10 + x^4*y^4
Z6xZ14,168,12,2,0.286,0.01,ok,y^5 + x^2*y^10 + x^5*y^2,x^2*y^4 + x^3*y^7 + x^5*y^12
Z6xZ14,168,12,10,7.143,0.66,ok,x^2*y + x^2*y^3 + x^4*y^11,x*y^11 + x^4*y^2 + x^5*y^12
Z6xZ14,168,12,6,2.571,0.1,ok,x^3*y^11 + x^5*y^5 + x^5*y^7,y^8 + x^3*y^6 + x^4*y^5
Z6xZ14,168,12,6,2.571,0.1,ok,x*y^9 + x*y^13 + x^3*y^8,y^2 + x^2*y^6 + x^4*y
Z6xZ14,168,12,8,4.571,0.35,ok,x*y^5 + x^2*y^2 + x^3*y^3,x*y^3 + x^3*y + x^3*y^7
Z6xZ14,168,12,8,4.571,0.28,ok,x^3*y^12 + x^4*y^10 + x^5*y^2,x + x^3*y^2 + x^4*y^6
Z6xZ14,168,12,8,4.571,0.39,ok,y^4 + x^3*y^6 + x^5*y^7,x*y^4 + x*y^12 + x^3*y^2
Z6xZ14,168,12,6,2.571,0.04,ok,x*y^11 + x^4*y^3 + x^4*y^8,y^6 + x^2*y + x^5*y^9
Z6xZ14,168,12,6,2.571,0.08,ok,y^10 + x^4*y^2 + x^5,x*y^9 + x^4*y^7 + x^5*y^3
Z6xZ14,168,12,6,2.571,0.04,ok,y^7 + x*y^12 + x^5*y,x*y^4 + x*y^10 + x^3*y^8
Z6xZ14,168,12,8,4.571,0.37,ok,x + x^2*y^12 + x^5*y^8,x*y + x^2*y^3 + x^3*y^11
Z6xZ14,168,12,8,4.571,0.32,ok,x^2*y^5 + x^2*y^7 + x^3*y^4,x*y^13 + x^2*y^8 + x^2*y^12
Z6xZ14,168,12,6,2.571,0.06,ok,x*y^10 + x^2*y^3 + x^3*y^3,x^2*y^5 + x^2*y^6 + x^5*y^8
Z6xZ14,168,12,6,2.571,0.04,ok,1 + x^3*y^10 + x^4*y^8,x*y^7 + x^4*y^9 + x^5*y^13
Z6xZ14,168,12,4,1.143,0.02,ok,x^2*y^4 + x^2*y^8 + x^2*y^10,x^2*y^8 + x^3*y^13 + x^4*y^9
Z6xZ14,168,12,10,7.143,0.66,ok,x*y^10 + x^3*y^8 + x^5*y^4,x^2*y^4 + x^4*y^5 + x^5*y^9
Z6xZ14,168,24,4,2.286,0.04,ok,x^3 + x^3*y^2 + x^3*y^6,x*y^9 + x*y^11 + x^3*y
Z6xZ14,168,12,6,2.571,0.04,ok,x*y^8 + x^4*y^6 + x^5*y^9,x^4*y + x^4*y^2 + x^5*y^13
Z6xZ14,168,12,2,0.286,0.01,ok,x*y^7 + x^3*y^2 + x^3*y^6,x^2*y^3 + x^4*y^2 + x^4*y^12
Z6xZ14,168,12,8,4.571,0.44,ok,y^10 + x^3*y^8 + x^4,x*y^5 + x^3*y^3 + x^3*y^9
Z6xZ14,168,12,6,2.571,0.04,ok,y + x^5*y^9 + x^5*y^11,y^12 + x^3*y^4 + x^4
Z6xZ14,168,12,8,4.571,0.37,ok,y^3 + x^2*y^13 + x^3*y^4,x^3*y^5 + x^4*y^4 + x^5*y^7
Z6xZ14,168,12,6,2.571,0.05,ok,y^12 + x*y + x^3,x*y^6 + x^2*y^8 + x^4*y^9
Z6xZ14,168,12,8,4.571,0.33,ok,x*y^2 + x^5*y^8 + x^5*y^13,x*y + x*y^5 + x^3
Z6xZ14,168,12,6,2.571,0.05,ok,y^5 + x^4*y^8 + x^4*y^13,y^6 + y^11 + x^4*y^3
Z6xZ14,168,12,6,2.571,0.09,ok,y^5 + x + x^2*y^8,x^2*y^6 + x^4*y^9 + x^5*y
Z6xZ14,168,12,8,4.571,0.43,ok,x^3*y + x^4 + x^4*y^10,x*y^6 + x*y^12 + x^3*y^8
Z6xZ14,168,12,6,2.571,0.08,ok,1 + y^3 + x*y,y^10 + y^13 + x^5*y^11
Z6xZ14,168,12,6,2.571,0.06,ok,x^3*y^3 + x^4*y^9 + x^5,y + x^3*y^10 + x^4*y^4
Z6xZ14,168,12,6,2.571,0.06,ok,y^11 + x*y^5 + x^5*y^7,x^2*y^13 + x^3*y^7 + x^3*y^9
Z6xZ14,168,12,8,4.571,0.44,ok,x*y^13 + x^2*y^8 + x^5*y^5,x*y^5 + x^4*y^4 + x^5*y^7
Z6xZ14,168,18,4,1.714,0.03,ok,x^2*y^5 + x^2*y^6 + x^2*y^8,x*y^6 + x*y^9 + x^4*y^7
Z6xZ14,168,12,6,2.571,0.05,ok,x*y^2 + x*y^10 + x^4*y^7,y^8 + x^3*y^3 + x^5*y^11
Z6xZ14,168,12,8,4.571,0.34,ok,x^2*y^5 + x^3*y + x^3*y^7,x + x^2*y^8 + x^5*y^12
Z6xZ14,168,12,8,4.571,0.42,ok,x^2*y^13 + x^3*y^11 + x^5*y^7,x*y^8 + x^2*y^12 + x^5
Z6xZ14,168,18,4,1.714,0.05,ok,x*y^12 + x^4*y^6 + x^4*y^8,x + x*y + x^4*y^10
Z6xZ14,168,12,6,2.571,0.06,ok,x^3*y^2 + x^4*y^9 + x^5*y^9,x^3*y^8 + x^3*y^9 + x^3*y^11
Z6xZ14,168,12,4,1.143,0.06,ok,y^2 + x^2*y^10 + x^4*y^7,y^9 + y^10 + x^4
Z6xZ14,168,12,8,4.571,0.39,ok,x^2*y^5 + x^4*y + x^4*y^6,x*y + x*y^7 + x^3*y^3
Z6xZ14,168,12,6,2.571,0.12,ok,y^3 + x^4*y^12 + x^5*y^2,x*y + x*y^6 + x^2*y^5
Z6xZ14,168,12,8,4.571,0.32,ok,x*y^3 + x^4*y^9 + x^5*y^7,y^11 + x^4*y^7 + x^4*y^13
Z6xZ14,168,18,4,1.714,0.03,ok,x*y^6 + x*y^7 + x*y^9,y^7 + x^3*y^2 + x^3*y^13
Z6xZ14,168,12,6,2.571,0.07,ok,x^3*y^11 + x^5*y^3 + x^5*y^8,y^5 + x^2*y^13 + x^4*y^10
Z6xZ14,168,20,4,1.905,0.03,ok,y^3 + x + x^5*y^8,y^7 + x^2*y^9 + x^4*y^13
Z6xZ14,168,12,6,2.571,0.04,ok,y^2 + y^7 + x^3*y^13,x*y^8 + x^2 + x^3*y^3
Z6xZ14,168,12,8,4.571,0.49,ok,x*y^6 + x*y^8 + x^2*y^5,y^6 + x^4*y^10 + x^5*y^11
Z6xZ14,168,12,10,7.143,1.18,ok,y^10 + x^2*y^12 + x^2*y^13,y^11 + x^2*y^2 + x^2*y^5
Z6xZ14,168,12,10,7.143,1.11,ok,y^6 + x*y^11 + x^5*y^3,x^2*y^5 + x^3 + x^5*y^4
Z6xZ14,168,12,8,4.571,0.43,ok,x^3*y^3 + x^5*y^9 + x^5*y^12,x*y^9 + x^3*y^7 + x^5*y^6
Z6xZ14,168,12,8,4.571,0.42,ok,x^3*y^3 + x^3*y^12 + x^5*y^13,y^5 + x^2*y^7 + x^2*y^8
Z6xZ14,168,12,6,2.571,0.09,ok,x^3*y^13 + x^4*y + x^5*y^9,x*y^6 + x^3*y^2 + x^4*y^8
Z6xZ14,168,12,4,1.143,0.03,ok,x*y + x*y^9 + x^5*y^11,1 + x*y^9 + x^4*y^13
Z6xZ14,168,12,8,4.571,0.49,ok,y^13 + x^2*y^5 + x^4*y,y^4 + y^13 + x^5*y^10
Z6xZ14,168,12,6,2.571,0.05,ok,y^8 + x^4 + x^5*y^12,x^2*y + x^2*y^9 + x^4*y^13
Z6xZ14,168,12,6,2.571,0.11,ok,y^11 + x^2*y^10 + x^4*y,x*y^4 + x*y^5 + x^3*y^9
Z6xZ14,168,12,6,2.571,0.18,ok,x^2*y^13 + x^4*y + x^5*y^2,x*y^10 + x^4*y^5 + x^4*y^13
Z6xZ14,168,12,8,4.571,0.38,ok,1 + x*y^5 + x^4*y^8,1 + y^4 + x^3*y^13
Z6xZ14,168,12,6,2.571,0.07,ok,x^3*y^3 + x^4*y^7 + x^5*y,x*y^6 + x^2*y^12 + x^5*y^8
Z6xZ14,168,12,6,2.571,0.05,ok,x^4*y^2 + x^5*y^11 + x^5*y^12,y^12 + x^5*y^7 + x^5*y^8
Z6xZ14,168,12,8,4.571,0.37,ok,x^2*y^2 + x^2*y^12 + x^3*y^10,y^4 + y^6 + x^5*y^10
Z6xZ14,168,12,6,2.571,0.1,ok,y^6 + y^11 + x^2*y^7,x*y^2 + x*y^3 + x*y^7
Z6xZ14,168,12,6,2.571,0.04,ok,1 + y^10 + x^4*y^2,y^9 + x*y^11 + x^5*y^5
Z6xZ14,168,12,6,2.571,0.06,ok,y^3 + x^2*y^13 + x^5*y^4,1 + x^3*y^3 + x^5*y
Z6xZ14,168,12,6,2.571,0.13,ok,x^2*y^5 + x^2*y^7 + x^4*y^11,y^3 + x*y^7 + x^5*y
Z6xZ14,168,20,2,0.476,0.01,ok,x*y^6 + x^2 + x^3*y^2,y^11 + x*y^5 + x^2*y^7
Z6xZ14,168,12,6,2.571,0.3,ok,y^11 + x^3*y^2 + x^5*y^12,y^6 + x*y^11 + x^3*y^7
Z6xZ14,168,12,6,2.571,0.06,ok,x^2*y^5 + x^5 + x^5*y^8,x*y + x^2*y^6 + x^3*y^9
Z6xZ14,168,12,4,1.143,0.05,ok,x*y + x*y^13 + x^5*y^5,x^4*y^5 + x^4*y^7 + x^5*y^4
Z6xZ14,168,12,6,2.571,0.1,ok,x^3 + x^3*y + x^4*y^12,y^12 + x + x*y
Z6xZ14,168,12,4,1.143,0.03,ok,x^3 + x^3*y^4 + x^5*y^6,x^2*y^4 + x^4*y^10 + x^5*y^8
Z6xZ14,168,12,8,4.571,0.41,ok,x^2*y^5 + x^4*y^11 + x^5*y^2,x^2*y + x^3*y^4 + x^4*y^3
Z6xZ14,168,12,8,4.571,0.33,ok,x^4*y^6 + x^5*y + x^5*y^9,y^3 + x*y^2 + x^4*y^7
Z6xZ14,168,20,4,1.905,0.04,ok,x^3*y^10 + x^4*y^6 + x^5*y^12,x*y^3 + x^3*y^11 + x^5*y
Z6xZ14,168,12,6,2.571,0.05,ok,y^7 + x*y^3 + x^4*y^2,x*y^13 + x^5*y + x^5*y^9
Z6xZ14,168,12,10,7.143,1.01,ok,x^3*y + x^3*y^2 + x^5*y^6,x*y^4 + x^3*y^6 + x^5*y^7
Z6xZ14,168,12,4,1.143,0.03,ok,1 + x^4*y^2 + x^4*y^13,x^3 + x^5*y^4 + x^5*y^12
Z6xZ14,168,12,8,4.571,0.37,ok,x^3*y + x^3*y^5 + x^5*y^13,x^2*y^6 + x^5*y + x^5*y^5
Z6xZ14,168,12,8,4.571,0.34,ok,y^9 + y^11 + x^2*y^5,y^5 + x^3*y^6 + x^3*y^10
Z6xZ14,168,12,10,7.143,0.83,ok,y + y^5 + x^4*y^7,y^9 + y^10 + x^5
Z6xZ14,168,12,8,4.571,0.43,ok,x*y^6 + x*y^12 + x^4*y^3,y^11 + x^3*y^2 + x^5*y^12
Z6xZ14,168,12,8,4.571,0.37,ok,x^2*y^4 + x^3*y + x^5*y^3,x^3*y + x^3*y^5 + x^5*y^7
Z6xZ14,168,12,6,2.571,0.08,ok,x*y^2 + x^3*y^10 + x^4*y^7,x*y^9 + x^4 + x^4*y^10
Z6xZ14,168,12,8,4.571,0.35,ok,x^2*y^4 + x^5*y^3 + x^5*y^13,x*y^6 + x^2*y + x^3*y^12
Z6xZ14,168,12,6,2.571,0.07,ok,y^3 + x + x^5*y^8,y^4 + y^6 + x^2*y^10
Z6xZ14,168,16,6,3.429,0.06,ok,y^3 + x^2*y^9 + x^4*y^11,x*y^6 + x^3*y^10 + x^5*y^6
Z6xZ14,168,12,6,2.571,0.04,ok,y^4 + x*y^2 + x*y^5,x*y^7 + x*y^11 + x^3*y^13
Z6xZ14,168,12,8,4.571,0.37,ok,x*y^6 + x*y^10 + x^3*y^12,x*y^9 + x^2*y + x^2*y^6
Z6xZ14,168,12,8,4.571,0.48,ok,x^3*y^5 + x^3*y^7 + x^4*y^4,x*y^12 + x^3*y^8 + x^5*y^6
Z6xZ14,168,12,8,4.571,0.46,ok,y^11 + x^2*y + x^5*y^9,x^2*y^7 + x^3*y^5 + x^3*y^11
Z6xZ14,168,12,8,4.571,0.46,ok,y^2 + y^8 + x^3*y^4,y^12 + x^2*y^8 + x^5*y^6
Z6xZ14,168,12,10,7.143,0.97,ok,x*y^2 + x^3*y + x^5*y^11,x*y^10 + x^5*y^9 + x^5*y^12
Z6xZ14,168,12,4,1.143,0.02,ok,x*y^3 + x^4*y^9 + x^5*y^5,x*y^3 + x^5*y^11 + x^5*y^13
Z6xZ14,168,12,6,2.571,0.05,ok,y + y^11 + x^2*y^3,x*y^6 + x^2*y^11 + x^3
Z6xZ14,168,12,8,4.571,0.43,ok,y^4 + x^3*y^8 + x^5*y^10,x*y^11 + x^2*y^7 + x^4*y^13
Z6xZ14,168,12,8,4.571,0.43,ok,x*y^12 + x^4*y^4 + x^5*y^2,1 + x^2*y^8 + x^3*y^12
Z6xZ14,168,12,10,7.143,0.92,ok,y^6 + x^2*y^2 + x^4*y^8,x*y^9 + x^3*y^4 + x^4*y^5
Z6xZ14,168,12,6,2.571,0.14,ok,y^4 + x*y^10 + x^4*y^8,y^4 + x^3*y^10 + x^4*y^8
Z6xZ14,168,12,4,1.143,0.03,ok,x*y^13 + x^2*y^9 + x^5*y,x*y + x*y^7 + x^3*y^5
Z6xZ14,168,12,8,4.571,0.35,ok,x*y^5 + x^4*y^9 + x^5*y^11,x*y^3 + x*y^5 + x^2*y^13
Z6xZ14,168,12,8,4.571,0.32,ok,x*y + x*y^13 + x^5*y^12,y^5 + y^9 + x^2*y^10
Z6xZ14,168,12,8,4.571,0.47,ok,y^12 + x^2*y^2 + x^4*y^4,x*y^6 + x^3*y^4 + x^4*y^7
Z6xZ14,168,12,6,2.571,0.06,ok,x^2*y^12 + x^3*y^7 + x^5*y,x^2*y^13 + x^3*y^8 + x^4*y^9
Z6xZ14,168,16,6,3.429,0.08,ok,y^12 + x^2*y^12 + x^4,x + x^3*y^10 + x^5*y^6
Z6xZ14,168,12,4,1.143,0.09,ok,x^3*y^7 + x^3*y^13 + x^5*y^11,y^3 + y^4 + x^2*y
Z6xZ14,168,24,4,2.286,0.04,ok,x*y^4 + x^3*y^11 + x^5*y^11,y^7 + y^9 + y^13
Z6xZ14,168,12,10,7.143,1.07,ok,x*y^4 + x^2*y^2 + x^2*y^12,x^3*y^11 + x^4*y^7 + x^5*y^13
Z6xZ14,168,24,4,2.286,0.05,ok,x^2*y^12 + x^3*y^5 + x^4*y^12,x*y^2 + x*y^8 + x^4*y^13
Z6xZ14,168,18,6,3.857,0.11,ok,y^8 + x^3*y^9 + x^3*y^13,x*y^3 + x*y^11 + x^4*y
Z6xZ14,168,12,8,4.571,0.36,ok,x*y^3 + x*y^5 + x^5*y^2,y^7 + x^4*y^4 + x^4*y^12
Z6xZ14,168,12,8,4.571,0.36,ok,x^2*y^4 + x^4*y + x^4*y^10,y^6 + y^12 + x^4*y^10
Z6xZ14,168,12,10,7.143,1.1,ok,x^2*y^2 + x^3*y^6 + x^5,x^2*y^11 + x^3*y^9 + x^4*y
Z6xZ14,168,12,6,2.571,0.05,ok,x*y^10 + x^2*y^9 + x^3*y^7,x^2*y^10 + x^2*y^12 + x^4*y^6
Z6xZ14,168,12,6,2.571,0.06,ok,x*y^7 + x*y^13 + x^5*y^4,x*y^2 + x*y^8 + x*y^13
Z6xZ14,168,12,8,4.571,0.37,ok,x + x^3*y^9 + x^3*y^10,x + x^5*y^2 + x^5*y^10
Z6xZ14,168,14,6,3.0,0.06,ok,y^5 + x^4*y^10 + x^5*y^9,x^2*y^11 + x^3 + x^4*y^12
Z6xZ14,168,12,8,4.571,0.38,ok,x^4 + x^4*y^11 + x^4*y^13,y^2 + x^2*y + x^2*y^6
Z6xZ14,168,14,6,3.0,0.04,ok,x^3*y^5 + x^4*y^7 + x^5*y^8,y^2 + x^4*y^3 + x^5*y^7
Z6xZ14,168,36,2,0.857,0.01,ok,y^2 + x^3 + x^3*y^6,x^2*y^4 + x^5*y^2 + x^5*y^8
Z6xZ14,168,24,4,2.286,0.03,ok,x*y^11 + x^5*y^7 + x^5*y^13,y^4 + x^2*y^2 + x^4*y^12
Z6xZ14,168,12,4,1.143,0.07,ok,x*y^4 + x^4*y + x^5*y^10,x^3*y^2 + x^3*y^4 + x^3*y^12
Z6xZ14,168,12,8,4.571,0.42,ok,y^5 + x^2*y^2 + x^2*y^4,x*y^7 + x*y^13 + x^5*y^11
Z6xZ14,168,12,4,1.143,0.03,ok,x*y^2 + x*y^4 + x*y^8,y^5 + x^2*y^7 + x^4*y^4
Z6xZ14,168,12,8,4.571,0.36,ok,x^2*y^7 + x^2*y^10 + x^5*y^9,x^3*y^12 + x^5*y^2 + x^5*y^4
Z6xZ14,168,12,6,2.571,0.08,ok,y^8 + x^2*y^2 + x^5*y^11,x*y^5 + x^2 + x^3*y^11
Z6xZ14,168,12,10,7.143,1.19,ok,x*y^7 + x^4*y^12 + x^5*y^11,x*y^10 + x^4*y^9 + x^5*y^12
Z6xZ14,168,12,8,4.571,0.35,ok,y + y^3 + x^4*y^7,y^3 + y^6 + x^4*y^11
Z6xZ14,168,12,4,1.143,0.06,ok,x^2*y^7 + x^2*y^9 + x^2*y^13,1 + x*y^13 + x^4*y^2
Z6xZ14,168,12,6,2.571,0.05,ok,y^13 + x*y^12 + x^2*y^10,x*y^5 + x^2*y^3 + x^4*y^6
Z6xZ14,168,12,10,7.143,0.76,ok,y^7 + x^4*y^9 + x^4*y^13,y^5 + x*y^3 + x^3*y^2
Z6xZ14,168,12,8,4.571,0.31,ok,y^4 + x^2*y^12 + x^3,x^3*y^4 + x^4*y^10 + x^5*y^6
Z6xZ14,168,12,10,7.143,0.84,ok,x*y^7 + x^2*y^4 + x^5*y^6,x*y^4 + x*y^12 + x^5*y^2
Z6xZ14,168,20,6,4.286,0.19,ok,x^3*y^3 + x^4*y^12 + x^5*y^9,x^3*y^4 + x^4*y^7 + x^5*y^12
Z6xZ14,168,12,6,2.571,0.06,ok,y^10 + x^2 + x^2*y^2,x^2*y^9 + x^3*y^13 + x^4*y^8
Z6xZ14,168,12,6,2.571,0.05,ok,x*y + x^3*y^7 + x^4*y^10,1 + x^2*y^8 + x^5*y^3
Z6xZ14,168,12,4,1.143,0.04,ok,x^3*y^6 + x^3*y^8 + x^3*y^12,x^2 + x^4*y^4 + x^4*y^5
Z6xZ14,168,18,4,1.714,0.03,ok,x*y^12 + x^4*y + x^4*y^7,x*y^5 + x^4*y^2 + x^4*y^11
Z6xZ14,168,12,8,4.571,0.38,ok,1 + x*y^11 + x^4*y^12,x^3*y^9 + x^3*y^13 + x^4
Z6xZ14,168,20,6,4.286,0.05,ok,x*y^7 + x^3*y^4 + x^5*y^13,y^9 + x^2 + x^4*y^3
Z6xZ14,168,12,8,4.571,0.3,ok,y^3 + y^11 + x^5*y^13,y^3 + x*y^11 + x^4*y^13
Z6xZ14,168,18,4,1.714,0.03,ok,x*y^2 + x*y^10 + x^4*y^12,x*y^13 + x^4*y + x^4*y^12
Z6xZ14,168,12,8,4.571,0.39,ok,x^3*y^3 + x^3*y^7 + x^4*y^9,x*y^5 + x^2*y + x^5*y^7
Z6xZ14,168,12,8,4.571,0.29,ok,x^3*y^13 + x^5*y + x^5*y^2,x*y^7 + x^3*y^3 + x^5*y^9
Z6xZ14,168,12,6,2.571,0.09,ok,y^12 + x^2*y^11 + x^5*y^2,x^2*y^7 + x^2*y^8 + x^5*y^12
Z6xZ14,168,12,8,4.571,0.33,ok,y^6 + x^4 + x^5*y^11,x^3*y^2 + x^3*y^10 + x^5
Z6xZ14,168,12,8,4.571,0.4,ok,y^5 + x^4*y + x^4*y^6,x*y^6 + x^3 + x^5*y^9
Z6xZ14,168,12,2,0.286,0.01,ok,x^4*y^3 + x^5*y^5 + x^5*y^13,x^2*y^10 + x^3*y^6 + x^3*y^12
Z6xZ14,168,12,4,1.143,0.05,ok,y^10 + x^2*y^8 + x^5,y^12 + x^5*y^2 + x^5*y^10
Z6xZ14,168,12,4,1.143,0.05,ok,x^3*y^6 + x^3*y^11 + x^4,y^2 + y^4 + y^12
Z6xZ14,168,12,8,4.571,0.33,ok,x^4*y^5 + x^5 + x^5*y^4,x^2*y^7 + x^3*y^4 + x^5*y^12
Z6xZ14,168,12,6,2.571,0.09,ok,y^12 + x^3*y + x^5,y^13 + x*y + x^5*y^2
Z6xZ14,168,12,8,4.571,0.35,ok,y^4 + x^4*y^7 + x^5*y^5,x*y^3 + x*y^5 + x^3*y^9
Z6xZ14,168,12,8,4.571,0.34,ok,x*y^3 + x*y^4 + x*y^6,x*y^6 + x^3*y^4 + x^3*y^10
Z6xZ14,168,12,6,2.571,0.05,ok,y^9 + x^2*y^11 + x^3*y^5,x*y^8 + x^3*y^6 + x^4*y^2
Z6xZ14,168,18,4,1.714,0.07,ok,x*y + x^4*y^2 + x^4*y^6,x*y^6 + x^4*y + x^4*y^2
Z6xZ14,168,12,8,4.571,0.4,ok,y + y^11 + x^2*y^9,x*y^5 + x^2*y^3 + x^2*y^9
Z6xZ14,168,12,6,2.571,0.16,ok,x^2*y + x^3 + x^3*y^10,x^3*y^6 + x^3*y^10 + x^4*y^11
Z6xZ14,168,18,4,1.714,0.03,ok,x^5*y^5 + x^5*y^6 + x^5*y^8,x^2*y^10 + x^5*y^4 + x^5*y^6
Z6xZ14,168,12,4,1.143,0.03,ok,x^2*y^5 + x^4*y^9 + x^5*y^10,y^5 + x^2*y^11 + x^3
Z6xZ14,168,12,8,4.571,0.4,ok,x^2*y^9 + x^4 + x^4*y^6,x*y^2 + x^5*y^3 + x^5*y^5
Z6xZ14,168,12,8,4.571,0.35,ok,x^4 + x^4*y^2 + x^4*y^3,x^2*y^3 + x^2*y^12 + x^4*y^13
Z6xZ14,168,12,8,4.571,0.43,ok,y + x^2*y^5 + x^2*y^13,x*y^6 + x^3*y^2 + x^4*y^7
Z6xZ14,168,12,8,4.571,0.32,ok,y^10 + x*y^4 + x^3*y^6,x^2*y^3 + x^4*y^11 + x^4*y^13
Z6xZ14,168,12,8,4.571,0.35,ok,x^2*y^4 + x^2*y^7 + x^2*y^13,x*y^11 + x^3*y^12 + x^5*y^2
Z6xZ14,168,12,4,1.143,0.03,ok,y^6 + x^3*y^9 + x^4,x^2*y^2 + x^2*y^6 + x^3*y^7
Z6xZ14,168,12,10,7.143,1.08,ok,y^10 + x*y^5 + x^4*y^2,x^2*y^5 + x^4*y^7 + x^5*y^4
Z6xZ14,168,12,6,2.571,0.05,ok,x*y^9 + x^2*y^12 + x^3*y^4,y^7 + x^5*y^4 + x^5*y^13
Z6xZ14,168,16,6,3.429,0.05,ok,x*y^7 + x^3*y + x^5*y^9,y + x^2*y + x^4*y^9
Z6xZ14,168,12,4,1.143,0.05,ok,x^2*y + x^2*y^9 + x^2*y^11,x*y^10 + x^2*y^13 + x^4*y^4
Z6xZ14,168,18,4,1.714,0.03,ok,y + y^4 + x^3*y^10,x*y + x*y^5 + x^4*y^7
Z6xZ14,168,12,4,1.143,0.03,ok,x*y^3 + x^2*y^11 + x^5*y^13,x*y^3 + x^2*y^13 + x^5*y^11
Z6xZ14,168,12,8,4.571,0.35,ok,x^2*y^9 + x^5*y + x^5*y^13,x^3*y^11 + x^5*y^5 + x^5*y^9
Z6xZ14,168,12,8,4.571,0.43,ok,x*y^6 + x*y^11 + x^3*y^7,x^3*y^4 + x^3*y^8 + x^5*y^10
Z6xZ14,168,12,8,4.571,0.43,ok,y^5 + x^2*y^9 + x^2*y^11,x^2*y^5 + x^4*y^13 + x^5*y^10
Z6xZ14,168,12,6,2.571,0.09,ok,y^6 + x*y^3 + x^4*y^5,x^2*y^11 + x^3*y^13 + x^5
Z6xZ14,168,12,4,1.143,0.03,ok,x*y + x^3*y^3 + x^3*y^11,1 + x^3*y + x^4*y^12
Z6xZ14,168,12,6,2.571,0.15,ok,x^2*y^9 + x^2*y^10 + x^4*y^5,y^6 + x^2*y^2 + x^2*y^7
Z6xZ14,168,12,4,1.143,0.04,ok,y^10 + x^4*y^7 + x^5*y^2,x^5*y + x^5*y^3 + x^5*y^11
Z6xZ14,168,12,4,1.143,0.03,ok,1 + x*y^13 + x^4*y^11,y^7 + x^2*y + x^2*y^5
Z6xZ14,168,20,6,4.286,0.1,ok,x*y + x^3*y^2 + x^5*y^13,x*y^7 + x^3*y^12 + x^5*y^8
Z6xZ14,168,12,8,4.571,0.31,ok,y^10 + y^12 + x*y^13,x*y^6 + x^2*y^11 + x^3
Z6xZ14,168,12,8,4.571,0.45,ok,y^8 + y^12 + x^4,x*y^4 + x*y^5 + x^2*y^2
Z6xZ14,168,12,4,1.143,0.03,ok,x*y + x^5*y^3 + x^5*y^7,x*y^5 + x^3*y^13 + x^4*y
Z6xZ14,168,12,6,2.571,0.13,ok,x*y^5 + x*y^7 + x^3*y^4,y^5 + y^7 + x^4*y^4
Z6xZ14,168,12,8,4.571,0.39,ok,x*y^13 + x^4*y^2 + x^5*y^7,x^2*y^11 + x^2*y^13 + x^5*y^10
Z6xZ14,168,12,6,2.571,0.07,ok,x*y + x^3*y^2 + x^3*y^13,y^3 + x^4*y^2 + x^4*y^7
Z6xZ14,168,20,4,1.905,0.03,ok,y^6 + x^2*y^2 + x^4*y^8,y^10 + x*y^9 + x^2
Z6xZ14,168,12,8,4.571,0.47,ok,x^3*y^5 + x^5*y^2 + x^5*y^4,x^2*y^3 + x^2*y^7 + x^4*y^2
Z6xZ14,168,16,6,3.429,0.1,ok,x*y^2 + x^3*y^4 + x^5*y^2,y^9 + x^2*y^13 + x^4*y^5
Z6xZ14,168,16,6,3.429,0.05,ok,x + x^3 + x^5*y^8,x*y^8 + x^3*y^4 + x^5*y^10
Z6xZ14,168,18,4,1.714,0.05,ok,y^10 + x^3*y + x^3*y^4,y^6 + y^9 + x^3*y^8
Z6xZ14,168,18,4,1.714,0.08,ok,x^2 + x^5*y^11 + x^5*y^12,x^2*y + x^2*y^2 + x^5*y^11
Z6xZ14,168,12,6,2.571,0.05,ok,x^3 + x^4*y^11 + x^5*y^5,y^10 + x^3*y^4 + x^3*y^13
Z6xZ14,168,12,8,4.571,0.44,ok,y^3 + y^11 + x^4*y^13,y^5 + x*y^2 + x^3*y^3
Z6xZ14,168,12,8,4.571,0.43,ok,y^11 + x^2*y + x^4*y^9,x^2 + x^3*y^3 + x^5*y^8
Z6xZ14,168,12,6,2.571,0.04,ok,x^2*y^9 + x^3*y^13 + x^4*y^7,x*y^8 + x*y^10 + x^3
Z6xZ14,168,12,6,2.571,0.14,ok,y^2 + y^4 + x^4*y^5,x^5*y^2 + x^5*y^4 + x^5*y^5
Z6xZ14,168,12,6,2.571,0.05,ok,x*y^7 + x^2 + x^3,y + x^3*y^5 + x^3*y^7
Z6xZ14,168,12,6,2.571,0.11,ok,x*y^9 + x^4*y^11 + x^5*y^12,y^8 + x*y^10 + x^4*y^11
Z6xZ14,168,12,4,1.143,0.05,ok,y^13 + x^2*y^12 + x^3*y,y^9 + x^2*y + x^2*y^11
Z6xZ14,168,12,8,4.571,0.49,ok,y^13 + x^2*y^5 + x^4*y^3,x^2*y^3 + x^2*y^9 + x^5
Z6xZ14,168,24,4,2.286,0.04,ok,x*y^2 + x^5*y^4 + x^5*y^8,x*y + x^3*y^5 + x^3*y^13
Z6xZ14,168,12,6,2.571,0.06,ok,x*y^11 + x^3*y^7 + x^5*y^13,x*y^11 + x*y^12 + x^5*y^2
Z6xZ14,168,12,8,4.571,0.52,ok,1 + x^4*y^2 + x^4*y^6,1 + x^3*y^3 + x^3*y^8
Z6xZ14,168,24,6,5.143,0.21,ok,1 + x^4*y^8 + x^4*y^10,x*y^2 + x^3*y^12 + x^5*y^10
Z6xZ14,168,12,8,4.571,0.43,ok,x*y^7 + x^3*y + x^5*y^3,y^10 + x^4*y^5 + x^4*y^9
Z6xZ14,168,12,8,4.571,0.36,ok,x^2*y^2 + x^4*y^7 + x^4*y^10,x*y^9 + x^5*y^8 + x^5*y^13
Z6xZ14,168,12,10,7.143,0.78,ok,1 + x*y^6 + x^4*y^9,y^8 + y^12 + x^4*y^6
Z6xZ14,168,12,6,2.571,0.04,ok,y^5 + x*y^12 + x^2*y^12,x^2*y^10 + x^2*y^12 + x^5*y^2
Z6xZ14,168,12,6,2.571,0.05,ok,y^6 + y^11 + x*y^7,y^3 + y^8 + x^5*y^4
Z6xZ14,168,12,6,2.571,0.07,ok,y^6 + x^4*y^12 + x^5*y,1 + y^10 + x^4*y^8
Z6xZ14,168,12,6,2.571,0.07,ok,x*y^12 + x^2*y^11 + x^4*y^7,x^3*y^8 + x^4*y^3 + x^4*y^7
Z6xZ14,168,12,8,4.571,0.37,ok,x*y^3 + x^2*y^4 + x^3*y^13,y^5 + x^2*y^13 + x^5*y^8
Z6xZ14,168,12,6,2.571,0.07,ok,x*y^13 + x^4*y^12 + x^5*y^3,y^9 + x + x^4*y^3
Z6xZ14,168,12,4,1.143,0.03,ok,x^3*y^3 + x^5*y^5 + x^5*y^9,x^2*y^5 + x^4*y^4 + x^4*y^7
Z6xZ14,168,12,8,4.571,0.28,ok,x*y^11 + x^3*y + x^5*y^2,x*y^8 + x^5*y^6 + x^5*y^12
Z6xZ14,168,12,10,7.143,1.02,ok,1 + x^2*y^10 + x^3*y^9,x^3*y^8 + x^5 + x^5*y^12
Z6xZ14,168,12,6,2.571,0.09,ok,x^4*y^2 + x^4*y^7 + x^5*y^10,x^2*y^4 + x^5*y + x^5*y^10
Z6xZ14,168,12,6,2.571,0.14,ok,x*y^10 + x^3*y^2 + x^5*y^5,x^3*y + x^3*y^2 + x^5*y^4
Z6xZ14,168,12,8,4.571,0.48,ok,y^10 + x^4*y^4 + x^4*y^6,x^2*y^2 + x^2*y^12 + x^5*y^10
Z6xZ14,168,12,6,2.571,0.05,ok,x*y^3 + x^2*y^4 + x^2*y^6,y^9 + x*y^6 + x^2*y^7
Z6xZ14,168,12,8,4.571,0.37,ok,y^13 + x^5*y^8 + x^5*y^12,x*y^10 + x^2*y^11 + x^2*y^13
Z6xZ14,168,12,6,2.571,0.06,ok,y^11 + x*y^10 + x^2*y^13,y^13 + x*y^2 + x^3
Z6xZ14,168,12,8,4.571,0.36,ok,x^2*y^13 + x^3*y^4 + x^3*y^7,x*y^12 + x^5*y^2 + x^5*y^4
Z6xZ14,168,24,4,2.286,0.03,ok,y^3 + x^3*y^4 + x^3*y^8,y^13 + x*y^6 + x^2*y^13
Z6xZ14,168,12,10,7.143,0.92,ok,y^7 + x^3*y^3 + x^4*y^8,y^5 + x^2*y^11 + x^4*y^7
Z6xZ14,168,12,6,2.571,0.14,ok,x^3*y^4 + x^5*y + x^5*y^3,y^8 + x^4*y^5 + x^4*y^7
Z6xZ14,168,18,6,3.857,0.08,ok,x*y + x^4*y^2 + x^4*y^4,x^2*y^9 + x^2*y^10 + x^5*y^5
Z6xZ14,168,12,6,2.571,0.06,ok,x*y^12 + x^3*y^11 + x^5*y^9,x^3*y^12 + x^5*y^9 + x^5*y^11
Z6xZ14,168,12,8,4.571,0.38,ok,y^4 + x^2*y^8 + x^4*y^10,x^4*y^7 + x^5*y + x^5*y^5
Z6xZ14,168,12,8,4.571,0.34,ok,x^5*y^4 + x^5*y^7 + x^5*y^12,x^3*y^2 + x^3*y^12 + x^5*y^3
Z6xZ14,168,12,8,4.571,0.48,ok,x^2 + x^2*y^8 + x^3*y^3,y^3 + x^2*y + x^3
Z6xZ14,168,12,4,1.143,0.04,ok,x^2*y^5 + x^2*y^11 + x^4*y^9,1 + x^2*y + x^2*y^5
Z6xZ14,168,12,10,7.143,0.9,ok,y^10 + x^2*y^6 + x^4*y^4,y^5 + x^3*y^10 + x^4*y^2
Z6xZ14,168,18,6,3.857,0.09,ok,x^4*y^6 + x^4*y^8 + x^4*y^9,x + x*y^6 + x^4*y^4
Z6xZ14,168,12,4,1.143,0.04,ok,x*y^13 + x^2*y^8 + x^3*y^5,y^5 + x + x^3*y^4
Z6xZ14,168,12,10,7.143,0.89,ok,x*y^12 + x^3 + x^5*y^8,y^2 + y^7 + x^3*y^3
Z6xZ14,168,12,8,4.571,0.4,ok,x^3*y^7 + x^3*y^9 + x^4*y^10,x*y^8 + x^3*y^6 + x^5*y^2
Z6xZ14,168,12,6,2.571,0.08,ok,y + x^3*y^13 + x^4*y^12,x*y + x*y^12 + x^2*y^13
Z6xZ14,168,12,6,2.571,0.04,ok,x*y^13 + x^4*y^5 + x^5*y^3,x*y^5 + x*y^9 + x^2*y^11
Z6xZ14,168,12,6,2.571,0.04,ok,y^3 + x^2*y^9 + x^4,x*y^8 + x*y^11 + x^3*y^3
Z6xZ14,168,12,4,1.143,0.06,ok,x*y^11 + x^2*y^8 + x^3*y^10,x*y^2 + x*y^6 + x*y^8
Z6xZ14,168,12,8,4.571,0.34,ok,x^2*y^2 + x^2*y^5 + x^2*y^10,y^13 + x^2*y^11 + x^4*y^10
Z6xZ14,168,18,6,3.857,0.15,ok,x*y^3 + x*y^7 + x^4*y^8,x*y^4 + x*y^7 + x*y^12
Z6xZ14,168,24,6,5.143,0.05,ok,y^13 + x^4*y + x^4*y^9,x*y^2 + x^3*y^10 + x^5
Z6xZ14,168,12,6,2.571,0.05,ok,x^4*y^2 + x^4*y^3 + x^5*y^5,x^3*y^13 + x^5*y^3 + x^5*y^11
Z6xZ14,168,12,8,4.571,0.38,ok,x^3*y + x^5*y^5 + x^5*y^7,x^2*y^6 + x^2*y^10 + x^3*y^5
Z6xZ14,168,12,8,4.571,0.39,ok,x*y^4 + x*y^6 + x^3,x^2*y^2 + x^4*y + x^5*y^13
Z6xZ14,168,12,4,1.143,0.03,ok,1 + x^4*y^6 + x^5*y^11,x^3*y^6 + x^3*y^10 + x^3*y^12
Z6xZ14,168,12,4,1.143,0.03,ok,y^2 + x*y^8 + x^3*y^11,x*y^6 + x*y^8 + x*y^12
Z6xZ14,168,12,8,4.571,0.47,ok,x*y^7 + x*y^12 + x^4*y^11,x*y^7 + x^3*y^5 + x^3*y^11
Z6xZ14,168,12,6,2.571,0.07,ok,x^2*y^5 + x^4*y^6 + x^5*y^10,x*y^10 + x^2*y + x^5*y^11
Z6xZ14,168,12,8,4.571,0.44,ok,x^2*y^10 + x^2*y^12 + x^4*y^2,x^2*y + x^4*y^10 + x^5
Z6xZ14,168,12,6,2.571,0.04,ok,y^5 + x*y^11 + x^4*y^9,y^13 + x*y^11 + x^5*y^7
Z6xZ14,168,12,6,2.571,0.06,ok,y^12 + x*y^9 + x^2*y^10,y^10 + x^5*y^11 + x^5*y^13
Z6xZ14,168,12,8,4.571,0.39,ok,x*y^4 + x^5*y^2 + x^5*y^8,y^7 + x^4*y^13 + x^5*y^2
Z6xZ14,168,36,4,3.429,0.11,ok,x^5*y^5 + x^5*y^7 + x^5*y^11,x^5 + x^5*y^9 + x^5*y^13
Z6xZ14,168,12,4,1.143,0.03,ok,x^3*y^10 + x^4*y + x^5,x^4*y^2 + x^4*y^10 + x^4*y^12
Z6xZ14,168,12,6,2.571,0.21,ok,y^11 + x^4*y^5 + x^5*y^7,y + y^9 + x*y^11
Z6xZ14,168,12,8,4.571,0.51,ok,x*y^8 + x^3*y^4 + x^5*y^10,x^2*y^10 + x^5*y^5 + x^5*y^13
Z6xZ14,168,12,8,4.571,0.37,ok,1 + x^2*y^13 + x^4*y^9,1 + y^11 + x^4*y^5
Z6xZ14,168,12,10,7.143,1.07,ok,x*y + x*y^3 + x^2,x*y^7 + x^3*y^11 + x^4*y^12
Z6xZ14,168,12,8,4.571,0.31,ok,x^2*y^7 + x^3*y^5 + x^5*y^4,x*y^11 + x^3*y + x^3*y^9
Z6xZ14,168,12,8,4.571,0.4,ok,x*y^4 + x*y^10 + x^5*y^6,x^3*y^10 + x^4*y^7 + x^5*y^8
Z6xZ14,168,12,8,4.571,0.4,ok,y^6 + x^2*y^2 + x^2*y^8,x^2*y^2 + x^2*y^13 + x^3*y
Z6xZ14,168,12,6,2.571,0.11,ok,y^6 + x^2*y^5 + x^4*y,x^2*y^4 + x^2*y^8 + x^2*y^9
Z6xZ14,168,36,4,3.429,0.04,ok,x^3*y^3 + x^3*y^9 + x^3*y^12,x + x*y^4 + x*y^12
Z6xZ14,168,12,6,2.571,0.08,ok,x^2*y^8 + x^3*y^5 + x^5,x^4*y^6 + x^5*y^3 + x^5*y^12
Z6xZ14,168,12,8,4.571,0.45,ok,x*y^6 + x^4*y + x^4*y^2,y^3 + y^5 + x^2*y^13
Z6xZ14,168,12,4,1.143,0.06,ok,y^8 + x^3 + x^3*y^12,y^7 + x^2 + x^4
Z6xZ14,168,12,6,2.571,0.06,ok,1 + x^3*y^4 + x^5*y^6,x*y^2 + x^2*y^12 + x^5*y^4
Z6xZ14,168,12,4,1.143,0.03,ok,x + x^2*y + x^3*y^10,y^8 + x*y^9 + x^3*y^11
Z6xZ14,168,12,8,4.571,0.39,ok,x^3*y^2 + x^3*y^8 + x^5*y^11,x^2*y + x^2*y^12 + x^2*y^13
Z6xZ14,168,12,6,2.571,0.07,ok,y^5 + x*y^4 + x^4,y^13 + x + x^5*y^9
Z6xZ14,168,12,6,2.571,0.07,ok,y^5 + y^8 + x^2*y^13,x*y + x^3*y^10 + x^5*y^7
Z6xZ14,168,12,8,4.571,0.42,ok,x*y + x*y^7 + x*y^12,y + y^10 + x^2*y^11
Z6xZ14,168,12,2,0.286,0.01,ok,y^8 + x*y^2 + x^3*y^13,y^13 + x*y^7 + x^3*y^4
Z6xZ14,168,12,6,2.571,0.05,ok,x*y + x^2*y^9 + x^3*y^11,y^5 + y^13 + x^2*y
Z6xZ14,168,12,8,4.571,0.38,ok,y^11 + x^5*y + x^5*y^9,y^2 + x^4 + x^4*y^6
Z6xZ14,168,24,6,5.143,0.16,ok,y^2 + x^2 + x^2*y^6,x*y^5 + x^3*y^7 + x^5*y^11
Z6xZ14,168,12,8,4.571,0.44,ok,x*y^5 + x^3*y^6 + x^4*y^3,x*y^12 + x^3 + x^5*y^8
Z6xZ14,168,12,8,4.571,0.39,ok,y^9 + x + x^2*y^10,x*y^13 + x^3*y^7 + x^3*y^11
Z6xZ14,168,12,10,7.143,1.44,ok,y^8 + x + x^2*y^12,x^2*y^5 + x^4*y^7 + x^5*y
Z6xZ14,168,16,6,3.429,0.17,ok,x*y^5 + x^3*y^11 + x^5*y^13,x + x^3*y^4 + x^5*y^6
Z6xZ14,168,12,8,4.571,0.34,ok,x^2*y^2 + x^2*y^10 + x^5*y^7,x*y^13 + x^3*y^7 + x^3*y^11
Z6xZ14,168,12,8,4.571,0.32,ok,y^13 + x^3 + x^3*y^4,y^9 + x^3*y^12 + x^5*y^4
Z6xZ14,168,16,4,1.524,0.04,ok,x + x^3*y^12 + x^5*y^10,y^2 + x^2 + x^4*y^8
Z6xZ14,168,12,8,4.571,0.43,ok,x*y^6 + x^3*y^10 + x^3*y^11,x*y^8 + x*y^12 + x^3*y^6
Z6xZ14,168,12,4,1.143,0.04,ok,x*y^10 + x^3*y^4 + x^3*y^6,x*y^2 + x*y^4 + x^2*y^8
Z6xZ14,168,12,8,4.571,0.38,ok,x*y^4 + x^2*y^3 + x^5*y^8,x*y^11 + x^2*y^8 + x^3*y^3
Z6xZ14,168,12,4,1.143,0.06,ok,x*y^10 + x^2*y^9 + x^2*y^12,x^4 + x^4*y^4 + x^4*y^12
Z6xZ14,168,12,10,7.143,0.84,ok,y^6 + x^2 + x^2*y^4,x*y^12 + x^3*y^7 + x^4*y
Z6xZ14,168,12,4,1.143,0.04,ok,x*y^9 + x^3*y^13 + x^4*y^7,x^3*y^3 + x^5*y^5 + x^5*y^9
Z6xZ14,168,12,8,4.571,0.38,ok,y^7 + x^3*y + x^3*y^5,x^2*y^5 + x^2*y^11 + x^3*y^9
Z6xZ14,168,12,4,1.143,0.05,ok,y^7 + x^2*y^7 + x^4,y^11 + x^3*y^3 + x^3*y^13
Z6xZ14,168,12,8,4.571,0.38,ok,x*y^6 + x*y^8 + x^5*y^12,y^8 + x^3*y^9 + x^4*y^11
Z6xZ14,168,12,6,2.571,0.05,ok,y^13 + x^2*y^7 + x^2*y^11,y + x*y^2 + x^5*y^13
Z6xZ14,168,12,6,2.571,0.05,ok,y^5 + x^3*y^13 + x^5*y^3,1 + x^3*y^2 + x^4*y^10
Z6xZ14,168,12,4,1.143,0.05,ok,x^2*y + x^2*y^7 + x^4*y^5,y^4 + x*y^13 + x^3
Z6xZ14,168,12,8,4.571,0.42,ok,x^3*y^3 + x^3*y^13 + x^5*y^4,y^3 + x^2*y^11 + x^4*y^13
Z6xZ14,168,12,8,4.571,0.39,ok,x^2*y^5 + x^2*y^13 + x^5*y^8,y^3 + x^4*y + x^4*y^7
Z6xZ14,168,12,10,7.143,0.74,ok,y^10 + x*y^13 + x^3*y^4,x^2 + x^2*y^4 + x^4*y^12
Z6xZ14,168,12,6,2.571,0.08,ok,y^2 + x^2*y^8 + x^5*y^4,x*y^7 + x^4*y^5 + x^4*y^11
Z6xZ14,168,24,4,2.286,0.03,ok,y^12 + x^2 + x^2*y^4,y^3 + y^9 + x^2*y^5
Z6xZ14,168,12,8,4.571,0.37,ok,x + x*y^2 + x^5*y^6,y^2 + x^2*y^5 + x^4*y^3
Z6xZ14,168,20,6,4.286,0.05,ok,y^2 + x^4*y^8 + x^5*y^13,y^6 + x*y^3 + x^2*y^12
Z6xZ14,168,12,6,2.571,0.1,ok,x^2*y^9 + x^2*y^10 + x^3*y^5,y^4 + x^3 + x^4*y^5
Z6xZ14,168,12,6,2.571,0.06,ok,1 + y^5 + x^5*y,y^5 + x^3*y^4 + x^5*y^9
Z6xZ14,168,12,8,4.571,0.36,ok,y^5 + x^4*y^9 + x^5*y^10,x*y + x*y^7 + x^2*y^10
Z6xZ14,168,12,4,1.143,0.04,ok,y^6 + x^2*y^8 + x^5*y^5,y^13 + x^3*y^2 + x^4*y^7
Z6xZ14,168,12,6,2.571,0.06,ok,y^6 + x^3*y^5 + x^5*y^3,x + x*y^12 + x^2*y
Z6xZ14,168,20,4,1.905,0.04,ok,x*y + x^2*y^2 + x^3*y^13,x*y^6 + x^3*y^12 + x^5*y^10
Z6xZ14,168,12,10,7.143,1.3,ok,x*y^11 + x^4 + x^4*y^13,x*y^9 + x^3*y^11 + x^5*y^5
Z6xZ14,168,16,6,3.429,0.08,ok,x^2*y^8 + x^3*y^7 + x^4*y^5,x^2*y^8 + x^3*y^10 + x^4*y^11
Z6xZ14,168,12,6,2.571,0.05,ok,x*y^8 + x^2*y^11 + x^5*y^3,1 + x^4*y^5 + x^5*y^8
Z6xZ14,168,12,6,2.571,0.08,ok,y + y^3 + x^3,x*y^12 + x^3*y^8 + x^4*y^13
Z6xZ14,168,12,8,4.571,0.4,ok,x*y^12 + x^3*y^6 + x^4*y^3,x*y^2 + x^2*y^11 + x^5*y^12
Z6xZ14,168,12,6,2.571,0.07,ok,y^10 + x^4*y^3 + x^5*y^3,y^9 + x^3 + x^3*y^13
Z6xZ14,168,12,6,2.571,0.05,ok,y^2 + x^2*y^10 + x^5,y^5 + x*y^13 + x^5*y^3
Z6xZ14,168,18,4,1.714,0.04,ok,x*y^8 + x*y^10 + x^4*y^7,y^2 + x^3*y^5 + x^3*y^10
Z6xZ14,168,12,4,1.143,0.05,ok,y^3 + x*y + x^5*y^11,x^5 + x^5*y^4 + x^5*y^6
Z6xZ14,168,12,8,4.571,0.34,ok,x*y^13 + x^3*y^9 + x^5*y,x*y^4 + x^5*y^3 + x^5*y^8
Z6xZ14,168,12,6,2.571,0.05,ok,y^10 + y^12 + x*y^13,x*y^3 + x*y^13 + x^2*y^12
Z6xZ14,168,24,4,2.286,0.03,ok,x^2*y^5 + x^3*y^5 + x^4*y^12,x*y + x*y^5 + x*y^7
Z6xZ14,168,18,4,1.714,0.07,ok,x^3*y^2 + x^3*y^5 + x^3*y^11,x + x*y^6 + x^4*y^4
Z6xZ14,168,12,6,2.571,0.05,ok,x^2 + x^3*y^6 + x^3*y^9,y^6 + x^3*y^12 + x^5*y
Z6xZ14,168,12,6,2.571,0.05,ok,1 + x^3*y^13 + x^5*y^9,y^9 + x^5*y^4 + x^5*y^8
Z6xZ14,168,12,8,4.571,0.37,ok,y^5 + x^2*y^3 + x^3*y^13,x^2*y^8 + x^2*y^10 + x^4*y^4
Z6xZ14,168,12,6,2.571,0.08,ok,x*y^4 + x^2*y^7 + x^3*y^12,x^2*y^9 + x^3 + x^5*y^6
Z6xZ14,168,12,8,4.571,0.36,ok,x*y^6 + x^2*y^4 + x^3*y^10,x^2*y^2 + x^3*y^12 + x^5*y^10
Z6xZ14,168,16,2,0.381,0.01,ok,y^4 + x^2 + x^4*y^2,y^7 + x^2*y^3 + x^4*y^5
Z6xZ14,168,12,6,2.571,0.07,ok,x*y^2 + x^2*y^13 + x^3*y,y^3 + x^2*y^2 + x^5
Z6xZ14,168,12,8,4.571,0.38,ok,x^2*y^4 + x^4*y^8 + x^4*y^10,x^2*y^6 + x^3*y^11 + x^5
Z6xZ14,168,12,6,2.571,0.07,ok,x^2*y^13 + x^5*y^4 + x^5*y^10,y^13 + x*y^2 + x^4*y^7
Z6xZ14,168,12,4,1.143,0.04,ok,y^7 + x^2*y^9 + x^2*y^13,y^4 + y^8 + x^4*y^9
Z6xZ14,168,12,6,2.571,0.06,ok,y^2 + x^3*y^4 + x^4*y^5,y^11 + x^3*y^9 + x^3*y^12
Z6xZ14,168,12,8,4.571,0.37,ok,y^8 + x*y^9 + x^2*y^4,y^8 + x^3*y^9 + x^3*y^11
Z6xZ14,168,12,8,4.571,0.32,ok,x*y^4 + x^5 + x^5*y^6,x^2*y^10 + x^4*y^4 + x^5*y^8
Z6xZ14,168,12,8,4.571,0.39,ok,y^7 + y^9 + x^2*y^13,y^6 + x^2*y^8 + x^5*y^12
Z6xZ14,168,12,6,2.571,0.06,ok,x^3*y^7 + x^3*y^13 + x^5*y^11,1 + x^4*y^3 + x^5*y^2
Z6xZ14,168,12,6,2.571,0.09,ok,x^2 + x^2*y^8 + x^4*y^5,y^2 + y^5 + x^2*y^11
Z6xZ14,168,12,8,4.571,0.3,ok,x + x*y^10 + x^5*y,x*y^2 + x^3*y^5 + x^3*y^10
Z6xZ14,168,12,2,0.286,0.01,ok,x^2*y^11 + x^3*y^3 + x^5*y^6,y^6 + x*y^12 + x^3*y
Z6xZ14,168,12,8,4.571,0.46,ok,x*y^10 + x^3*y^2 + x^5,1 + y^11 + x*y^6
Z6xZ14,168,12,6,2.571,0.05,ok,x^2*y^4 + x^3*y^8 + x^4*y^9,y + x*y^5 + x^4*y^6
Z6xZ14,168,12,4,1.143,0.03,ok,x*y^7 + x*y^9 + x^3*y^3,y^3 + x*y^9 + x^4*y^7
Z6xZ14,168,12,8,4.571,0.34,ok,y^10 + x^3*y^6 + x^5*y^12,x*y + x^3*y^11 + x^5*y^3
Z6xZ14,168,12,6,2.571,0.1,ok,y^9 + x*y^4 + x^4*y,x^2*y^2 + x^3*y^3 + x^4*y^12
Z6xZ14,168,12,8,4.571,0.34,ok,y^7 + x^2*y^2 + x^4*y^6,x*y^4 + x*y^10 + x^3*y^6
Z6xZ14,168,12,6,2.571,0.07,ok,x^4*y^3 + x^5*y^5 + x^5*y^6,x*y + x*y^2 + x^4*y^13
Z6xZ14,168,12,8,4.571,0.44,ok,x^2*y + x^2*y^5 + x^2*y^6,x^2 + x^4*y^4 + x^4*y^12
Z6xZ14,168,12,8,4.571,0.36,ok,x*y^5 + x^2*y^3 + x^4*y^9,x*y^12 + x^3*y^10 + x^5*y^2
Z6xZ14,168,12,6,2.571,0.08,ok,y^12 + x^5*y + x^5*y^13,x*y^13 + x^2 + x^2*y^2
Z6xZ14,168,12,4,1.143,0.02,ok,y + x^3*y^11 + x^5*y^9,x*y^5 + x^3*y^3 + x^3*y^9
Z6xZ14,168,12,6,2.571,0.06,ok,x*y^10 + x^4*y^5 + x^5*y^9,1 + x*y^10 + x^2*y
Z6xZ14,168,12,4,1.143,0.04,ok,y^10 + y^12 + x^2*y^2,x^2*y^5 + x^4*y^2 + x^4*y^3
Z6xZ14,168,12,10,7.143,1.06,ok,y + x^3*y^13 + x^4*y^5,x^3*y + x^4*y^9 + x^4*y^11
Z6xZ14,168,12,8,4.571,0.43,ok,x*y^11 + x^3*y^7 + x^4*y^6,x*y^4 + x^2*y^9 + x^3*y^12
Z6xZ14,168,12,8,4.571,0.33,ok,y^8 + y^10 + x*y^4,x*y^9 + x^3*y^11 + x^5*y^5
Z6xZ14,168,12,8,4.571,0.37,ok,y^10 + x^3*y^2 + x^5*y^12,x*y^2 + x^2*y^10 + x^2*y^12
Z6xZ14,168,12,4,1.143,0.07,ok,x*y^6 + x^3*y^6 + x^5*y^13,y^4 + x^3*y + x^3*y^3
Z6xZ14,168,12,6,2.571,0.06,ok,y^12 + x^2*y^3 + x^4*y^6,x*y^2 + x*y^7 + x^3*y^10
Z6xZ14,168,12,6,2.571,0.07,ok,x^2*y^6 + x^2*y^7 + x^5*y^2,y^4 + x*y^8 + x*y^9
Z6xZ14,168,12,10,7.143,0.93,ok,y^5 + x*y^9 + x^3*y^11,y^8 + x*y^2 + x^3*y^6
Z6xZ14,168,12,8,4.571,0.38,ok,x*y^12 + x^2*y^2 + x^4*y^4,x^2*y^5 + x^4*y^11 + x^5*y^9
Z6xZ14,168,18,6,3.857,0.08,ok,x^2*y^3 + x^5*y^4 + x^5*y^13,x*y^8 + x*y^9 + x*y^11
Z6xZ14,168,14,6,3.0,0.06,ok,y^9 + x*y^13 + x^2*y^8,y^7 + x*y^9 + x^2*y^10
Z6xZ14,168,12,10,7.143,0.86,ok,y^8 + x^2*y^11 + x^3*y^3,x*y + x^3*y^11 + x^5*y^3
Z6xZ14,168,12,8,4.571,0.29,ok,x*y^12 + x^4*y^7 + x^5*y^8,x*y + x*y^7 + x^5*y^5
Z6xZ14,168,12,8,4.571,0.4,ok,x*y^6 + x*y^10 + x^5*y^4,x^2*y^3 + x^4*y + x^5*y^7
Z6xZ14,168,12,8,4.571,0.42,ok,x*y^6 + x^5*y^2 + x^5*y^8,y^9 + x^4*y^11 + x^5*y^5
Z6xZ14,168,12,2,0.286,0.01,ok,y^4 + x^2*y + x^5*y^10,y^6 + x + x^3*y^11
Z6xZ14,168,12,8,4.571,0.52,ok,x*y^4 + x*y^5 + x^4*y^2,x*y + x^5*y^5 + x^5*y^7
Z6xZ14,168,12,6,2.571,0.09,ok,y^8 + x^2*y^2 + x^5*y^13,y^8 + x^2 + x^3*y^5
Z6xZ14,168,12,8,4.571,0.33,ok,x*y^2 + x^4*y + x^5*y^11,x^2*y^4 + x^4*y^6 + x^4*y^10
Z6xZ14,168,12,8,4.571,0.31,ok,x^2*y^2 + x^4 + x^4*y^10,y^2 + x^2*y^8 + x^5*y^13
Z6xZ14,168,12,6,2.571,0.11,ok,x^2*y^8 + x^2*y^11 + x^4*y^9,y^13 + x^2 + x^4*y^2
Z6xZ14,168,12,6,2.571,0.12,ok,x^2*y + x^4*y^3 + x^5,x*y^12 + x^4*y + x^4*y^13
Z6xZ14,168,12,6,2.571,0.05,ok,y^4 + x^2*y + x^4*y^2,y^2 + y^6 + x^4
Z6xZ14,168,12,6,2.571,0.05,ok,y^5 + x^2*y^7 + x^3*y^11,y^3 + x*y^13 + x^5*y^11
Z6xZ14,168,12,6,2.571,0.13,ok,x^3*y^6 + x^4*y^3 + x^5*y^12,x*y^3 + x^4*y^8 + x^5*y^11
Z6xZ14,168,16,6,3.429,0.09,ok,y + x^2*y^11 + x^4*y^9,y^7 + x^2*y^9 + x^4*y^7
Z6xZ14,168,12,8,4.571,0.4,ok,y^10 + x^2*y^11 + x^2*y^13,x^2 + x^4*y^2 + x^4*y^6
Z6xZ14,168,12,10,7.143,1.16,ok,x^3*y^2 + x^4*y^7 + x^5*y^6,x*y^6 + x*y^12 + x^2*y
Z6xZ14,168,12,8,4.571,0.4,ok,y^7 + x*y^9 + x^3*y^10,y^7 + y^9 + x^4*y^3
Z6xZ14,168,16,6,3.429,0.07,ok,x*y^6 + x^3*y^2 + x^5,y^7 + x^2*y^3 + x^4*y^9
Z6xZ14,168,12,8,4.571,0.38,ok,y^7 + x^2*y^2 + x^4*y^6,y^5 + x^4*y^7 + x^4*y^11
Z6xZ14,168,12,2,0.286,0.01,ok,y^10 + x^4*y^9 + x^4*y^12,y^5 + y^8 + x^2*y^6
Z6xZ14,168,12,4,1.143,0.03,ok,x + x*y^2 + x*y^10,y^5 + x*y^11 + x^5*y^2
Z6xZ14,168,12,8,4.571,0.31,ok,x^2*y^6 + x^3*y^2 + x^5*y^8,y^12 + x*y^2 + x*y^4
Z6xZ14,168,12,8,4.571,0.41,ok,x*y^9 + x^2*y^12 + x^3*y^3,x^3*y^12 + x^4*y + x^4*y^13
Z6xZ14,168,16,4,1.524,0.03,ok,y^8 + x^2*y^6 + x^4,x*y^13 + x^3*y^7 + x^5*y^9
Z6xZ14,168,12,4,1.143,0.07,ok,x^2*y + x^2*y^5 + x^2*y^7,y + x*y^2 + x^3*y^13
Z6xZ14,168,12,8,4.571,0.49,ok,x*y^11 + x^3*y^5 + x^3*y^7,x^4*y^7 + x^4*y^8 + x^5*y^10
Z6xZ14,168,12,6,2.571,0.06,ok,y^4 + x^2*y^10 + x^4*y,x*y^7 + x*y^13 + x^5*y^4
Z6xZ14,168,12,4,1.143,0.03,ok,x^2*y^5 + x^2*y^8 + x^5,y^4 + x^2*y^11 + x^4*y^11
Z6xZ14,168,12,6,2.571,0.14,ok,y^7 + x*y^11 + x^2*y^13,y^9 + x*y^13 + x^3*y
Z6xZ14,168,12,8,4.571,0.31,ok,x^2*y^2 + x^3 + x^4*y^6,y^7 + y^11 + x^2*y^5
Z6xZ14,168,12,6,2.571,0.04,ok,y^8 + y^10 + x,x^2*y^13 + x^4*y + x^5*y^5
Z6xZ14,168,12,6,2.571,0.04,ok,x*y^4 + x*y^10 + x^2*y^13,x*y^9 + x^4*y^12 + x^5*y^3
Z6xZ14,168,12,8,4.571,0.33,ok,x*y^10 + x^3*y^8 + x^4,y^13 + x^2*y^3 + x^3*y^11
Z6xZ14,168,12,4,1.143,0.04,ok,y^7 + x^2*y^11 + x^2*y^13,x^3*y^5 + x^3*y^13 + x^5*y^10
Z6xZ14,168,12,8,4.571,0.34,ok,x^3*y^6 + x^3*y^7 + x^5*y^4,x*y^2 + x*y^12 + x^5*y^11
Z6xZ14,168,12,6,2.571,0.16,ok,y^13 + x^4*y^7 + x^5*y^4,y^4 + x^3*y^7 + x^3*y^13
Z6xZ14,168,16,6,3.429,0.12,ok,x*y^3 + x^3*y + x^5*y,y^13 + x^2*y^9 + x^4*y^13
Z6xZ14,168,12,8,4.571,0.32,ok,y^6 + x^3*y^3 + x^3*y^11,x*y^3 + x^5*y^11 + x^5*y^13
Z6xZ14,168,12,8,4.571,0.35,ok,1 + y^8 + x^3*y^5,x*y^4 + x^2*y + x^4*y^3
Z6xZ14,168,12,8,4.571,0.39,ok,x*y^3 + x*y^9 + x^2*y^7,x^2 + x^4*y^10 + x^5*y^2
Z6xZ14,168,12,4,1.143,0.06,ok,1 + y^6 + x^2*y^11,x^3*y^2 + x^3*y^3 + x^5*y^7
Z6xZ14,168,20,4,1.905,0.02,ok,y^11 + x^2*y^9 + x^4*y^5,x^3*y^2 + x^4*y^10 + x^5
Z6xZ14,168,12,8,4.571,0.48,ok,y^9 + y^13 + x^4*y^7,x^3*y^5 + x^4*y^9 + x^5*y^3
Z6xZ14,168,24,4,2.286,0.03,ok,y^3 + x^2*y^5 + x^4*y^13,x*y^7 + x*y^11 + x^5*y^13
Z6xZ14,168,12,8,4.571,0.3,ok,y^2 + y^4 + x^2*y^8,x*y^7 + x*y^11 + x^3*y^12
Z6xZ14,168,12,8,4.571,0.32,ok,x*y^13 + x^2*y^11 + x^3*y^7,y^3 + y^9 + x^4*y^7
Z6xZ14,168,12,6,2.571,0.06,ok,y^12 + x*y^9 + x^3*y^3,y^7 + x^3*y^2 + x^3*y^6
Z6xZ14,168,12,8,4.571,0.31,ok,x^3*y^2 + x^3*y^11 + x^5*y^8,1 + x^2*y^4 + x^4*y^5
Z6xZ14,168,12,6,2.571,0.09,ok,y^11 + x^3*y^8 + x^5*y^10,y^13 + x^3*y^12 + x^5*y^10
Z6xZ14,168,12,8,4.571,0.27,ok,x*y^12 + x^2*y^8 + x^3,x*y^9 + x^2*y^7 + x^4*y^3
Z6xZ14,168,12,8,4.571,0.22,ok,x*y^3 + x^3*y^5 + x^3*y^13,y^5 + x*y^10 + x^5*y^13
Z6xZ14,168,12,8,4.571,0.32,ok,y^9 + x^2*y^13 + x^4*y^7,y^7 + x^2*y^4 + x^2*y^5
Z6xZ14,168,12,4,1.143,0.02,ok,x*y^3 + x^2*y^2 + x^3*y^7,y^3 + x^3*y^6 + x^4*y^5
Z6xZ14,168,12,8,4.571,0.22,ok,y + x^2*y^7 + x^3*y^10,x^3*y^3 + x^3*y^5 + x^4*y^2
Z6xZ14,168,12,8,4.571,0.29,ok,y^6 + x^2*y^10 + x^2*y^12,y^7 + x^3*y^3 + x^3*y^9
Z6xZ14,168,12,8,4.571,0.22,ok,x*y^11 + x*y^13 + x^4*y^7,y^5 + y^7 + x^2*y
Z6xZ14,168,12,8,4.571,0.36,ok,x^2 + x^2*y^13 + x^3*y^11,x^2*y^10 + x^4 + x^4*y^2
Z6xZ14,168,12,6,2.571,0.03,ok,y^4 + x^4*y^6 + x^4*y^10,x^2*y^6 + x^3*y^7 + x^4*y^2
Z6xZ14,168,12,4,1.143,0.03,ok,y^13 + x^5*y^2 + x^5*y^8,x*y^2 + x^2*y^13 + x^4*y
Z6xZ14,168,12,8,4.571,0.34,ok,x^3*y^9 + x^5*y^3 + x^5*y^7,x^4*y^2 + x^4*y^4 + x^4*y^5
Z6xZ14,168,12,4,1.143,0.03,ok,x*y^5 + x^3*y^12 + x^5*y^5,x^2*y + x^5*y^12 + x^5*y^13
Z6xZ14,168,12,8,4.571,0.31,ok,y^7 + y^13 + x^5*y^11,x*y^7 + x^2*y^3 + x^3*y^9
Z6xZ14,168,12,6,2.571,0.18,ok,x^2*y^11 + x^3 + x^4*y^13,x^2*y^10 + x^3*y^9 + x^5*y^7
Z6xZ14,168,16,6,3.429,0.06,ok,x*y^9 + x^3*y^3 + x^5*y^11,y^2 + x^2*y^6 + x^4*y^10
Z6xZ14,168,12,4,1.143,0.02,ok,x^2*y^4 + x^4*y^8 + x^4*y^10,y^2 + x^2*y + x^2*y^6
Z6xZ14,168,12,8,4.571,0.24,ok,x^2 + x^2*y^2 + x^2*y^13,x^3 + x^3*y^12 + x^5*y^4
Z6xZ14,168,20,4,1.905,0.03,ok,x*y^2 + x^3*y^4 + x^5*y^12,x + x^3*y^2 + x^5*y^3
Z6xZ14,168,12,6,2.571,0.04,ok,x^3*y^4 + x^3*y^6 + x^4*y^7,x*y^4 + x^2*y + x^4*y^3
Z6xZ14,168,12,6,2.571,0.04,ok,1 + x^3*y^9 + x^4*y^6,y^11 + x*y^2 + x^3*y^8
Z6xZ14,168,12,6,2.571,0.05,ok,y + x*y^12 + x^3*y^7,x*y^9 + x^3 + x^4*y^3
Z6xZ14,168,12,6,2.571,0.06,ok,x*y^3 + x^2*y^7 + x^4*y^9,x^3*y^12 + x^4*y^2 + x^5*y^4
Z6xZ14,168,12,8,4.571,0.48,ok,x^2*y^8 + x^2*y^12 + x^4*y^6,1 + y^3 + x^3*y^8
Z6xZ14,168,14,10,8.333,0.6,ok,y^11 + x^4*y^6 + x^5*y^3,x^2*y^12 + x^3*y + x^4*y^13
Z6xZ14,168,12,8,4.571,0.31,ok,y^12 + x^2*y^4 + x^4*y^2,x^2*y^3 + x^2*y^5 + x^3*y^6
Z6xZ14,168,12,8,4.571,0.35,ok,y^6 + x^2 + x^2*y^4,y^9 + x*y^12 + x^4*y^11
Z6xZ14,168,12,8,4.571,0.27,ok,y + y^11 + x^4*y^3,x*y^9 + x^3*y^4 + x^5*y^12
Z6xZ14,168,12,8,4.571,0.24,ok,y^3 + x^4*y^12 + x^4*y^13,y^7 + y^11 + x^2*y^13
Z6xZ14,168,12,6,2.571,0.04,ok,x*y^11 + x^3*y + x^4*y^3,x*y^3 + x^4*y^11 + x^5*y
Z6xZ14,168,12,10,7.143,0.66,ok,y^4 + x^2*y^6 + x^3*y^10,x^3 + x^5*y^4 + x^5*y^12
Z6xZ14,168,24,4,2.286,0.02,ok,y^3 + x*y^10 + x^2*y^3,y^12 + x^3*y + x^3*y^7
Z6xZ14,168,12,4,1.143,0.03,ok,x^4*y^5 + x^4*y^9 + x^4*y^11,y^4 + y^13 + x^2*y^7
Z6xZ14,168,12,10,7.143,0.92,ok,x*y + x^3*y^7 + x^5*y^3,y^2 + x^2*y^7 + x^5*y^6
Z6xZ14,168,12,4,1.143,0.02,ok,y + x^3*y^13 + x^5*y^9,x*y^13 + x^3*y^7 + x^3*y^11
Z6xZ14,168,12,4,1.143,0.03,ok,x*y^13 + x^5*y^2 + x^5*y^8,x*y^3 + x*y^5 + x^5*y^13
Z6xZ14,168,12,4,1.143,0.03,ok,y^12 + y^13 + x^3*y^10,x^3*y^3 + x^4*y^10 + x^5*y^3
Z6xZ14,168,12,8,4.571,0.25,ok,x*y^11 + x^3*y + x^5*y^3,x^5*y^6 + x^5*y^7 + x^5*y^11
Z6xZ14,168,12,4,1.143,0.02,ok,x*y^10 + x^3*y^7 + x^3*y^9,x*y^8 + x^3*y^7 + x^3*y^12
Z6xZ14,168,36,4,3.429,0.03,ok,x^2*y^6 + x^2*y^11 + x^5*y^10,x^4*y + x^4*y^5 + x^4*y^13
Z6xZ14,168,12,6,2.571,0.04,ok,1 + x*y^13 + x^4*y^2,x*y^5 + x^3*y + x^5*y^13
Z6xZ14,168,12,4,1.143,0.02,ok,x^4*y^3 + x^4*y^5 + x^4*y^13,x^3*y^13 + x^4 + x^4*y^11
Z6xZ14,168,20,6,4.286,0.06,ok,1 + x^4*y^4 + x^5*y^5,y^2 + x^4 + x^5*y^13
Z6xZ14,168,12,6,2.571,0.05,ok,x*y^5 + x^3*y^9 + x^5*y^3,x*y^3 + x^2*y^7 + x^4*y
Z6xZ14,168,12,6,2.571,0.03,ok,y^9 + x*y^3 + x^5,x*y^3 + x^2*y^8 + x^2*y^11
Z6xZ14,168,12,8,4.571,0.31,ok,y^13 + x^3*y^10 + x^5*y^4,y^5 + y^13 + x^2*y
Z6xZ14,168,12,4,1.143,0.02,ok,x^4*y + x^4*y^9 + x^4*y^11,y^7 + x^2*y^4 + x^5*y^12
Z6xZ14,168,12,6,2.571,0.08,ok,x^3*y^4 + x^4*y^2 + x^4*y^12,x*y^8 + x^2 + x^2*y^12
Z6xZ14,168,16,6,3.429,0.07,ok,1 + x^2*y^10 + x^4*y^12,y^7 + x^2*y^7 + x^4*y^13
Z6xZ14,168,12,6,2.571,0.04,ok,y^11 + x^4*y^5 + x^4*y^9,y^10 + x*y^13 + x^2*y^12
Z6xZ14,168,12,6,2.571,0.05,ok,x*y^7 + x^2*y^11 + x^5*y^12,y^8 + x^3*y^4 + x^3*y^9
Z6xZ14,168,12,8,4.571,0.28,ok,y^10 + x^2*y^12 + x^4*y^6,x*y^4 + x^2*y^2 + x^5*y^5
Z6xZ14,168,12,6,2.571,0.05,ok,x*y^2 + x^2*y^3 + x^4,y^10 + y^13 + x^3*y^12
Z6xZ14,168,12,6,2.571,0.05,ok,y + x^3*y^2 + x^4*y^6,x^2*y^3 + x^3*y^13 + x^4*y^12
Z6xZ14,168,12,10,7.143,0.48,ok,x*y^5 + x*y^6 + x^4*y^10,x*y^12 + x^3*y^8 + x^5
Z6xZ14,168,12,6,2.571,0.04,ok,x^2*y^2 + x^4 + x^4*y^6,x^2*y^8 + x^3*y^4 + x^4*y^2
Z6xZ14,168,12,6,2.571,0.03,ok,1 + x^3*y^2 + x^3*y^10,y^5 + x^2*y^13 + x^3*y^3
Z6xZ14,168,16,2,0.381,0.01,ok,x*y^8 + x^3*y^4 + x^5*y^10,x*y^11 + x^3*y^11 + x^5*y^11
Z6xZ14,168,12,10,7.143,0.64,ok,x*y^11 + x*y^12 + x^5*y^9,x^3*y^2 + x^5*y^7 + x^5*y^10
Z6xZ14,168,20,4,1.905,0.03,ok,x*y^5 + x^3*y + x^5*y^7,y^10 + x^2 + x^4*y^9
Z6xZ14,168,12,4,1.143,0.04,ok,y^3 + y^13 + x*y^4,x^3 + x^5*y^2 + x^5*y^6
Z6xZ14,168,12,8,4.571,0.31,ok,x^2*y + x^4*y^13 + x^5*y^12,y^6 + y^8 + x^4*y^12
Z6xZ14,168,12,4,1.143,0.02,ok,x^4*y + x^5*y^2 + x^5*y^4,x^2*y^9 + x^2*y^11 + x^4*y
Z6xZ14,168,12,8,4.571,0.26,ok,x*y + x*y^11 + x^5*y^9,x*y^3 + x^4*y^4 + x^4*y^6
Z6xZ14,168,12,6,2.571,0.04,ok,y^9 + x*y^4 + x^2*y^12,x^2*y + x^3*y^9 + x^5*y^6
Z6xZ14,168,18,4,1.714,0.03,ok,1 + y^2 + x^3*y^3,y^4 + y^5 + x^3*y^2
Z6xZ14,168,12,6,2.571,0.03,ok,x^3*y^11 + x^4*y^5 + x^4*y^7,x^3*y^7 + x^4*y^11 + x^5*y^5
Z6xZ14,168,20,4,1.905,0.03,ok,y + x^2*y^2 + x^4*y^11,y^4 + x^2 + x^4*y^12
Z6xZ14,168,12,8,4.571,0.25,ok,y^2 + x^2*y^10 + x^3,x^2*y + x^2*y^7 + x^4*y^5
Z6xZ14,168,12,4,1.143,0.03,ok,y^4 + x^2*y^8 + x^3*y^3,x^3*y^10 + x^5 + x^5*y^2
Z6xZ14,168,12,8,4.571,0.26,ok,x*y^9 + x*y^13 + x^4,x^3*y^13 + x^4*y^8 + x^5*y^5
Z6xZ14,168,12,10,7.143,0.55,ok,x^3*y + x^5*y^3 + x^5*y^7,y^10 + x^3 + x^5*y
Z6xZ14,168,12,8,4.571,0.2,ok,x^2*y^8 + x^2*y^9 + x^2*y^13,x*y^12 + x^3*y^6 + x^5*y^10
Z6xZ14,168,12,8,4.571,0.29,ok,y^4 + y^8 + x^4*y^9,y^2 + y^8 + x^2*y^11
Z6xZ14,168,12,4,1.143,0.02,ok,x*y^6 + x^2*y^11 + x^5*y^10,y^9 + x^3*y^10 + x^5*y^12
Z6xZ14,168,12,4,1.143,0.02,ok,y^13 + x^4*y^3 + x^4*y^4,x^2 + x^2*y^8 + x^4*y^3
Z6xZ14,168,12,10,7.143,0.62,ok,y^12 + x*y^8 + x^3*y^7,y^8 + x^4 + x^4*y^12
Z6xZ14,168,16,4,1.524,0.02,ok,y^9 + x^2*y^3 + x^4*y^13,y^2 + x^2*y^4 + x^4
Z6xZ14,168,12,6,2.571,0.04,ok,x^2 + x^3*y^6 + x^4*y^11,x^2*y^6 + x^5 + x^5*y^11
Z6xZ14,168,12,4,1.143,0.02,ok,x*y^9 + x^2*y^3 + x^5*y^5,x^4 + x^4*y^8 + x^4*y^10
Z6xZ14,168,12,4,1.143,0.03,ok,y^9 + y^10 + x^2,x^4*y + x^4*y^3 + x^4*y^11
Z6xZ14,168,12,6,2.571,0.03,ok,y^5 + y^13 + x^2*y,y^4 + x*y^5 + x^2*y^7
Z6xZ14,168,12,4,1.143,0.03,ok,x^2*y^12 + x^4*y^10 + x^5*y^9,x^4*y + x^4*y^9 + x^4*y^11
Z6xZ14,168,12,8,4.571,0.23,ok,x*y^6 + x^3*y^10 + x^4*y^12,y^11 + x^3*y^9 + x^4*y^5
Z6xZ14,168,12,4,1.143,0.02,ok,y^12 + x^3*y^4 + x^4*y^9,y^6 + y^10 + y^12
Z6xZ14,168,12,8,4.571,0.23,ok,x*y + x^3*y^7 + x^3*y^10,x^2*y^4 + x^4 + x^4*y^12
Z6xZ14,168,12,10,7.143,0.74,ok,y^10 + y^11 + x^2*y^8,y^5 + y^10 + x^2*y^6
Z6xZ14,168,12,8,4.571,0.25,ok,y^10 + x^5 + x^5*y^8,x*y^8 + x^5*y^6 + x^5*y^12
Z6xZ14,168,12,8,4.571,0.23,ok,1 + x^3*y^4 + x^3*y^12,x^2*y^2 + x^2*y^6 + x^3
Z6xZ14,168,12,6,2.571,0.08,ok,x*y^4 + x^4*y^7 + x^5*y^5,x*y + x^2*y^3 + x^3
Z6xZ14,168,12,2,0.286,0.01,ok,y^2 + x^3*y^13 + x^5*y^8,y^8 + x*y^2 + x^4*y^13
Z6xZ14,168,12,4,1.143,0.02,ok,y^2 + x^4*y^10 + x^4*y^12,x^3*y^10 + x^5*y + x^5*y^7
Z6xZ14,168,12,6,2.571,0.05,ok,y^7 + x^2*y^5 + x^4*y^11,y^6 + x^2*y^12 + x^3*y
Z6xZ14,168,12,8,4.571,0.22,ok,x^2*y + x^2*y^11 + x^4*y^3,y^8 + x*y^3 + x^2*y^11
Z6xZ14,168,12,8,4.571,0.26,ok,y + x*y^7 + x^5*y^10,x^2*y^10 + x^2*y^12 + x^4*y^2
Z6xZ14,168,12,8,4.571,0.27,ok,y^4 + y^8 + x*y^3,x^4*y^12 + x^5*y + x^5*y^7
Z6xZ14,168,12,4,1.143,0.02,ok,x^3*y + x^5*y^3 + x^5*y^7,x^4*y^6 + x^5 + x^5*y^2
Z6xZ14,168,12,6,2.571,0.16,ok,x^2*y^7 + x^2*y^9 + x^3*y^10,x*y^4 + x^2*y^7 + x^3*y^6
Z6xZ14,168,12,8,4.571,0.19,ok,x*y^9 + x^4*y + x^4*y^11,x^3*y^7 + x^3*y^9 + x^4*y^13
Z6xZ14,168,12,8,4.571,0.23,ok,x*y^10 + x^3*y^4 + x^3*y^6,x^2*y^4 + x^2*y^8 + x^2*y^9
Z6xZ14,168,12,10,7.143,0.72,ok,x*y + x^2*y^3 + x^3*y^11,x*y^3 + x*y^9 + x^2*y^7
Z7xZ12,168,12,8,4.571,0.39,ok,y^6 + x^2*y^8 + x^3*y^8,x^2*y^8 + x^4*y^2 + x^5*y^4
Z7xZ12,168,12,4,1.143,0.03,ok,y + x^2*y + x^3*y^3,y^8 + x^2*y^2 + x^3*y^10
Z7xZ12,168,12,10,7.143,1.03,ok,x*y + x^5*y^9 + x^6*y^3,x + x^2*y^2 + x^4*y^10
Z7xZ12,168,12,8,4.571,0.38,ok,x^2*y^2 + x^3*y^6 + x^5*y^2,x*y^5 + x^5*y^11 + x^6*y^11
Z7xZ12,168,12,8,4.571,0.39,ok,x + x^5*y^4 + x^6,x^3*y^2 + x^4*y^2 + x^6*y^8
Z7xZ12,168,12,6,2.571,0.05,ok,x^2*y^7 + x^4*y^5 + x^5*y^3,x^3*y^10 + x^5*y^2 + x^6*y^10
Z7xZ12,168,12,6,2.571,0.05,ok,y^7 + x^4*y^9 + x^5*y^3,y^3 + x^4*y^9 + x^5*y^3
Z7xZ12,168,12,8,4.571,0.29,ok,1 + x*y^2 + x^5*y^4,y^2 + x^4*y^8 + x^6*y^2
Z7xZ12,168,12,4,1.143,0.04,ok,y^10 + x^4*y^10 + x^5*y^10,x*y^11 + x^5*y^3 + x^6*y
Z7xZ12,168,24,4,2.286,0.02,ok,x*y^3 + x^2*y^11 + x^4*y^3,y^8 + x^2*y^8 + x^6*y^8
Z7xZ12,168,16,6,3.429,0.11,ok,x^2 + x^5*y^4 + x^6*y^8,x*y^2 + x*y^10 + x^6*y^6
Z7xZ12,168,12,8,4.571,0.36,ok,1 + x^4*y^4 + x^5*y^4,x*y^9 + x^5*y^5 + x^6*y^11
Z7xZ12,168,20,6,4.286,0.04,ok,y^5 + x*y + x^3*y^3,x*y^9 + x^5*y + x^6*y^11
Z7xZ12,168,12,4,1.143,0.03,ok,x*y^11 + x^2*y^11 + x^6*y^7,1 + x^4*y^2 + x^6
Z7xZ12,168,12,8,4.571,0.38,ok,y^7 + x*y + x^3*y^5,x + x^2*y^4 + x^4*y^2
Z7xZ12,168,12,6,2.571,0.1,ok,1 + x^2*y^10 + x^3,y^11 + x^4*y^7 + x^6*y
Z7xZ12,168,12,8,4.571,0.27,ok,x*y^3 + x^2*y^9 + x^6*y^9,y^2 + y^4 + y^9
Z7xZ12,168,12,8,4.571,0.31,ok,x^2*y^3 + x^3*y^7 + x^5*y^11,y^6 + x^4 + x^5*y^4
Z7xZ12,168,12,8,4.571,0.35,ok,x*y^6 + x^2*y^4 + x^6*y^2,x^3*y + x^5*y^11 + x^6*y^7
Z7xZ12,168,16,6,3.429,0.15,ok,x^3*y^2 + x^5*y^10 + x^6*y^6,y^8 + x^5 + x^6*y^4
Z7xZ12,168,20,4,1.905,0.03,ok,x*y^7 + x^2*y^5 + x^4*y^3,x^2*y + x^3*y^5 + x^5*y^9
Z7xZ12,168,12,8,4.571,0.44,ok,y^11 + x^2*y^5 + x^3*y,y^8 + x + x^5*y^4
Z7xZ12,168,12,8,4.571,0.38,ok,x*y^8 + x^3 + x^4,x^2*y^4 + x^4*y^4 + x^5*y^2
Z7xZ12,168,12,6,2.571,0.05,ok,x^2*y^5 + x^4*y^7 + x^5*y^9,x*y^9 + x^2*y + x^6*y
Z7xZ12,168,20,4,1.905,0.05,ok,y^11 + x^2*y^3 + x^3*y,y^9 + x^4*y + x^6*y^5
Z7xZ12,168,36,4,3.429,0.03,ok,x*y^10 + x^5*y^4 + x^6*y^4,y^4 + x^2*y^4 + x^6*y^10
Z7xZ12,168,24,6,5.143,0.05,ok,y^5 + x*y^5 + x^5*y,x*y^9 + x^3*y^5 + x^4*y
Z7xZ12,168,16,6,3.429,0.1,ok,x^3*y^10 + x^5*y^6 + x^6*y^2,y^9 + x^5*y + x^5*y^5
Z7xZ12,168,18,4,1.714,0.04,ok,x*y^8 + x^5*y^8 + x^6*y^8,x^3*y^4 + x^4*y + x^6*y^4
Z7xZ12,168,12,8,4.571,0.35,ok,x^2*y + x^3*y^3 + x^5*y^5,x*y^8 + x^2*y^10 + x^4*y^10
Z7xZ12,168,18,6,3.857,0.19,ok,x^2*y^3 + x^3 + x^5*y^3,y^11 + x^2*y^8 + x^6*y^11
Z7xZ12,168,12,4,1.143,0.04,ok,y^4 + x^4 + x^6*y^10,y + x^2*y + x^3*y
Z7xZ12,168,12,6,2.571,0.07,ok,y^7 + x*y^7 + x^3*y^9,y^8 + x*y^10 + x^3*y^8
Z7xZ12,168,12,8,4.571,0.38,ok,1 + x^2*y^10 + x^3*y^4,y^9 + x^2*y^3 + x^3*y^7
Z7xZ12,168,12,4,1.143,0.04,ok,x^2*y^9 + x^3*y^5 + x^5*y^5,y^2 + x^2*y^2 + x^6
Z7xZ12,168,12,8,4.571,0.38,ok,x*y^6 + x^3*y^9 + x^4,x + x*y^7 + x*y^11
Z7xZ12,168,16,6,3.429,0.12,ok,y^7 + x*y^3 + x^5*y^11,x^4*y^2 + x^5*y^6 + x^6*y^10
Z7xZ12,168,12,6,2.571,0.07,ok,x^3*y^2 + x^5*y^6 + x^6,x^3*y^2 + x^5*y^2 + x^6*y^8
Z7xZ12,168,12,8,4.571,0.36,ok,x + x^2*y^8 + x^6*y^8,y^11 + x*y + x^5*y^9
Z7xZ12,168,12,8,4.571,0.45,ok,y^3 + x^2*y^3 + x^6*y^5,y^4 + x + x^3*y^2
Z7xZ12,168,12,8,4.571,0.42,ok,y^2 + x^4*y^10 + x^6*y^10,x*y^10 + x^3*y^6 + x^4*y^4
Z7xZ12,168,12,6,2.571,0.05,ok,y^5 + x*y^3 + x^3*y,y + x^2*y^5 + x^6*y^5
Z7xZ12,168,20,6,4.286,0.15,ok,y^4 + x^4*y^8 + x^5*y^6,y + x*y^9 + x^3*y^11
Z7xZ12,168,18,6,3.857,0.05,ok,y^9 + x*y^6 + x^3*y^9,y^2 + x*y^8 + x^3*y^2
Z7xZ12,168,12,8,4.571,0.47,ok,x^2*y + x^2*y^8 + x^2*y^9,y^4 + x^2*y + x^6*y^7
Z7xZ12,168,36,4,3.429,0.03,ok,y^10 + x^2*y^10 + x^6*y^4,y^11 + x^4*y^11 + x^5*y^5
Z7xZ12,168,18,4,1.714,0.03,ok,y^11 + x^4*y^5 + x^6*y^8,x^2*y^2 + x^4*y^11 + x^5*y^2
Z7xZ12,168,12,6,2.571,0.06,ok,x^3*y^9 + x^4*y^11 + x^6*y^7,y^7 + x^4*y^3 + x^5*y^3
Z7xZ12,168,12,6,2.571,0.08,ok,x^3 + x^5*y^6 + x^6*y^2,y^3 + x^2*y^9 + x^3*y^9
Z7xZ12,168,24,4,2.286,0.03,ok,y^5 + x^2*y^5 + x^6*y^9,y^10 + x^4*y^2 + x^5*y^6
Z7xZ12,168,12,8,4.571,0.27,ok,x*y^11 + x^2*y^9 + x^4*y^9,x^3*y + x^4*y^9 + x^6*y^5
Z7xZ12,168,12,6,2.571,0.14,ok,x^3*y^3 + x^5*y + x^6*y^3,x^3*y + x^5*y^3 + x^6*y
Z7xZ12,168,12,8,4.571,0.43,ok,x*y^8 + x^5*y^4 + x^6*y^10,x*y^2 + x^5*y^2 + x^6*y^6
Z7xZ12,168,12,8,4.571,0.45,ok,x*y + x^5*y^7 + x^6*y^5,y^6 + x^4*y^10 + x^5*y^6
Z7xZ12,168,18,4,1.714,0.04,ok,y^10 + x*y^10 + x^3*y^10,x + x^2*y^6 + x^4*y^9
Z7xZ12,168,12,10,7.143,1.03,ok,x^2*y^11 + x^3*y + x^5*y,x*y^7 + x^5*y^9 + x^6*y^5
Z7xZ12,168,12,8,4.571,0.53,ok,x^3*y + x^5*y + x^6*y^4,x^5 + x^5*y + x^5*y^11
Z7xZ12,168,12,2,0.286,0.01,ok,x^3 + x^4*y^8 + x^6*y^6,y^7 + x^2*y^5 + x^6*y^11
Z7xZ12,168,12,4,1.143,0.04,ok,y^10 + x*y^10 + x^3*y^10,1 + x^4 + x^5*y^2
Z7xZ12,168,36,4,3.429,0.03,ok,x^3*y^3 + x^4*y^9 + x^6*y^9,y^8 + x*y^8 + x^3*y^8
Z7xZ12,168,12,4,1.143,0.04,ok,x*y^8 + x^3*y^2 + x^4*y^6,x^2*y^7 + x^4*y^7 + x^5*y^5
Z7xZ12,168,20,6,4.286,0.26,ok,y^9 + x^4*y + x^5*y^11,x^3 + x^4*y^2 + x^6*y^4
Z7xZ12,168,12,8,4.571,0.41,ok,y^10 + x^2 + x^3*y^6,y^10 + x*y^2 + x^5*y^4
Z7xZ12,168,20,4,1.905,0.03,ok,x^2*y^5 + x^4*y^7 + x^5*y^9,x^2*y + x^4*y^3 + x^5*y^11
Z7xZ12,168,16,6,3.429,0.09,ok,x*y^11 + x^5*y^3 + x^6*y^7,x*y^7 + x^3*y^3 + x^3*y^11
Z7xZ12,168,16,6,3.429,0.07,ok,x^4*y^4 + x^5 + x^5*y^8,y + y^5 + x^4*y^9
Z7xZ12,168,12,8,4.571,0.34,ok,x*y^8 + x^2*y^10 + x^6*y^6,x^3 + x^5*y^8 + x^6*y^2
Z7xZ12,168,16,6,3.429,0.13,ok,x^5*y^5 + x^6*y + x^6*y^9,y^2 + y^6 + x^2*y^10
Z7xZ12,168,12,8,4.571,0.49,ok,x*y^8 + x^5*y^6 + x^6*y^8,x^2 + x^3*y^4 + x^5*y^10
Z7xZ12,168,12,8,4.571,0.36,ok,x^3*y^8 + x^4*y^2 + x^6*y^10,y^3 + x^2*y^5 + x^6*y^11
Z7xZ12,168,12,8,4.571,0.43,ok,x^2*y + x^3*y^9 + x^5*y^3,x*y^6 + x^2*y^6 + x^4*y^2
Z7xZ12,168,16,6,3.429,0.05,ok,x*y^4 + x^6 + x^6*y^8,y + x*y^5 + x*y^9
Z7xZ12,168,12,4,1.143,0.03,ok,x^2*y + x^4*y + x^5*y^9,x*y + x^3*y^7 + x^4*y^9
Z7xZ12,168,12,4,1.143,0.03,ok,x*y^7 + x^2*y + x^4*y^9,x^2*y^11 + x^3*y^7 + x^5*y^7
Z7xZ12,168,18,6,3.857,0.05,ok,x*y^4 + x^3*y^7 + x^4*y,y^9 + x*y^3 + x^5*y^3
Z7xZ12,168,18,8,6.857,0.46,ok,x*y^5 + x^2*y^2 + x^6*y^5,x^3*y^8 + x^5*y^2 + x^6*y^2
Z7xZ12,168,16,4,1.524,0.03,ok,x*y^7 + x^2*y^3 + x^5*y^11,y^5 + x^5*y + x^6*y^9
Z7xZ12,168,12,10,7.143,1.09,ok,y^6 + x*y^10 + x^3*y^10,y^9 + x^2*y^3 + x^6*y^7
Z7xZ12,168,12,8,4.571,0.61,ok,y^2 + y^9 + y^10,y^8 + x*y^11 + x^3*y^8
Z7xZ12,168,12,4,1.143,0.03,ok,y^3 + x*y + x^3*y^9,y^6 + x*y^6 + x^3*y^2
Z7xZ12,168,12,6,2.571,0.05,ok,y^2 + x^2*y^10 + x^6*y^6,x^3*y^8 + x^4*y^4 + x^6*y^10
Z7xZ12,168,16,6,3.429,0.07,ok,x*y^3 + x^3*y^7 + x^3*y^11,y^8 + x^3 + x^4*y^4
Z7xZ12,168,12,8,4.571,0.37,ok,x^3*y + x^5*y^7 + x^6*y,x*y + x^3*y + x^4*y^5
Z7xZ12,168,12,4,1.143,0.03,ok,x^2*y^9 + x^3*y^11 + x^5*y^3,x*y^4 + x^2*y^4 + x^4*y^8
Z7xZ12,168,12,4,1.143,0.05,ok,x*y + x^2*y + x^4*y^5,x^2*y^8 + x^3*y^2 + x^5
Z7xZ12,168,12,6,2.571,0.07,ok,x^2*y^10 + x^3*y^10 + x^5*y^8,y^2 + x*y^2 + x^3*y^4
Z7xZ12,168,12,8,4.571,0.4,ok,y^3 + x^2*y^5 + x^6*y^3,x*y^11 + x^5*y^7 + x^6*y
Z7xZ12,168,12,8,4.571,0.42,ok,y^11 + x*y^9 + x^5*y^9,x^2*y^6 + x^4*y^10 + x^5
Z7xZ12,168,12,6,2.571,0.05,ok,y + x^4*y^3 + x^5*y,x^3 + x^4*y^2 + x^6*y^2
Z7xZ12,168,12,8,4.571,0.4,ok,x^3*y^2 + x^5*y^2 + x^6*y^8,y^8 + x^4*y^2 + x^6*y^4
Z7xZ12,168,12,8,4.571,0.35,ok,x^3*y^2 + x^4*y^4 + x^6*y^2,x^2*y + x^3*y^9 + x^5*y^9
Z7xZ12,168,12,8,4.571,0.38,ok,y + x^4*y + x^6*y^11,y^3 + x^2*y^11 + x^3*y^9
Z7xZ12,168,12,8,4.571,0.36,ok,y^4 + x*y^2 + x^5*y^4,x^2*y^2 + x^4*y^8 + x^5*y^8
Z7xZ12,168,18,4,1.714,0.05,ok,y^4 + x^2*y^4 + x^6*y^7,y^9 + x^4*y^6 + x^5*y^9
Z7xZ12,168,12,8,4.571,0.31,ok,x*y^9 + x^5*y^5 + x^6*y^9,x^2*y^4 + x^3*y^4 + x^5*y^10
Z7xZ12,168,18,6,3.857,0.08,ok,x*y^9 + x^2 + x^4*y^6,y^8 + x^4*y^2 + x^5*y^5
Z7xZ12,168,12,8,4.571,0.35,ok,y^8 + x^2*y^8 + x^3*y^6,y^8 + x^4*y^8 + x^6*y^2
Z7xZ12,168,12,4,1.143,0.03,ok,x^2*y^9 + x^3*y^3 + x^5*y,x*y^7 + x^2*y + x^4*y^5
Z7xZ12,168,24,4,2.286,0.04,ok,x^2*y^2 + x^3*y^6 + x^5*y^10,x*y^8 + x^2*y^8 + x^4
Z7xZ12,168,16,6,3.429,0.05,ok,x^4*y + x^4*y^5 + x^6*y^9,y^6 + x^4*y^10 + x^6*y^2
Z7xZ12,168,12,8,4.571,0.41,ok,x^2*y + x^4*y + x^5*y^11,x*y^3 + x^2*y^3 + x^6*y^9
Z7xZ12,168,12,8,4.571,0.29,ok,x^2*y^10 + x^4*y^4 + x^5*y^8,y^6 + x^2*y^10 + x^3*y^10
Z7xZ12,168,12,6,2.571,0.06,ok,x*y^4 + x^3 + x^4*y^4,y^4 + x^2 + x^3*y^2
Z7xZ12,168,12,8,4.571,0.3,ok,y^5 + x^2*y + x^6*y,x*y^9 + x^5*y^3 + x^6*y^3
Z7xZ12,168,12,6,2.571,0.05,ok,y^5 + x^2*y^5 + x^6*y^3,x^2*y^3 + x^3*y + x^5*y
Z7xZ12,168,18,6,3.857,0.08,ok,x^2*y^11 + x^4*y^8 + x^5*y^11,x*y^4 + x^3*y^4 + x^4*y^7
Z7xZ12,168,12,6,2.571,0.15,ok,y^4 + x*y^2 + x^5*y^6,x^3*y^6 + x^5 + x^6*y^10
Z7xZ12,168,12,4,1.143,0.03,ok,x*y^10 + x^2*y^8 + x^4*y^8,x*y^2 + x^2*y^6 + x^4*y^2
Z7xZ12,168,12,6,2.571,0.14,ok,x^3*y^6 + x^5*y^8 + x^6,y^5 + x^4*y^7 + x^6*y^9
Z7xZ12,168,12,4,1.143,0.04,ok,y^11 + x^4*y^5 + x^6*y^7,y^10 + x^2*y^6 + x^3*y^4
Z7xZ12,168,12,8,4.571,0.58,ok,x + x^5*y^9 + x^6,y^3 + y^10 + y^11
Z7xZ12,168,12,2,0.286,0.01,ok,1 + x*y^6 + x^3*y^8,x*y^7 + x^2*y + x^4*y^3
Z7xZ12,168,16,4,1.524,0.05,ok,y^10 + x*y^2 + x^5*y^6,x^2*y^11 + x^5*y^7 + x^6*y^3
Z7xZ12,168,18,6,3.857,0.08,ok,x^3*y^11 + x^4*y^11 + x^6*y^2,x*y^7 + x^2*y^4 + x^4*y^7
Z7xZ12,168,12,8,4.571,0.64,ok,y + x*y^11 + x^5*y^7,y + x^2*y^11 + x^3*y^11
Z7xZ12,168,12,8,4.571,0.45,ok,x*y^3 + x^5*y^5 + x^6*y^11,x*y^5 + x^2*y^11 + x^4*y^5
Z7xZ12,168,12,10,7.143,1.01,ok,x*y^5 + x^2*y + x^6*y^7,x*y^7 + x^3*y^9 + x^4*y^7
Z7xZ12,168,18,6,3.857,0.19,ok,y^9 + x^2*y^9 + x^6*y^6,x*y^10 + x^5*y^10 + x^6*y^7
Z7xZ12,168,12,6,2.571,0.05,ok,x^3*y^8 + x^4*y^4 + x^6*y^10,y^3 + x^2*y^9 + x^6*y^3
Z7xZ12,168,12,4,1.143,0.04,ok,y^3 + x^4*y^9 + x^5*y^7,x*y^7 + x^5*y^11 + x^6*y^11
Z7xZ12,168,12,4,1.143,0.05,ok,x^5*y + x^5*y^3 + x^5*y^11,x*y^4 + x^2*y^7 + x^6*y^10
Z7xZ12,168,12,6,2.571,0.11,ok,x*y^10 + x^3*y^8 + x^4*y^4,x + x^3*y^6 + x^4*y^10
Z7xZ12,168,24,6,5.143,0.21,ok,x + x^2*y^4 + x^4*y^8,x^3*y^6 + x^4*y^2 + x^6*y^6
Z7xZ12,168,24,4,2.286,0.06,ok,y^7 + x^2*y^3 + x^6*y^11,x*y^6 + x^5*y^6 + x^6*y^6
Z7xZ12,168,24,4,2.286,0.04,ok,x^3*y^4 + x^4 + x^6*y^4,x^2*y^2 + x^3*y^2 + x^5*y^6
Z7xZ12,168,12,4,1.143,0.04,ok,y^8 + x*y^4 + x^3*y^2,y^2 + x^2*y^6 + x^6*y^2
Z7xZ12,168,12,6,2.571,0.04,ok,x*y + x^2*y^4 + x^4*y^7,x^2*y^2 + x^2*y^4 + x^2*y^9
Z7xZ12,168,18,6,3.857,0.15,ok,x*y^4 + x^2*y + x^4*y,x^3 + x^4 + x^6*y^9
Z7xZ12,168,12,8,4.571,0.33,ok,y + x^4*y^5 + x^6*y^5,x^3*y^8 + x^5*y^6 + x^6*y^4
Z7xZ12,168,12,4,1.143,0.04,ok,x*y^11 + x^2*y^7 + x^6*y^5,x*y^2 + x^2*y^2 + x^6*y^2
Z7xZ12,168,18,8,6.857,0.43,ok,x^2 + x^4*y^3 + x^5*y^9,x^3*y^2 + x^5*y^11 + x^6*y^2
Z7xZ12,168,12,4,1.143,0.03,ok,1 + x^4*y^2 + x^5*y^4,y^6 + x^2 + x^6*y^2
Z7xZ12,168,24,4,2.286,0.03,ok,x*y^6 + x^2*y^10 + x^4*y^2,y^11 + x*y^7 + x^3*y^7
Z7xZ12,168,12,8,4.571,0.47,ok,y^5 + x^2*y^7 + x^6*y^3,y^4 + x^2*y^4 + x^6*y^6
Z7xZ12,168,12,6,2.571,0.06,ok,1 + x^2*y^4 + x^6*y^10,x*y^10 + x^5 + x^6*y^2
Z7xZ12,168,12,8,4.571,0.43,ok,y^7 + x^4*y^3 + x^6*y^7,x*y^5 + x^3*y^11 + x^4*y^7
Z7xZ12,168,12,8,4.571,0.4,ok,x*y^2 + x^3*y^4 + x^4*y^8,x^2*y^9 + x^4*y^5 + x^5*y^11
Z7xZ12,168,12,2,0.286,0.01,ok,y + x^4*y^5 + x^6*y^7,x*y^7 + x^3*y^9 + x^4*y^3
Z7xZ12,168,12,10,7.143,1.16,ok,y^7 + x^2*y^5 + x^3*y,x*y^6 + x^2*y^10 + x^6*y^10
Z7xZ12,168,12,8,4.571,0.53,ok,x^3*y^10 + x^5*y^2 + x^6*y^10,y^7 + x^2*y^3 + x^3*y^5
Z7xZ12,168,12,8,4.571,0.4,ok,y^9 + x^4*y^3 + x^6*y^9,x*y^9 + x^2*y + x^6*y^9
Z7xZ12,168,12,8,4.571,0.38,ok,x*y + x^3*y + x^4*y^7,x*y^3 + x^2*y^11 + x^6*y
Z7xZ12,168,12,8,4.571,0.27,ok,y^3 + x^4*y^9 + x^6*y^3,x^6*y^5 + x^6*y^6 + x^6*y^7
Z7xZ12,168,12,8,4.571,0.31,ok,x^6*y^4 + x^6*y^5 + x^6*y^6,x*y^7 + x^3*y^7 + x^4*y
Z7xZ12,168,18,8,6.857,0.41,ok,x^3*y^9 + x^5*y^3 + x^6*y^6,x*y^7 + x^3*y^4 + x^4*y^10
Z7xZ12,168,12,6,2.571,0.07,ok,y^8 + x^2*y^6 + x^6*y^6,1 + x^4*y^8 + x^5*y^2
Z7xZ12,168,24,2,0.571,0.01,ok,x + x^2*y^4 + x^4,x^2*y^2 + x^3*y^6 + x^5*y^2
Z7xZ12,168,24,2,0.571,0.01,ok,x^3 + x^5*y^4 + x^6*y^4,y^8 + x^2 + x^3
Z7xZ12,168,12,8,4.571,0.36,ok,x*y^10 + x^2*y^4 + x^6*y^8,x + x^3 + x^4*y^4
Z7xZ12,168,12,6,2.571,0.07,ok,y^7 + x^4*y^5 + x^5*y^5,y + x^2*y^11 + x^6*y^5
Z7xZ12,168,18,6,3.857,0.07,ok,x^3*y^6 + x^5 + x^6,x^2*y^9 + x^4*y^6 + x^5*y^6
Z7xZ12,168,12,2,0.286,0.01,ok,y^7 + x^2*y + x^3*y^5,y^9 + x^2*y^3 + x^3*y^7
Z7xZ12,168,12,6,2.571,0.19,ok,x^3*y^8 + x^5*y^10 + x^6,x^2 + x^4*y^10 + x^5*y^4
Z7xZ12,168,16,4,1.524,0.03,ok,y^4 + x^3*y^8 + x^5,y^9 + x*y^5 + x^6*y
Z7xZ12,168,12,6,2.571,0.2,ok,y^4 + x*y^2 + x^3*y^4,1 + x^4*y^4 + x^5*y^10
Z7xZ12,168,12,6,2.571,0.06,ok,y^9 + x*y + x^5*y^3,x^3*y^11 + x^5*y^5 + x^6*y
Z7xZ12,168,12,6,2.571,0.14,ok,y^11 + x*y^11 + x^3*y^9,y^9 + x^2*y^11 + x^6*y^11
Z7xZ12,168,12,8,4.571,0.44,ok,x^3*y + x^3*y^3 + x^3*y^8,x^2*y^10 + x^3*y + x^5*y
Z7xZ12,168,12,6,2.571,0.06,ok,1 + x^4*y^2 + x^5*y^10,x*y^3 + x^5*y^9 + x^6*y
Z7xZ12,168,12,4,1.143,0.03,ok,x*y^8 + x^5 + x^6*y^6,y^3 + x*y^3 + x^3*y^3
Z7xZ12,168,12,8,4.571,0.49,ok,x*y^8 + x^5*y^2 + x^6*y^6,y^6 + x^2*y^2 + x^6*y^10
Z7xZ12,168,12,8,4.571,0.35,ok,1 + x*y^2 + x^5*y^8,y^8 + x*y^2 + x^5*y^10
Z7xZ12,168,18,6,3.857,0.04,ok,1 + x^4*y^6 + x^6*y^6,y^10 + x*y + x^5*y^10
Z7xZ12,168,18,8,6.857,0.33,ok,y^11 + x^4*y^5 + x^5*y^11,y^10 + x^4*y^10 + x^5*y
Z7xZ12,168,12,4,1.143,0.03,ok,x*y + x^2*y^9 + x^6*y^9,y^3 + x*y^5 + x^5*y^9
Z7xZ12,168,20,4,1.905,0.06,ok,x*y^9 + x^2*y + x^6*y^5,y^3 + x*y^5 + x^5*y^7
Z7xZ12,168,12,8,4.571,0.33,ok,x*y^3 + x^5*y^3 + x^6*y^9,x^3 + x^3*y + x^3*y^11
Z7xZ12,168,12,8,4.571,0.43,ok,x^3*y^11 + x^4*y^7 + x^6*y^9,y^6 + x^2*y^8 + x^6*y^8
Z7xZ12,168,12,6,2.571,0.05,ok,x^2*y^3 + x^2*y^5 + x^2*y^10,1 + x*y^9 + x^3*y^3
Z7xZ12,168,12,8,4.571,0.29,ok,x^6*y^6 + x^6*y^7 + x^6*y^8,x^3*y^8 + x^5*y^11 + x^6*y^8
Z7xZ12,168,12,8,4.571,0.27,ok,y^11 + x^4*y^3 + x^6*y^7,y^3 + x*y^9 + x^5*y^9
Z7xZ12,168,18,4,1.714,0.02,ok,x^2*y^3 + x^4*y^6 + x^5*y^6,x*y^7 + x^3*y^4 + x^4*y^4
Z7xZ12,168,12,8,4.571,0.35,ok,x*y^4 + x*y^5 + x*y^6,x^3*y + x^5*y^10 + x^6*y^10
Z7xZ12,168,20,4,1.905,0.03,ok,y^2 + x^4 + x^5*y^10,x^3*y^2 + x^4*y^6 + x^6*y^4
Z7xZ12,168,12,6,2.571,0.05,ok,y^2 + x^4*y^2 + x^5*y^4,x^2*y^5 + x^3*y^11 + x^5*y^5
Z7xZ12,168,12,6,2.571,0.03,ok,x*y^8 + x^3*y^6 + x^4*y^4,x*y^11 + x^3*y^3 + x^4*y^11
Z7xZ12,168,12,8,4.571,0.3,ok,x^2*y^4 + x^3*y^6 + x^5*y^10,x*y^3 + x^5*y^3 + x^6*y^7
Z7xZ12,168,24,4,2.286,0.03,ok,1 + x + x^5,x*y^4 + x^3 + x^4*y^8
Z7xZ12,168,12,6,2.571,0.07,ok,y^7 + y^8 + y^9,x^2*y^9 + x^4 + x^5*y^6
Z7xZ12,168,24,4,2.286,0.02,ok,x*y^7 + x^5*y^7 + x^6*y^3,1 + x^4*y^8 + x^5*y^8
Z7xZ12,168,12,8,4.571,0.35,ok,y^10 + x^4*y^8 + x^6*y^2,x^3*y^5 + x^5*y^7 + x^6*y^5
Z7xZ12,168,24,4,2.286,0.02,ok,x^3*y^10 + x^5*y^6 + x^6*y^6,x*y^10 + x^3*y^10 + x^4*y^10
Z7xZ12,168,12,6,2.571,0.06,ok,x*y + x^5*y^3 + x^6*y,y^5 + x^4*y^7 + x^5*y
Z7xZ12,168,12,8,4.571,0.3,ok,x*y^4 + x^3*y^4 + x^4*y^2,x*y + x^2*y + x^6*y^9
Z7xZ12,168,20,6,4.286,0.07,ok,x^3*y + x^4*y^3 + x^6*y^5,x^2*y^6 + x^3*y^4 + x^5*y^8
Z7xZ12,168,24,4,2.286,0.02,ok,x^2*y^3 + x^4*y^3 + x^5*y^3,x^3*y^6 + x^5*y^2 + x^6*y^6
Z7xZ9,126,10,6,2.857,0.03,ok,y^8 + x^2*y^6 + x^3*y,x*y^3 + x^3*y^2 + x^4*y^4
Z7xZ9,126,16,4,2.032,0.02,ok,x*y^6 + x*y^8 + x^2*y^7,y^8 + x^3*y^3 + x^3*y^4
Z7xZ9,126,10,6,2.857,0.04,ok,y + x^2*y^8 + x^6*y^3,y^3 + x^2*y^2 + x^6*y^4
Z7xZ9,126,12,10,9.524,0.36,ok,y^6 + x*y^4 + x*y^8,y^3 + x + x^2*y^5
Z7xZ9,126,10,6,2.857,0.04,ok,x*y^8 + x^3 + x^4*y^4,x^2*y^5 + x^4*y^3 + x^5*y^7
Z7xZ9,126,10,4,1.27,0.03,ok,x*y^6 + x^2*y^8 + x^4*y,y^3 + x*y^4 + x^3*y^2
Z7xZ9,126,12,6,3.429,0.05,ok,y^5 + x^4*y^2 + x^4*y^8,x^2*y^4 + x^5*y^7 + x^6*y
Z7xZ9,126,12,10,9.524,0.33,ok,x*y^5 + x^5 + x^5*y,1 + x^3*y^6 + x^4*y
Z7xZ9,126,10,6,2.857,0.04,ok,x*y^4 + x^3*y^6 + x^4*y^8,y^6 + x*y^8 + x^5*y
Z7xZ9,126,12,6,3.429,0.04,ok,x^2*y^3 + x^2*y^7 + x^3*y^5,y^6 + x*y^5 + x^4*y^8
Z7xZ9,126,12,6,3.429,0.04,ok,y^8 + x^2*y^4 + x^5*y^2,x*y^2 + x^5*y^6 + x^5*y^7
Z7xZ9,126,12,6,3.429,0.04,ok,y^7 + x*y^4 + x^6*y,y^2 + x^3*y^5 + x^6*y^8
Z7xZ9,126,18,6,5.143,0.07,ok,y^5 + x^2*y^5 + x^3*y^2,y + x^2*y^7 + x^3*y^4
Z7xZ9,126,12,4,1.524,0.03,ok,y^2 + x^4*y^2 + x^6*y^2,y + x*y^4 + x^2*y^8
Z7xZ9,126,12,6,3.429,0.03,ok,x^4 + x^4*y + x^4*y^8,x^2 + x^4*y^6 + x^5
Z7xZ9,126,12,6,3.429,0.03,ok,1 + x^3*y^6 + x^5*y^3,x*y^4 + x^3*y^7 + x^4*y
Z7xZ9,126,12,2,0.381,0.01,ok,y^7 + x^6*y + x^6*y^4,x^5*y + x^5*y^4 + x^5*y^7
Z7xZ9,126,16,2,0.508,0.01,ok,x*y^8 + x^2 + x^2*y^7,x^2*y^3 + x^3*y^2 + x^3*y^4
Z7xZ9,126,12,4,1.524,0.02,ok,y^7 + x*y^6 + x^6*y,x + x^3*y^3 + x^5*y
Z7xZ9,126,12,4,1.524,0.02,ok,y^3 + x*y^3 + x^5*y^3,x*y^6 + x^3*y^4 + x^3*y^8
Z7xZ9,126,12,8,6.095,0.19,ok,x^4*y^5 + x^5*y^6 + x^6,x*y^2 + x^3*y^5 + x^6*y^4
Z7xZ9,126,12,6,3.429,0.04,ok,x*y^7 + x^2*y^4 + x^3*y,y^4 + x^2*y + x^5*y^7
Z7xZ9,126,10,10,7.937,0.5,ok,x^2*y^6 + x^4*y^4 + x^5*y^2,y^3 + x*y^5 + x^5*y^7
Z7xZ9,126,18,4,2.286,0.02,ok,x*y^6 + x^2 + x^6*y^6,x*y^5 + x^3*y^5 + x^4*y^5
Z7xZ9,126,10,10,7.937,0.45,ok,1 + x*y^5 + x^5*y,x^3*y^2 + x^5*y^6 + x^6*y
Z7xZ9,126,10,6,2.857,0.05,ok,y^2 + x^4*y^7 + x^5,y^8 + x^4*y + x^5*y^3
Z7xZ9,126,10,6,2.857,0.03,ok,y^2 + x*y^7 + x^3*y^3,x + x^5*y^2 + x^6*y^7
Z7xZ9,126,12,6,3.429,0.04,ok,x^2*y^4 + x^4*y^7 + x^5*y,1 + x*y^6 + x^6*y^3
Z7xZ9,126,12,2,0.381,0.01,ok,1 + x^3*y^8 + x^4*y^3,x^2*y^7 + x^3*y^2 + x^6*y^8
Z7xZ9,126,10,6,2.857,0.03,ok,x*y^8 + x^5*y + x^6*y^3,1 + x*y + x^3*y^8
Z7xZ9,126,10,6,2.857,0.07,ok,x^2*y + x^4*y^8 + x^5,y^7 + x*y^2 + x^5
Z7xZ9,126,18,4,2.286,0.02,ok,x + x^5 + x^6,x^3 + x^4*y^3 + x^6*y^3
Z7xZ9,126,12,8,6.095,0.19,ok,x^2*y^8 + x^3*y^6 + x^6*y^3,x^2*y^8 + x^3*y + x^6*y^4
Z7xZ9,126,10,2,0.317,0.01,ok,x*y^2 + x^3 + x^4*y^4,x*y^3 + x^3*y + x^4*y^5
Z7xZ9,126,12,2,0.381,0.01,ok,x*y^6 + x^4 + x^5*y^5,y^2 + y^5 + y^8
Z7xZ9,126,10,6,2.857,0.04,ok,x + x^5*y^5 + x^6*y^7,x*y^7 + x^5*y^6 + x^6*y^8
Z7xZ9,126,12,4,1.524,0.02,ok,y^4 + x^3*y + x^4*y^7,x*y^4 + x^3*y + x^5*y^7
Z7xZ9,126,12,10,9.524,0.44,ok,y^8 + x*y + x^2*y^7,x^2*y^3 + x^2*y^4 + x^6*y^8
Z7xZ9,126,12,6,3.429,0.03,ok,x*y^2 + x^4*y^5 + x^5*y^4,y^2 + y^6 + x^6*y^4
Z7xZ9,126,12,6,3.429,0.04,ok,y^3 + x^4*y^6 + x^5*y^6,x^4*y^6 + x^4*y^7 + x^4*y^8
Z7xZ9,126,12,4,1.524,0.03,ok,x*y^8 + x^2*y^8 + x^6*y^8,x^2*y^5 + x^5*y^2 + x^6
Z7xZ9,126,10,6,2.857,0.04,ok,1 + x*y^5 + x^3*y^7,y^6 + x^2*y^2 + x^6*y^7
Z7xZ9,126,12,10,9.524,0.51,ok,y + y^3 + x^4*y^2,y^2 + x*y^6 + x^2
Z7xZ9,126,12,4,1.524,0.04,ok,x^2*y + x^3*y^5 + x^3*y^6,x*y^3 + x^3*y^3 + x^4*y^3
Z7xZ9,126,12,4,1.524,0.02,ok,y^4 + x^2*y^4 + x^6*y^4,x^4*y^4 + x^5*y^8 + x^6*y^2
Z7xZ9,126,10,4,1.27,0.02,ok,y + x^4 + x^5*y^8,x*y^5 + x^5 + x^6*y
Z7xZ9,126,10,6,2.857,0.04,ok,x*y^6 + x^3*y^4 + x^4*y^8,x*y^2 + x^2*y + x^6*y^6
Z7xZ9,126,12,4,1.524,0.03,ok,1 + x^5*y^7 + x^6*y^4,x*y + x^4*y^7 + x^5*y^8
Z7xZ9,126,10,6,2.857,0.03,ok,y^5 + x^2 + x^6*y^7,x^2*y^4 + x^3*y^8 + x^5
Z7xZ9,126,12,6,3.429,0.03,ok,x^6*y + x^6*y^3 + x^6*y^5,y^2 + x^4*y^5 + x^5*y^5
Z7xZ9,126,16,2,0.508,0.01,ok,x^3 + x^3*y^2 + x^5*y,x^2*y^5 + x^2*y^7 + x^4*y^6
Z7xZ9,126,10,8,5.079,0.25,ok,y^2 + x^4*y + x^6*y^3,y^5 + x^4*y^6 + x^6*y^4
Z7xZ9,126,10,4,1.27,0.04,ok,y + x^2*y^6 + x^6*y^2,y^7 + x*y^8 + x^3*y^6
Z7xZ9,126,12,6,3.429,0.03,ok,y^2 + x^4*y^5 + x^5*y^8,x^2*y^4 + x^2*y^7 + x^5*y
Z7xZ9,126,12,6,3.429,0.04,ok,x*y^6 + x^4*y^8 + x^5,x*y^2 + x*y^7 + x^2
Z7xZ9,126,12,2,0.381,0.01,ok,1 + x^2*y^5 + x^5*y^3,x^5 + x^5*y^3 + x^5*y^6
Z7xZ9,126,18,4,2.286,0.03,ok,y^6 + x + x^3*y^3,y^8 + x^2*y^8 + x^6*y^2
Z7xZ9,126,12,4,1.524,0.02,ok,y^5 + x^2*y^5 + x^6*y^5,x^2 + x^2*y + x^6*y^5
Z7xZ9,126,12,6,3.429,0.03,ok,y^8 + x^2*y^5 + x^5*y^2,x*y + x*y^4 + x^5*y^7
Z7xZ9,126,12,6,3.429,0.03,ok,y^5 + x*y^8 + x^3*y^5,x^2*y^4 + x^2*y^6 + x^2*y^8
Z7xZ9,126,12,10,9.524,0.41,ok,x + x*y^4 + x^2*y^2,1 + x*y^6 + x^6*y^4
Z7xZ9,126,10,6,2.857,0.03,ok,x^2*y^6 + x^3*y + x^5*y^8,x*y^4 + x^5 + x^6*y^8
Z7xZ9,126,12,4,1.524,0.03,ok,x*y^2 + x^2*y + x^5*y^8,x*y^3 + x^2*y^3 + x^6*y^3
Z7xZ9,126,12,10,9.524,0.5,ok,y^6 + x^3 + x^6*y^7,x^3*y^6 + x^6*y^5 + x^6*y^7
Z7xZ9,126,12,8,6.095,0.29,ok,x*y + x^3*y^4 + x^5*y^8,x^2*y^3 + x^5 + x^6*y^4
Z7xZ9,126,12,10,9.524,0.5,ok,y^5 + x^3*y^3 + x^3*y^7,x^2*y^6 + x^3*y^8 + x^6*y^2
Z7xZ9,126,12,4,1.524,0.03,ok,x + x^3*y^6 + x^6*y^7,x^2*y^5 + x^3*y^6 + x^4
Z7xZ9,126,12,4,1.524,0.03,ok,y^3 + x^3 + x^6*y^2,1 + x*y^6 + x^6*y^4
Z7xZ9,126,28,2,0.889,0.01,ok,x^5 + x^5*y^4 + x^5*y^5,x + x*y^4 + x*y^5
Z7xZ9,126,10,6,2.857,0.06,ok,x*y^2 + x^2*y^3 + x^4*y,x^2*y^4 + x^3*y^5 + x^5
Z7xZ9,126,12,2,0.381,0.01,ok,y^6 + x*y^7 + x^4,y^2 + x^3*y^4 + x^6*y
Z7xZ9,126,18,6,5.143,0.08,ok,y^6 + x^2*y^3 + x^6*y^6,x + x^5*y^3 + x^6*y^6
Z7xZ9,126,12,6,3.429,0.13,ok,x*y^4 + x*y^7 + x^2*y,x^2*y^2 + x^4*y^8 + x^6*y^5
Z7xZ9,126,12,4,1.524,0.04,ok,y^5 + x^2*y^5 + x^6*y^5,x*y^8 + x^4*y^4 + x^5*y^2
Z7xZ9,126,12,8,6.095,0.26,ok,y^5 + x^2*y^2 + x^5*y^6,y^3 + x^3*y^6 + x^6*y^4
Z7xZ9,126,10,10,7.937,0.52,ok,x^3*y^3 + x^5*y^2 + x^6*y,y^5 + x^2*y^6 + x^3*y^4
Z7xZ9,126,10,8,5.079,0.21,ok,y^7 + x^4*y^5 + x^5*y^3,y^8 + x^2*y^4 + x^6*y^6
Z7xZ9,126,12,6,3.429,0.03,ok,x*y + x*y^3 + x*y^8,x*y^3 + x^3*y^6 + x^4*y^6
Z7xZ9,126,12,2,0.381,0.01,ok,x^2*y^7 + x^4*y^4 + x^6,y^5 + x^2*y^2 + x^4*y^7
Z7xZ9,126,12,6,3.429,0.06,ok,y + y^4 + x^3*y^7,x^2*y^2 + x^2*y^5 + x^3*y^8
Z7xZ9,126,12,8,6.095,0.18,ok,x^2 + x^3*y^7 + x^6*y^3,x^2*y^3 + x^3*y^5 + x^6
Z7xZ9,126,12,6,3.429,0.04,ok,y^7 + x^3*y + x^5*y^4,y^2 + x^6*y^5 + x^6*y^8
Z7xZ9,126,12,6,3.429,0.04,ok,x*y^2 + x^3*y^4 + x^6*y^5,y + y^5 + x^3*y^3
Z7xZ9,126,18,6,5.143,0.09,ok,x^2*y^4 + x^3*y^4 + x^5*y^7,x^2*y^6 + x^3*y^6 + x^5*y^3
Z7xZ9,126,12,10,9.524,0.56,ok,x^2*y + x^2*y^5 + x^5*y^3,x^2*y^8 + x^5*y^5 + x^6*y^3
Z7xZ9,126,12,6,3.429,0.06,ok,y + y^7 + x*y^4,y^7 + x*y^4 + x^4*y
Z7xZ9,126,12,6,3.429,0.05,ok,y^8 + x^2*y^2 + x^3*y^2,x^6*y^3 + x^6*y^4 + x^6*y^5
Z7xZ9,126,12,4,1.524,0.03,ok,y^8 + x^2*y^2 + x^5*y,x^2*y^6 + x^3*y^6 + x^5*y^6
Z7xZ9,126,12,10,9.524,0.44,ok,y^3 + x^3*y^7 + x^3*y^8,y^4 + x^3*y^7 + x^6*y^8
Z7xZ9,126,10,6,2.857,0.04,ok,x*y^2 + x^5*y^3 + x^6*y,y + x^2*y^5 + x^6
Z7xZ9,126,10,6,2.857,0.03,ok,x^3*y^5 + x^4*y^7 + x^6*y^6,1 + x*y^5 + x^3*y
Z7xZ9,126,10,6,2.857,0.04,ok,x^3*y + x^5*y^6 + x^6*y^8,x*y^2 + x^3*y^4 + x^4*y^3
Z7xZ9,126,12,2,0.381,0.01,ok,x^6 + x^6*y^3 + x^6*y^6,x^3*y^6 + x^5*y^3 + x^6
Z7xZ9,126,12,8,6.095,0.24,ok,y^8 + x^3*y + x^6*y^7,y^2 + x^2*y^3 + x^5*y^8
Z7xZ9,126,10,4,1.27,0.03,ok,x*y^7 + x^3*y^8 + x^4,y^5 + x*y + x^5*y^3
Z7xZ9,126,12,10,9.524,0.46,ok,y^3 + x^3 + x^4*y^4,x + x^3*y^2 + x^3*y^7
Z7xZ9,126,10,8,5.079,0.27,ok,x^3*y^6 + x^4*y^4 + x^6*y^5,x*y + x^5 + x^6*y^2
Z7xZ9,126,12,6,3.429,0.04,ok,x^3*y^4 + x^4*y + x^6*y^7,x^4*y^5 + x^5*y^8 + x^6*y^2
Z7xZ9,126,12,4,1.524,0.03,ok,x^3*y^5 + x^5*y^5 + x^6*y^5,x*y^3 + x*y^7 + x*y^8
Z7xZ9,126,10,6,2.857,0.04,ok,x*y^3 + x^3*y^4 + x^4*y^8,x^3*y^5 + x^5 + x^6*y
Z7xZ9,126,10,4,1.27,0.02,ok,x^2*y^6 + x^3*y^5 + x^5*y^4,y^6 + x^2*y^7 + x^6*y^2
Z7xZ9,126,12,10,9.524,0.46,ok,x*y^5 + x^4*y^7 + x^6*y,y + x + x*y^2
Z7xZ9,126,18,4,2.286,0.03,ok,x^3*y^2 + x^5*y^8 + x^6*y^5,y^2 + x*y^8 + x^5*y^8
Z7xZ9,126,12,2,0.381,0.01,ok,x^5*y^2 + x^5*y^5 + x^5*y^8,x*y^6 + x^2 + x^3*y^4
Z7xZ9,126,12,4,1.524,0.02,ok,y^4 + x + x^6*y^7,x*y^6 + x^4*y^2 + x^6*y^5
Z7xZ9,126,12,6,3.429,0.1,ok,y^6 + x^5 + x^5*y^3,x*y^2 + x^5*y^8 + x^6*y^5
Z7xZ9,126,12,10,9.524,0.49,ok,x^2*y^2 + x^3*y^3 + x^6,y^5 + x^3*y^4 + x^3*y^6
Z7xZ9,126,12,4,1.524,0.07,ok,x*y + x^3 + x^6*y^4,x^3*y^4 + x^5*y^4 + x^6*y^4
Z7xZ9,126,12,4,1.524,0.03,ok,x^2*y^5 + x^3*y^8 + x^4,y^5 + x^2*y^2 + x^4*y^4
Z7xZ9,126,12,8,6.095,0.2,ok,y^8 + x^3*y + x^5*y^4,y^6 + x*y + x^4
Z7xZ9,126,12,10,9.524,0.46,ok,y + x*y^5 + x^6*y^7,x*y + x^5 + x^5*y^2
Z7xZ9,126,10,6,2.857,0.05,ok,x^2*y^4 + x^4*y^3 + x^5*y^8,x*y^3 + x^2*y^4 + x^6*y^5
Z7xZ9,126,18,4,2.286,0.02,ok,x*y + x^3*y^4 + x^4*y^7,y^3 + x*y^3 + x^5*y^3
Z7xZ9,126,10,6,2.857,0.04,ok,y^6 + x^4*y^5 + x^6*y,x^2*y^8 + x^4*y^4 + x^5*y^6
Z7xZ9,126,10,6,2.857,0.03,ok,x^3*y^5 + x^5*y^3 + x^6*y,y^3 + x^2*y^2 + x^3*y
Z7xZ9,126,12,4,1.524,0.02,ok,y^4 + x^2*y + x^4*y^7,x^2*y + x^5*y^7 + x^6*y^4
Z7xZ9,126,18,2,0.571,0.01,ok,x^2*y^3 + x^4 + x^5,y^2 + x^2*y^8 + x^3*y^8
Z7xZ9,126,12,2,0.381,0.01,ok,y^2 + y^5 + y^8,x^3 + x^5*y^2 + x^5*y^7
Z7xZ9,126,18,6,5.143,0.04,ok,x^2*y^4 + x^3*y^7 + x^5*y^4,x^3*y^6 + x^4*y^3 + x^6
Z7xZ9,126,10,10,7.937,0.55,ok,x^3*y + x^5*y^3 + x^6*y^2,x^2*y^4 + x^4*y^5 + x^5*y^3
Z7xZ9,126,12,6,3.429,0.03,ok,1 + x^2*y^3 + x^6*y^6,x*y^4 + x^5*y + x^5*y^7
Z7xZ9,126,12,4,1.524,0.03,ok,x^4 + x^5*y^3 + x^6*y^6,y^6 + x^5*y^3 + x^6
Z7xZ9,126,12,6,3.429,0.03,ok,y^8 + x^4*y^8 + x^6*y^5,x*y^2 + x*y^6 + x*y^7
Z7xZ9,126,10,10,7.937,0.47,ok,x^2*y^2 + x^3*y^4 + x^5*y^3,x^3*y + x^4*y^8 + x^6*y^6
Z7xZ9,126,10,6,2.857,0.04,ok,y^8 + x^4*y + x^5*y^3,x^3*y^8 + x^4*y^4 + x^6*y^3
Z7xZ9,126,10,8,5.079,0.16,ok,y^6 + x^4*y^8 + x^6*y^7,x*y^4 + x^2*y^5 + x^6*y^3
Z7xZ9,126,10,4,1.27,0.03,ok,x*y^3 + x^2*y^4 + x^6*y^2,y^4 + x + x^5*y^2
Z7xZ9,126,12,6,3.429,0.03,ok,y^4 + y^7 + x^4*y,y^4 + x^5*y^7 + x^6*y
Z7xZ9,126,12,10,9.524,0.47,ok,y + x*y^5 + x^6*y^7,x^2*y^6 + x^2*y^8 + x^5*y^7
Z7xZ9,126,12,6,3.429,0.04,ok,y^7 + x^2*y^4 + x^3*y^7,x^2 + x^2*y + x^2*y^5
Z7xZ9,126,10,10,7.937,0.69,ok,x^2*y^4 + x^4*y^6 + x^5*y^8,x*y^5 + x^2*y^3 + x^6*y
Z7xZ9,126,10,6,2.857,0.03,ok,x^3*y^8 + x^4 + x^6*y^4,x^3*y + x^4*y^5 + x^6*y^3
Z7xZ9,126,12,6,3.429,0.03,ok,y^8 + x*y^2 + x^5*y^2,x*y + x*y^6 + x*y^8
Z7xZ9,126,10,6,2.857,0.04,ok,y^7 + x^4*y^3 + x^5*y^8,x*y^6 + x^2*y^4 + x^4*y^8
Z7xZ9,126,12,8,6.095,0.28,ok,y^3 + x^3*y^7 + x^5*y^6,x^3*y^3 + x^4*y^8 + x^5*y^5
Z7xZ9,126,10,4,1.27,0.03,ok,y^5 + x^2 + x^6*y^4,x^2*y + x^3 + x^5*y^2
Z7xZ9,126,12,4,1.524,0.07,ok,y^4 + x^4*y^4 + x^6*y^4,x^5*y^5 + x^5*y^6 + x^5*y^7
Z7xZ9,126,12,4,1.524,0.03,ok,x^2*y + x^4*y + x^5*y,x^4*y^3 + x^5*y^7 + x^5*y^8
Z7xZ9,126,18,4,2.286,0.03,ok,x*y^2 + x^2*y^2 + x^6*y^2,y^2 + x^4*y^5 + x^6*y^8
Z7xZ9,126,12,10,9.524,0.49,ok,y^3 + x*y^2 + x^4,x*y^7 + x*y^8 + x^6*y^3
Z7xZ9,126,18,4,2.286,0.02,ok,y^4 + x^2*y^4 + x^3*y^4,x^3 + x^5 + x^6*y^3
Z7xZ9,126,12,6,3.429,0.05,ok,x^5*y + x^5*y^3 + x^5*y^8,x^3*y + x^5*y^7 + x^6*y^4
Z7xZ9,126,10,4,1.27,0.03,ok,y + x*y^5 + x^5,x^3*y^8 + x^5*y + x^6*y^6
Z7xZ9,126,10,6,2.857,0.04,ok,y^2 + x^4*y^3 + x^5*y^4,x^2 + x^3*y^7 + x^5*y^8
Z7xZ9,126,12,6,3.429,0.05,ok,x^3*y + x^4*y^4 + x^5*y^7,y + y^7 + x^4*y^4
Z7xZ9,126,10,6,2.857,0.03,ok,x^3*y^6 + x^5*y^2 + x^6*y^7,x*y + x^2*y^6 + x^6*y^2
Z7xZ9,126,12,6,3.429,0.05,ok,y + x^2*y^7 + x^3*y^4,y^6 + x^5 + x^5*y^3
Z7xZ9,126,12,2,0.381,0.01,ok,y + y^4 + x^2*y^7,x^2 + x^2*y^6 + x^4*y^3
Z7xZ9,126,12,4,1.524,0.03,ok,y^6 + y^7 + y^8,y^2 + x*y^2 + x^3*y^2
Z7xZ9,126,18,4,2.286,0.02,ok,x^3*y^7 + x^5*y^7 + x^6*y^4,x*y^3 + x^3*y^6 + x^4*y^3
Z7xZ9,126,10,4,1.27,0.02,ok,x*y^4 + x^2 + x^4*y^5,y^6 + x*y^4 + x^3*y^5
Z7xZ9,126,10,10,7.937,0.65,ok,y^6 + x*y + x^5*y^5,1 + x^4*y^8 + x^6*y^4
Z7xZ9,126,10,6,2.857,0.08,ok,x^2*y^2 + x^3*y^6 + x^5*y^7,y^2 + x + x^3*y
Z7xZ9,126,12,4,1.524,0.02,ok,y^2 + y^8 + x^6*y^5,x^2*y + x^2*y^7 + x^3*y^4
Z7xZ9,126,18,6,5.143,0.07,ok,x^3*y^8 + x^5*y^5 + x^6*y^8,x^3*y^8 + x^5*y^5 + x^6*y^2
Z7xZ9,126,12,6,3.429,0.03,ok,x^3 + x^4*y + x^4*y^8,x*y^3 + x^2*y^8 + x^5
Z7xZ9,126,18,6,5.143,0.03,ok,x*y^5 + x^5*y^5 + x^6*y^2,x^3*y^8 + x^4*y^2 + x^6*y^2
Z7xZ9,126,12,10,9.524,0.45,ok,x^2*y^3 + x^6*y + x^6*y^5,y^5 + x*y^8 + x^2
Z7xZ9,126,18,6,5.143,0.06,ok,x^3*y^8 + x^4*y^2 + x^6*y^5,y^6 + x + x^3
Z7xZ9,126,12,2,0.381,0.01,ok,y^3 + x^3 + x^6*y^5,x*y^7 + x^4*y^3 + x^5*y
Z7xZ9,126,12,10,9.524,0.51,ok,x^3*y^7 + x^6*y^2 + x^6*y^3,x*y^6 + x^2*y + x^5*y^7
Z7xZ9,126,10,6,2.857,0.06,ok,x*y^2 + x^2*y + x^4*y^6,x^2*y^7 + x^3*y^3 + x^5*y^2
Z7xZ9,126,10,10,7.937,0.48,ok,x^2*y^7 + x^3*y^5 + x^5*y^3,x*y^3 + x^5*y^5 + x^6*y
Z7xZ9,126,10,6,2.857,0.04,ok,x*y + x^2*y^6 + x^4*y^8,x*y^6 + x^5*y^2 + x^6*y^7
Z7xZ9,126,12,10,9.524,0.49,ok,x^3*y^5 + x^3*y^7 + x^4*y^6,x*y^3 + x^4*y^5 + x^6
Z7xZ9,126,12,6,3.429,0.07,ok,x*y^7 + x^3*y + x^4*y^4,x^6*y + x^6*y^2 + x^6*y^6
Z7xZ9,126,12,10,9.524,0.53,ok,x*y^3 + x^3*y^2 + x^3*y^4,x^2*y^2 + x^3*y^4 + x^6*y^8
Z7xZ9,126,12,4,1.524,0.03,ok,x^2*y^3 + x^2*y^7 + x^6*y^5,x^3*y^3 + x^4*y^3 + x^6*y^3
Z7xZ9,126,18,4,2.286,0.04,ok,y + x*y^4 + x^3*y^4,x^3 + x^4*y^3 + x^6
Z7xZ9,126,10,4,1.27,0.02,ok,x^3*y^3 + x^5*y^4 + x^6*y^8,x*y^8 + x^2*y^7 + x^6
Z7xZ9,126,10,6,2.857,0.04,ok,y + x^4*y^2 + x^6,x*y^2 + x^3*y^3 + x^4*y^7
Z7xZ9,126,12,2,0.381,0.01,ok,x^2*y + x^5*y^5 + x^6*y^7,y + x^3*y^4 + x^6*y^8
Z7xZ9,126,12,8,6.095,0.19,ok,y^4 + x^3*y^8 + x^5*y^5,x^2*y + x^3 + x^6*y^7
Z7xZ9,126,10,6,2.857,0.04,ok,x^2*y^6 + x^4*y^7 + x^5*y^5,x^3*y^8 + x^5*y^3 + x^6*y^7
Z7xZ9,126,12,8,6.095,0.28,ok,1 + x^2*y^6 + x^5*y,y^3 + x + x^6*y^7
Z7xZ9,126,12,10,9.524,0.54,ok,x^4*y^7 + x^5*y + x^6*y^5,x*y^8 + x^2*y + x^2*y^6
Z7xZ9,126,12,4,1.524,0.02,ok,x*y^2 + x^4*y^8 + x^5*y^5,y^6 + x*y^3 + x^2
Z7xZ9,126,18,6,5.143,0.12,ok,y^7 + x^2*y^7 + x^6*y,y^4 + x^2*y^4 + x^6*y
Z7xZ9,126,12,6,3.429,0.07,ok,x^3*y^5 + x^5*y^8 + x^6*y^2,x*y^2 + x^2*y^5 + x^4*y^8
Z7xZ9,126,10,6,2.857,0.04,ok,x*y^4 + x^2 + x^6*y^2,x*y^4 + x^3*y^3 + x^4*y^8
Z7xZ9,126,12,4,1.524,0.03,ok,x^2*y^2 + x^3*y^7 + x^6*y^8,x*y + x^3*y^5 + x^6*y^7
Z7xZ9,126,10,2,0.317,0.01,ok,x^2*y^3 + x^3*y^5 + x^5*y^4,y^8 + x^4*y^7 + x^5
Z7xZ9,126,12,8,6.095,0.16,ok,y^2 + x*y^7 + x^4*y,x*y^2 + x^3*y^7 + x^5*y^4
Z7xZ9,126,10,2,0.317,0.01,ok,x^3*y^4 + x^4*y^5 + x^6,x*y^3 + x^5*y^7 + x^6*y^8
Z7xZ9,126,12,6,3.429,0.08,ok,y^4 + x^5*y^7 + x^6*y,y^6 + x^2*y^3 + x^3
Z7xZ9,126,12,6,3.429,0.08,ok,y^5 + x^4*y^8 + x^5*y^2,x^2*y^5 + x^4*y^2 + x^5*y^8
Z7xZ9,126,12,4,1.524,0.03,ok,x^3*y^4 + x^3*y^5 + x^5,y^5 + x*y^5 + x^3*y^5
Z7xZ9,126,12,6,3.429,0.04,ok,x^2*y^4 + x^5*y + x^6*y^7,y^8 + x^2*y^5 + x^3*y^2
Z7xZ9,126,12,4,1.524,0.03,ok,y^3 + y^7 + x^5*y^5,y^3 + x^4*y^3 + x^6*y^3
Z7xZ9,126,12,8,6.095,0.26,ok,1 + x*y^6 + x^2*y^5,x*y^8 + x^4*y^2 + x^5*y^4
Z7xZ9,126,12,6,3.429,0.04,ok,x^3*y^6 + x^6 + x^6*y^3,y^3 + x*y^6 + x^6
Z7xZ9,126,12,4,1.524,0.04,ok,x*y^6 + x^4*y^2 + x^6*y^5,x*y^4 + x^2*y + x^3*y^6
Z7xZ9,126,12,4,1.524,0.03,ok,x + x^3*y^3 + x^5*y^6,x^2*y^3 + x^3 + x^4*y^6
Z7xZ9,126,12,10,9.524,0.47,ok,x^2*y^7 + x^4*y^5 + x^6*y^8,x^3 + x^3*y + x^4*y^5
Z7xZ9,126,12,4,1.524,0.03,ok,x^4*y^5 + x^5*y^2 + x^6*y^4,y^4 + x^3*y^6 + x^5
Z7xZ9,126,10,6,2.857,0.03,ok,y + x^4 + x^5*y^2,x^2*y^7 + x^3*y^3 + x^5*y^2
Z7xZ9,126,12,6,3.429,0.03,ok,x*y^3 + x^2*y^6 + x^6*y^3,x^6 + x^6*y^5 + x^6*y^7
Z7xZ9,126,12,6,3.429,0.04,ok,y^7 + x*y^4 + x^3*y,x^2*y^5 + x^2*y^8 + x^5*y^2
Z7xZ9,126,18,6,5.143,0.08,ok,x^2*y^5 + x^4*y^2 + x^5*y^2,y^3 + x*y^3 + x^5
Z7xZ9,126,12,4,1.524,0.03,ok,y^5 + x^2*y^2 + x^3*y^8,x^2*y + x^3*y^7 + x^4*y^4
Z7xZ9,126,18,4,2.286,0.02,ok,y^2 + x^2*y^8 + x^6*y^2,y^7 + x*y^7 + x^3*y^7
Z7xZ9,126,12,8,6.095,0.22,ok,x^3*y^7 + x^4*y^4 + x^5,x*y^7 + x^4*y^2 + x^6*y^8
Z7xZ9,126,10,10,7.937,0.43,ok,y^4 + x*y^3 + x^5*y^2,y^4 + x*y^2 + x^5*y^3
Z7xZ9,126,12,4,1.524,0.03,ok,y^2 + x^3*y^7 + x^4*y^5,x*y^3 + x^5*y^3 + x^6*y^3
Z7xZ9,126,10,4,1.27,0.03,ok,y^3 + x^2*y^4 + x^6*y^8,y^4 + x + x^3*y^2
Z7xZ9,126,10,4,1.27,0.03,ok,x*y^2 + x^5*y + x^6*y^3,x^2*y^7 + x^3*y^5 + x^5
Z7xZ9,126,12,4,1.524,0.03,ok,x*y^8 + x^4 + x^6*y^6,y^7 + x^2*y^7 + x^3*y^7
Z7xZ9,126,10,6,2.857,0.04,ok,x*y^2 + x^3 + x^4*y^7,x*y^2 + x^3*y^3 + x^4*y
Z7xZ9,126,10,6,2.857,0.07,ok,y^4 + x^2*y^8 + x^3*y^6,1 + x*y + x^5*y^2
Z7xZ9,126,12,6,3.429,0.05,ok,y^2 + x*y^5 + x^4*y^8,x^5*y^7 + x^6*y + x^6*y^4
Z7xZ9,126,12,6,3.429,0.05,ok,y^3 + x^3*y^6 + x^6,x^2 + x^6*y^3 + x^6*y^6
Z7xZ9,126,10,10,7.937,0.44,ok,y^8 + x^4*y^6 + x^6*y^4,y^3 + x*y^5 + x^5*y^7
Z7xZ9,126,10,10,7.937,0.54,ok,y^4 + x^2*y^2 + x^6*y^6,y^4 + x^2*y^6 + x^6*y^8
Z7xZ9,126,12,2,0.381,0.01,ok,y^2 + y^5 + y^8,x^2 + x^3*y^7 + x^6*y^3
Z7xZ9,126,10,6,2.857,0.05,ok,x*y^7 + x^5*y^6 + x^6*y^2,1 + x^2*y^8 + x^6*y^7
Z7xZ9,126,12,4,1.524,0.03,ok,x*y^5 + x^3*y^2 + x^5*y,x + x^3 + x^4
Z7xZ9,126,10,2,0.317,0.01,ok,x^2*y^7 + x^4*y^5 + x^5,1 + x*y^4 + x^5*y^2
Z7xZ9,126,12,4,1.524,0.03,ok,x^3*y^7 + x^5*y^6 + x^5*y^8,x*y^4 + x^3*y^4 + x^4*y^4
Z7xZ9,126,12,8,6.095,0.35,ok,x*y^5 + x^2*y^4 + x^3*y,x*y^6 + x^3*y^3 + x^6*y^4
Z7xZ9,126,10,6,2.857,0.06,ok,y^6 + x^4*y^2 + x^5*y,x^2*y^7 + x^3*y^6 + x^5*y^5
Z7xZ9,126,10,6,2.857,0.05,ok,1 + x*y^8 + x^5*y^4,1 + x^4*y^8 + x^6*y^7
Z7xZ9,126,12,6,3.429,0.03,ok,x*y^2 + x^4*y^6 + x^6*y^3,x^2*y + x^2*y^8 + x^5
Z7xZ9,126,10,2,0.317,0.01,ok,y^8 + x^4*y^3 + x^6*y^4,x*y + x^3*y^2 + x^4*y^6
Z7xZ9,126,10,10,7.937,0.56,ok,x^2*y^4 + x^4 + x^5*y^8,1 + x^4*y^7 + x^6*y^8
Z7xZ9,126,10,2,0.317,0.01,ok,x*y^2 + x^2*y^3 + x^6*y^7,y^3 + x^4*y^7 + x^6*y^2
Z7xZ9,126,10,6,2.857,0.04,ok,x*y^6 + x^2*y^2 + x^4*y,y^2 + x*y^4 + x^3*y^6
Z7xZ9,126,12,4,1.524,0.03,ok,y^5 + x*y^2 + x^2*y,y^7 + x^2*y^7 + x^3*y^7
Z7xZ9,126,18,4,2.286,0.02,ok,y^3 + x*y^6 + x^3*y^3,1 + x + x^3
Z7xZ9,126,12,4,1.524,0.03,ok,x^3*y^3 + x^4*y^3 + x^6*y^3,x^5*y^5 + x^5*y^6 + x^5*y^7
Z7xZ9,126,12,4,1.524,0.03,ok,x*y^4 + x*y^7 + x^2*y,x^4*y + x^4*y^7 + x^6*y^4
Z7xZ9,126,12,6,3.429,0.03,ok,x*y^6 + x^2*y^6 + x^6*y^3,x^5 + x^5*y + x^5*y^8
Z7xZ9,126,10,6,2.857,0.04,ok,1 + x*y^5 + x^3*y^7,x^3*y + x^4*y^6 + x^6*y^2
Z7xZ9,126,12,6,3.429,0.06,ok,y^8 + x*y^3 + x*y^4,y^5 + x^3*y^2 + x^4
Z7xZ9,126,12,4,1.524,0.03,ok,x^3*y^2 + x^4*y^2 + x^6*y^2,x^2*y^8 + x^5*y^4 + x^6*y^2
Z7xZ9,126,12,6,3.429,0.05,ok,y^8 + x^2*y^5 + x^5*y^2,x*y^2 + x*y^5 + x^2*y^8
Z7xZ9,126,10,6,2.857,0.04,ok,x*y^2 + x^2*y + x^6*y^6,x^2*y^7 + x^4 + x^5*y^5
Z7xZ9,126,12,8,6.095,0.26,ok,x + x^2*y^8 + x^3*y^5,1 + x*y^2 + x^4*y^5
Z7xZ9,126,12,6,3.429,0.04,ok,x^3 + x^3*y + x^3*y^5,y^8 + x^2*y^2 + x^3*y^8
Z7xZ9,126,12,6,3.429,0.06,ok,y^6 + x^2 + x^6*y^3,x*y^3 + x*y^5 + x*y^7
Z7xZ9,126,10,10,7.937,0.64,ok,x^2*y^6 + x^3*y^2 + x^5*y^7,y^3 + x^4*y^4 + x^5*y^5
Z7xZ9,126,12,8,6.095,0.26,ok,y^4 + x^3*y^7 + x^4,y^3 + x*y^2 + x^6*y^6
Z7xZ9,126,12,10,9.524,0.45,ok,x^3*y^4 + x^4*y^2 + x^4*y^6,y^5 + x^2*y^6 + x^5*y^2
Z7xZ9,126,10,6,2.857,0.04,ok,1 + x*y^8 + x^5*y^4,x*y + x^3*y^8 + x^4*y^3
Z7xZ9,126,12,6,3.429,0.03,ok,x*y^7 + x^2*y + x^6*y^4,x^2 + x^2*y^2 + x^2*y^7
Z7xZ9,126,12,4,1.524,0.03,ok,x*y^3 + x^2*y^2 + x^3*y^8,y^4 + x^3*y + x^6*y^6
Z7xZ9,126,10,6,2.857,0.05,ok,x*y^7 + x^2*y^6 + x^6*y^5,x^2 + x^4*y + x^5*y^5
Z7xZ9,126,12,6,3.429,0.06,ok,x + x*y^3 + x^2*y^6,y^2 + x^3*y^8 + x^6*y^5
Z7xZ9,126,12,6,3.429,0.05,ok,x*y^5 + x^2*y^8 + x^6*y^2,y^5 + y^6 + y^7
Z7xZ9,126,12,6,3.429,0.05,ok,1 + y^3 + x^2*y^6,1 + x^3*y^3 + x^5*y^6
Z7xZ9,126,12,10,9.524,0.49,ok,y + x^5 + x^6*y^7,x*y^6 + x*y^7 + x^5*y^2
Z7xZ9,126,12,6,3.429,0.04,ok,x^3*y^8 + x^4*y^5 + x^6*y^2,x^3*y^5 + x^4*y^2 + x^4*y^8
Z7xZ9,126,12,8,6.095,0.21,ok,y^7 + x^2*y^8 + x^4*y^2,y^6 + x^3*y + x^5
Z7xZ9,126,10,6,2.857,0.07,ok,x*y + x^2*y^5 + x^6,1 + x^4*y + x^6*y^2
Z7xZ9,126,16,4,2.032,0.03,ok,x^2*y^3 + x^2*y^5 + x^3*y^4,x + x*y^5 + x^3*y^7
Z7xZ9,126,10,6,2.857,0.06,ok,x^3*y^7 + x^5*y^8 + x^6*y^6,x*y^7 + x^3*y^5 + x^4
Z7xZ9,126,10,6,2.857,0.06,ok,x^2*y^8 + x^4*y^7 + x^5*y^6,y^8 + x^2*y^7 + x^3*y^3
Z7xZ9,126,12,8,6.095,0.22,ok,y^4 + x^3*y^8 + x^5*y^5,y^7 + x*y^3 + x^6*y
Z7xZ9,126,10,6,2.857,0.04,ok,x^3*y^2 + x^5*y^7 + x^6,y^3 + x^4*y^5 + x^6*y^7
Z7xZ9,126,10,6,2.857,0.05,ok,y^5 + x^4*y^6 + x^6*y^4,x^2*y^3 + x^4*y^4 + x^5*y^5
Z9xZ9,162,12,6,2.667,0.11,ok,x*y^2 + x^3*y^6 + x^5*y^4,x*y^3 + x^5*y^8 + x^6*y
Z9xZ9,162,12,6,2.667,0.12,ok,x^3*y + x^6 + x^6*y^7,y^5 + x^3*y^4 + x^3*y^5
Z9xZ9,162,24,4,2.37,0.05,ok,y^6 + x*y^5 + x^8*y^7,x*y^6 + x^5*y^8 + x^6*y^4
Z9xZ9,162,12,6,2.667,0.07,ok,x^2*y^6 + x^5*y^4 + x^8*y^2,x^5*y^2 + x^5*y^4 + x^8
Z9xZ9,162,12,6,2.667,0.13,ok,x^7*y + x^7*y^3 + x^7*y^5,x^2*y^3 + x^2*y^4 + x^8*y^4
Z9xZ9,162,12,6,2.667,0.11,ok,x^2*y + x^2*y^6 + x^8*y^5,x^3*y^2 + x^3*y^6 + x^3*y^7
Z9xZ9,162,12,6,2.667,0.05,ok,x*y^4 + x*y^8 + x^7*y,x^2 + x^2*y + x^8
Z9xZ9,162,12,6,2.667,0.14,ok,x^2*y + x^4*y + x^4*y^4,x^2*y^7 + x^4*y^7 + x^7*y
Z9xZ9,162,12,6,2.667,0.12,ok,x^2*y^6 + x^4 + x^7*y^3,x^5*y^2 + x^6*y^5 + x^7*y^8
Z9xZ9,162,12,6,2.667,0.08,ok,x^5*y^2 + x^6 + x^7*y^7,y^6 + x^3*y^3 + x^8*y^2
Z9xZ9,162,12,6,2.667,0.11,ok,y + x^3 + x^6*y^5,x^3*y^6 + x^6*y^2 + x^6*y^6
Z9xZ9,162,12,6,2.667,0.08,ok,x^4*y^7 + x^7*y^4 + x^8*y^4,x*y^3 + x^2*y^3 + x^4*y^6
Z9xZ9,162,12,6,2.667,0.16,ok,x^2*y^3 + x^4*y^2 + x^6*y^4,x^4*y^4 + x^6 + x^8*y^5
Z9xZ9,162,12,6,2.667,0.14,ok,x^2 + x^4*y + x^8*y^6,x^6*y^5 + x^7*y + x^7*y^4
Z9xZ9,162,12,4,1.185,0.08,ok,x^2*y^2 + x^2*y^6 + x^5*y,x^4 + x^7*y + x^7*y^2
Z9xZ9,162,12,6,2.667,0.07,ok,x^4*y^7 + x^5*y^4 + x^6*y^7,x^3*y + x^7*y + x^8*y^7
Z9xZ9,162,12,6,2.667,0.09,ok,y + x*y^5 + x^8*y^3,x^3*y^8 + x^4*y^3 + x^5*y
Z9xZ9,162,12,6,2.667,0.15,ok,x^2*y^6 + x^2*y^8 + x^5*y^5,x^2*y^6 + x^8 + x^8*y
Z9xZ9,162,12,6,2.667,0.08,ok,y^8 + x*y^8 + x^6*y^2,x^4 + x^5*y^6 + x^6*y^3
Z9xZ9,162,12,8,4.741,0.37,ok,x^7*y^5 + x^8*y^4 + x^8*y^7,x^3*y^5 + x^5 + x^8
Z9xZ9,162,12,6,2.667,0.1,ok,x*y^2 + x^4*y^8 + x^7*y^4,x^2*y + x^5*y^6 + x^8*y^2
Z9xZ9,162,12,8,4.741,0.33,ok,x^4*y^5 + x^8*y + x^8*y^7,x^2*y^4 + x^6 + x^8*y
Z9xZ9,162,12,8,4.741,0.37,ok,1 + x^3*y + x^6*y^4,x*y^3 + x^4*y^8 + x^7*y^5
Z9xZ9,162,12,8,4.741,0.36,ok,x^2*y^2 + x^3*y^3 + x^6,x^2*y^2 + x^3*y^3 + x^5*y^2
Z9xZ9,162,12,6,2.667,0.07,ok,y^2 + x^3*y^2 + x^7*y^4,x*y^5 + x^2*y^4 + x^4*y^5
Z9xZ9,162,12,8,4.741,0.37,ok,x^3*y^7 + x^5*y^8 + x^8*y^8,x*y^7 + x^8*y^3 + x^8*y^6
Z9xZ9,162,12,6,2.667,0.16,ok,x^5*y^2 + x^5*y^5 + x^8*y^8,y^2 + x^2*y^8 + x^5*y^2
Z9xZ9,162,12,6,2.667,0.08,ok,1 + x^3*y^6 + x^5*y^3,x^2 + x^4*y^3 + x^6*y^6
Z9xZ9,162,12,6,2.667,0.05,ok,x*y^7 + x^2*y^2 + x^8*y^2,y^2 + x^2*y + x^3*y^8
Z9xZ9,162,12,6,2.667,0.07,ok,y^7 + x^2*y + x^6*y,x^3*y + x^4*y + x^8*y
Z9xZ9,162,12,8,4.741,0.43,ok,x*y^6 + x^4 + x^8,x*y^2 + x^2*y^2 + x^2*y^5
Z9xZ9,162,12,6,2.667,0.18,ok,x^2*y + x^3*y^2 + x^4*y^3,y^7 + x^4*y^8 + x^6*y
Z9xZ9,162,12,6,2.667,0.06,ok,x*y^6 + x^6*y^8 + x^8*y^4,x^3*y^2 + x^7*y^6 + x^8*y^7
Z9xZ9,162,12,6,2.667,0.11,ok,x^3*y^7 + x^7 + x^8*y^5,y^5 + x^2*y^6 + x^6*y^2
Z9xZ9,162,12,6,2.667,0.09,ok,y^6 + x^2*y + x^2*y^4,x^2*y + x^4*y^8 + x^7*y^2
Z9xZ9,162,12,6,2.667,0.16,ok,x*y^4 + x^3*y^8 + x^6*y^2,x + x^3*y + x^3*y^4
Z9xZ9,162,12,6,2.667,0.1,ok,x + x^5*y^6 + x^8*y^3,x^3*y^2 + x^3*y^5 + x^5*y^8
Z9xZ9,162,36,4,3.556,0.09,ok,x^2*y^3 + x^5 + x^5*y^6,x^5*y^2 + x^5*y^8 + x^8*y^5
Z9xZ9,162,12,4,1.185,0.05,ok,x^5 + x^7*y^5 + x^8*y^6,x*y^6 + x^7 + x^8*y
Z9xZ9,162,12,6,2.667,0.07,ok,y + x^3*y^3 + x^6*y^5,x^3*y^6 + x^6*y^5 + x^6*y^7
Z9xZ9,162,12,2,0.296,0.02,ok,x^2 + x^2*y + x^8*y^4,y^5 + x^3*y^2 + x^6*y^8
Z9xZ9,162,12,6,2.667,0.19,ok,y^6 + x^5*y^3 + x^7*y^3,x^2*y^2 + x^6*y^2 + x^7*y^8
Z9xZ9,162,12,6,2.667,0.07,ok,x^2*y^6 + x^3*y^3 + x^3*y^6,x^2 + x^4 + x^6
Z9xZ9,162,12,6,2.667,0.14,ok,y^6 + x^2*y^4 + x^3,x^3*y^3 + x^4*y^2 + x^5*y
Z9xZ9,162,12,6,2.667,0.12,ok,x^4 + x^4*y^6 + x^6*y^5,y^2 + x*y^6 + x^4*y^3
Z9xZ9,162,12,6,2.667,0.07,ok,x^3*y^7 + x^7*y^4 + x^8*y^7,x*y^5 + x^3*y^2 + x^8*y^8
Z9xZ9,162,12,6,2.667,0.09,ok,x^3*y^6 + x^4*y^7 + x^6*y^3,y + x^8 + x^8*y^3
Z9xZ9,162,12,6,2.667,0.13,ok,x^5*y^6 + x^7*y^7 + x^8*y^6,x*y^3 + x^4*y^3 + x^4*y^6
Z9xZ9,162,12,6,2.667,0.07,ok,y + x^3*y^5 + x^3*y^7,x^4*y^7 + x^7*y^4 + x^7*y^8
Z9xZ9,162,12,6,2.667,0.14,ok,y^5 + x*y^8 + x^2*y^8,x^6*y^4 + x^7*y^7 + x^8*y
Z9xZ9,162,12,6,2.667,0.09,ok,x*y + x^6*y^4 + x^8*y^7,x^2*y + x^2*y^7 + x^7*y
Z9xZ9,162,12,6,2.667,0.1,ok,x^6 + x^6*y^3 + x^8*y^4,y^3 + x^3*y^3 + x^8*y
Z9xZ9,162,12,2,0.296,0.02,ok,x^3*y^3 + x^6*y^2 + x^6*y^4,x^3*y^8 + x^6 + x^6*y^7
Z9xZ9,162,12,6,2.667,0.09,ok,1 + y^7 + x^6*y^5,x^5*y^5 + x^5*y^6 + x^5*y^7
Z9xZ9,162,12,6,2.667,0.07,ok,x^5*y^8 + x^8*y + x^8*y^3,y^6 + y^8 + x^6*y
Z9xZ9,162,12,8,4.741,0.37,ok,x^3*y^6 + x^4*y^7 + x^7*y^7,x^6 + x^8*y^2 + x^8*y^5
Z9xZ9,162,12,6,2.667,0.09,ok,y^4 + x^3*y + x^7*y^2,x^3*y^4 + x^4*y^5 + x^5*y^6
Z9xZ9,162,12,6,2.667,0.07,ok,y^2 + x^3*y^5 + x^6*y^2,y^5 + x^3*y^3 + x^6*y^8
Z9xZ9,162,12,6,2.667,0.1,ok,y^8 + x*y^6 + x^2*y^4,x^4*y^8 + x^6*y + x^7*y^8
Z9xZ9,162,12,4,1.185,0.08,ok,1 + x^7*y^4 + x^8*y^5,x^3*y + x^5*y^3 + x^7*y^2
Z9xZ9,162,12,6,2.667,0.11,ok,x^5*y^3 + x^7 + x^8*y^6,y^8 + x*y^2 + x^8*y^5
Z9xZ9,162,12,6,2.667,0.1,ok,x^2*y^6 + x^5*y^7 + x^8*y,x^2*y^5 + x^5*y^4 + x^8*y^8
Z9xZ9,162,12,6,2.667,0.07,ok,x^3*y^4 + x^7*y^5 + x^8,x + x^3*y^2 + x^5*y
Z9xZ9,162,12,6,2.667,0.11,ok,x*y^5 + x^2*y^6 + x^7*y^8,x*y^5 + x^3*y^4 + x^6*y
Z9xZ9,162,12,6,2.667,0.11,ok,x^2*y^4 + x^4*y^4 + x^7*y,y + x^5*y + x^5*y^7
Z9xZ9,162,12,6,2.667,0.17,ok,x^2 + x^2*y^5 + x^8*y,x^5*y^2 + x^5*y^6 + x^8*y^4
Z9xZ9,162,12,8,4.741,0.54,ok,x^3 + x^5*y^4 + x^8*y^4,x^2*y^3 + x^4*y^7 + x^5*y^6
Z9xZ9,162,12,6,2.667,0.1,ok,x^2*y^2 + x^4*y^4 + x^6*y^6,x*y^4 + x^5*y^2 + x^5*y^8
Z9xZ9,162,12,6,2.667,0.1,ok,x^2*y^3 + x^2*y^6 + x^7*y^2,x*y^2 + x^3*y^7 + x^7*y^2
Z9xZ9,162,12,6,2.667,0.21,ok,x^2*y^3 + x^4*y^3 + x^6*y^3,x^3*y^3 + x^4 + x^5
Z9xZ9,162,12,6,2.667,0.12,ok,x*y^8 + x^4*y^2 + x^4*y^5,x*y + x^8*y + x^8*y^7
Z9xZ9,162,24,6,5.333,0.13,ok,x^2*y^8 + x^5 + x^8*y,y^3 + x^3 + x^6*y^3
Z9xZ9,162,36,2,0.889,0.02,ok,x^3*y^4 + x^7*y^6 + x^8*y^2,x + x^2*y^5 + x^6*y^7
Z9xZ9,162,12,6,2.667,0.09,ok,y^7 + x^3*y^3 + x^6*y^4,x*y + x^4*y^2 + x^7*y^8
Z9xZ9,162,12,8,4.741,0.4,ok,x*y + x^8*y^2 + x^8*y^5,1 + x^2*y^8 + x^5*y^8
Z9xZ9,162,12,6,2.667,0.11,ok,x^4*y + x^5*y^2 + x^8*y^2,1 + x*y^7 + x^4*y^4
Z9xZ9,162,12,6,2.667,0.1,ok,x^4*y^8 + x^6*y^4 + x^7*y^8,x*y^8 + x^5*y^6 + x^6*y
Z9xZ9,162,12,8,4.741,0.33,ok,y^5 + y^8 + x^5*y^7,x^4*y^5 + x^7*y^2 + x^8*y^6
Z9xZ9,162,12,6,2.667,0.12,ok,x^3*y^5 + x^3*y^8 + x^4*y^6,1 + x^2*y^2 + x^2*y^5
Z9xZ9,162,36,4,3.556,0.08,ok,y^4 + x^7*y^7 + x^8*y,x^2*y^2 + x^6*y^5 + x^7*y^8
Z9xZ9,162,12,6,2.667,0.07,ok,x^2*y^2 + x^3*y^8 + x^7*y^5,y^5 + x*y^5 + x^8*y^8
Z9xZ9,162,12,8,4.741,0.36,ok,1 + x^4*y^2 + x^4*y^5,x*y^4 + x^4*y^4 + x^8*y^6
Z9xZ9,162,12,4,1.185,0.05,ok,y^7 + x*y^7 + x^5*y^4,y^7 + x*y^4 + x^8*y^4
Z9xZ9,162,12,6,2.667,0.07,ok,x*y^6 + x*y^8 + x^4*y^7,y^3 + x^3*y^7 + x^6*y^8
Z9xZ9,162,12,6,2.667,0.13,ok,y^4 + y^8 + x^6*y^7,x*y^8 + x^4*y^6 + x^7*y^7
Z9xZ9,162,12,6,2.667,0.1,ok,x^3*y^2 + x^5*y^4 + x^6*y^2,y^6 + x^4*y^7 + x^7*y^4
Z9xZ9,162,12,6,2.667,0.1,ok,x^3*y + x^5 + x^7*y^8,y^3 + x^6*y^6 + x^8*y^8
Z9xZ9,162,24,4,2.37,0.06,ok,x^2*y^4 + x^5*y^2 + x^8*y^3,x^5 + x^5*y + x^5*y^8
Z9xZ9,162,12,2,0.296,0.03,ok,y^6 + x^3*y^6 + x^4*y^7,x*y^4 + x^4*y^4 + x^5*y^5
Z9xZ9,162,12,4,1.185,0.05,ok,x*y^3 + x^5*y^5 + x^8*y^8,y^6 + x^3 + x^4*y^5
Z9xZ9,162,12,2,0.296,0.02,ok,x^2*y^8 + x^6*y^5 + x^6*y^8,x*y^2 + x^4*y^5 + x^7*y^8
Z9xZ9,162,12,2,0.296,0.02,ok,x^2*y + x^2*y^3 + x^5*y^5,x^4*y^2 + x^4*y^4 + x^7*y^6
Z9xZ9,162,12,8,4.741,0.43,ok,y + x^3*y^4 + x^7*y^4,x*y^4 + x^2*y^4 + x^2*y^7
Z9xZ9,162,12,6,2.667,0.14,ok,x^2*y + x^5*y^2 + x^8*y^6,x^2*y^3 + x^8*y^2 + x^8*y^6
Z9xZ9,162,12,4,1.185,0.05,ok,x^5 + x^5*y^8 + x^8*y^2,x^4*y^2 + x^7*y^5 + x^7*y^7
Z9xZ9,162,12,8,4.741,0.37,ok,y^5 + x^3*y^6 + x^6*y^3,1 + x^3 + x^6*y^7
Z9xZ9,162,12,6,2.667,0.06,ok,x + x^2*y + x^6*y^5,x^4*y^2 + x^5 + x^8*y^6
Z9xZ9,162,12,6,2.667,0.14,ok,x^2 + x^4*y^7 + x^8,y^6 + x^6*y^3 + x^6*y^6
Z9xZ9,162,12,6,2.667,0.07,ok,x^3*y^5 + x^3*y^6 + x^6*y^5,x^2 + x^2*y^4 + x^2*y^8
Z9xZ9,162,12,6,2.667,0.15,ok,x^4*y^3 + x^7*y^3 + x^8*y^5,x^2*y^5 + x^3*y^7 + x^7*y^6
Z9xZ9,162,12,2,0.296,0.02,ok,x^2*y^3 + x^5*y^5 + x^8*y^2,y^7 + x^3*y^8 + x^6*y
Z9xZ9,162,12,6,2.667,0.1,ok,x^2*y^2 + x^4*y^5 + x^6*y^2,x*y^8 + x^2*y^2 + x^6*y^5
Z9xZ9,162,12,4,1.185,0.04,ok,x^3*y + x^7*y^3 + x^8*y^5,x*y^3 + x^3*y^4 + x^8*y^5
Z9xZ9,162,12,6,2.667,0.09,ok,y^8 + x^5*y^2 + x^7*y^5,x^2*y^4 + x^3*y^7 + x^4*y^4
Z9xZ9,162,12,2,0.296,0.02,ok,x*y^2 + x^4*y^2 + x^7*y^2,x*y^6 + x^3*y + x^7*y^3
Z9xZ9,162,12,4,1.185,0.06,ok,x^5*y^4 + x^5*y^5 + x^8*y,x^2*y^5 + x^5*y + x^5*y^2
Z9xZ9,162,12,2,0.296,0.02,ok,x^4*y^5 + x^4*y^7 + x^7*y^7,x*y^6 + x*y^8 + x^4*y^8
Z9xZ9,162,12,6,2.667,0.16,ok,y^2 + x^3*y^2 + x^3*y^8,x^2 + x^3*y^7 + x^6*y^7
Z9xZ9,162,12,4,1.185,0.05,ok,x^2*y^4 + x^5*y + x^7*y^3,x^3*y^3 + x^5*y^5 + x^8*y^2
Z9xZ9,162,12,6,2.667,0.18,ok,x^4*y^3 + x^5*y^3 + x^6,y^4 + x^2*y + x^4*y
Z9xZ9,162,12,6,2.667,0.05,ok,x + x*y + x*y^8,x^2*y^2 + x^5 + x^5*y
Z9xZ9,162,12,6,2.667,0.16,ok,x^4*y^7 + x^6*y^8 + x^8,x^7*y^8 + x^8*y + x^8*y^4
Z9xZ9,162,12,6,2.667,0.05,ok,x^5*y^4 + x^5*y^7 + x^8*y,y^4 + x^4*y^7 + x^6*y
Z9xZ9,162,12,6,2.667,0.06,ok,x^2*y + x^3*y + x^6*y^7,x^5*y^3 + x^5*y^6 + x^7*y^6
Z9xZ9,162,12,6,2.667,0.09,ok,y^2 + x*y^4 + x^3*y^5,x^6*y^4 + x^7*y^6 + x^8*y^8
Z9xZ9,162,12,6,2.667,0.08,ok,x^3 + x^7 + x^8*y^6,x*y^3 + x^3*y^3 + x^5*y^6
Z9xZ9,162,12,6,2.667,0.11,ok,y^6 + x^4*y^7 + x^5*y^5,x*y^4 + x^2*y^2 + x^3*y^3
Z9xZ9,162,12,6,2.667,0.08,ok,1 + x*y^5 + x^2*y,x^2*y^7 + x^7*y^5 + x^7*y^8
Z9xZ9,162,12,6,2.667,0.18,ok,x^3*y^6 + x^4*y^7 + x^5*y^2,y^6 + x^4*y + x^5*y^2
Z9xZ9,162,12,6,2.667,0.22,ok,y^7 + x^2*y^7 + x^8*y,x^3*y^8 + x^4*y^8 + x^5*y^8
Z9xZ9,162,12,8,4.741,0.43,ok,x*y^7 + x^4*y^4 + x^5*y^2,x^5*y^5 + x^5*y^8 + x^7*y
Z9xZ9,162,12,6,2.667,0.13,ok,y^2 + y^7 + x^6*y^3,y^7 + x^3*y^6 + x^3*y^8
Z9xZ9,162,12,6,2.667,0.13,ok,x^3*y^2 + x^4 + x^8*y^4,y^8 + x^2*y^7 + x^4*y^3
Z9xZ9,162,12,6,2.667,0.17,ok,x + x^2*y^4 + x^3*y^2,x*y + x^2*y^2 + x^3
Z9xZ9,162,12,8,4.741,0.4,ok,x^5*y^3 + x^5*y^6 + x^6*y^8,x*y^7 + x^4*y + x^6*y^5
Z9xZ9,162,12,6,2.667,0.07,ok,x^4*y^3 + x^6*y + x^8*y^2,x^2*y^8 + x^4*y^3 + x^6*y
Z9xZ9,162,12,6,2.667,0.17,ok,x*y^4 + x^2*y^2 + x^7*y^4,x^5*y^5 + x^8*y^2 + x^8*y^5
Z9xZ9,162,12,4,1.185,0.06,ok,x^5*y^5 + x^5*y^8 + x^6*y,x^4*y^2 + x^4*y^8 + x^6*y^3
Z9xZ9,162,12,6,2.667,0.07,ok,y^6 + x^2*y^4 + x^6*y^3,x^2*y + x^7*y^2 + x^8*y
Z9xZ9,162,12,8,4.741,0.41,ok,x^2*y^2 + x^7*y^8 + x^8*y^8,x^3*y^2 + x^8*y^2 + x^8*y^8
Z9xZ9,162,12,6,2.667,0.07,ok,x^2*y^4 + x^5*y + x^5*y^4,x^4*y^7 + x^7*y^4 + x^8*y^2
Z9xZ9,162,12,8,4.741,0.39,ok,x*y^4 + x^4*y^4 + x^7*y^2,x*y^6 + x^4*y^8 + x^7*y^3
Z9xZ9,162,24,4,2.37,0.05,ok,x*y + x^4*y^2 + x^7,x^7 + x^7*y^2 + x^7*y^7
Z9xZ9,162,12,6,2.667,0.13,ok,x^4*y^8 + x^7 + x^7*y^8,x^4*y^7 + x^7*y^5 + x^7*y^7
Z9xZ9,162,12,6,2.667,0.07,ok,x^3*y + x^5*y^4 + x^7*y,x^6*y^8 + x^7*y^2 + x^8*y^2
Z9xZ9,162,12,6,2.667,0.24,ok,x^3*y + x^4*y^8 + x^8,y^4 + x*y^2 + x^3*y^4
Z9xZ9,162,12,8,4.741,0.4,ok,x^2*y^3 + x^5*y^2 + x^8*y^3,x^2*y + x^5*y^2 + x^8*y^4
Z9xZ9,162,12,6,2.667,0.07,ok,x^2*y^7 + x^4*y^7 + x^6*y^4,x*y + x^2*y + x^3*y^7
Z9xZ9,162,12,8,4.741,0.37,ok,y^6 + x^2*y^6 + x^5*y^3,x*y^6 + x^8 + x^8*y^6
Z9xZ9,162,12,6,2.667,0.09,ok,x*y^4 + x^3*y^3 + x^8*y^5,x*y^3 + x^5*y^7 + x^6*y^2
Z9xZ9,162,12,8,4.741,0.47,ok,y^5 + y^7 + x^6*y^2,x^3 + x^3*y^4 + x^6
Z9xZ9,162,12,6,2.667,0.13,ok,y + y^3 + y^5,x*y + x*y^8 + x^4
Z9xZ9,162,12,6,2.667,0.1,ok,x*y^4 + x^3*y^5 + x^7*y^4,x^2*y^6 + x^3*y^8 + x^7*y^7
Z9xZ9,162,12,6,2.667,0.13,ok,x^3*y^2 + x^3*y^7 + x^6*y^5,x*y + x*y^6 + x*y^8
Z9xZ9,162,24,4,2.37,0.05,ok,y^7 + x*y^8 + x^8*y^6,y^5 + x^2*y^4 + x^4*y^3
Z9xZ9,162,12,6,2.667,0.09,ok,y + x^2*y^2 + x^7,x*y^3 + x^2*y^5 + x^6*y
Z9xZ9,162,12,6,2.667,0.09,ok,x^2 + x^6*y^5 + x^8*y^6,x^4*y + x^4*y^7 + x^5*y^6
Z9xZ9,162,12,6,2.667,0.17,ok,x^2*y^3 + x^6*y^4 + x^7*y^2,x*y^5 + x^3*y + x^3*y^7
Z9xZ9,162,12,6,2.667,0.07,ok,x^4*y + x^6*y^4 + x^8*y,y^7 + x*y^4 + x^5*y^7
Z9xZ9,162,36,2,0.889,0.02,ok,x^2*y^2 + x^2*y^5 + x^8*y^8,y + x^3*y^4 + x^6*y^7
Z9xZ9,162,12,2,0.296,0.02,ok,y^7 + x^3*y^7 + x^8*y^5,y^3 + x^3*y^3 + x^6*y^3
Z9xZ9,162,12,6,2.667,0.13,ok,x^4 + x^4*y^4 + x^4*y^8,x^4*y + x^4*y^5 + x^7*y^7
Z9xZ9,162,12,2,0.296,0.02,ok,x^5*y + x^5*y^4 + x^5*y^7,y^6 + x^2*y^2 + x^2*y^5
Z9xZ9,162,12,6,2.667,0.23,ok,x^6*y^7 + x^7*y^4 + x^7*y^7,x^4*y + x^6*y^4 + x^7*y^4
Z9xZ9,162,12,6,2.667,0.12,ok,x*y + x^2*y^3 + x^7*y,x^2*y^2 + x^4*y^3 + x^4*y^6
Z9xZ9,162,12,4,1.185,0.04,ok,y^6 + x + x^3*y^3,x*y^5 + x^3*y^8 + x^4*y^2
Z9xZ9,162,24,6,5.333,0.09,ok,y^3 + x^6 + x^6*y^3,y^6 + x*y^2 + x^8*y
Z9xZ9,162,12,6,2.667,0.09,ok,y + x^7*y + x^8*y^4,x + x^3*y^6 + x^8*y^3
Z9xZ9,162,12,6,2.667,0.17,ok,x^4*y^2 + x^4*y^6 + x^7*y,x*y + x*y^5 + x^7
Z9xZ9,162,12,6,2.667,0.09,ok,x^3*y^5 + x^6*y^2 + x^8*y^4,x*y^8 + x^6*y^7 + x^8*y^3
Z9xZ9,162,36,4,3.556,0.04,ok,x*y^6 + x^4*y^2 + x^7*y^4,x*y^5 + x^4*y + x^7
Z9xZ9,162,12,6,2.667,0.09,ok,x^3*y^6 + x^7*y^5 + x^8*y^7,y^3 + x*y^5 + x^2*y^4
Z9xZ9,162,12,6,2.667,0.1,ok,y^3 + y^6 + x^3,x^3*y^6 + x^5*y^6 + x^8*y^3
Z9xZ9,162,24,2,0.593,0.02,ok,x*y^8 + x^4*y^8 + x^7*y^8,y^5 + x*y^6 + x^2*y^7
Z9xZ9,162,12,2,0.296,0.02,ok,x*y^5 + x^4*y^2 + x^5*y^5,x^5*y + x^5*y^4 + x^5*y^7
Z9xZ9,162,12,6,2.667,0.06,ok,x*y^2 + x^6 + x^8*y^4,x^3*y^3 + x^5*y^7 + x^7*y^2
Z9xZ9,162,12,6,2.667,0.14,ok,x^2*y^5 + x^5*y^4 + x^8*y^2,x^2*y^2 + x^5 + x^8*y
Z9xZ9,162,24,6,5.333,0.12,ok,x^3 + x^5*y^3 + x^7*y^6,x^2*y^3 + x^2*y^6 + x^8
Z9xZ9,162,12,8,4.741,0.37,ok,y^5 + x^3*y^5 + x^6,y + x^3*y^8 + x^6*y^2
Z9xZ9,162,12,2,0.296,0.02,ok,x^5*y^3 + x^6*y^5 + x^8*y^6,x*y^7 + x^4*y + x^7*y^4
Z9xZ9,162,12,6,2.667,0.16,ok,x^4 + x^5*y^5 + x^6*y^7,x*y^6 + x^5*y^8 + x^6*y^4
Z9xZ9,162,12,2,0.296,0.02,ok,x^5*y^5 + x^6*y + x^6*y^7,y^6 + x^3*y^6 + x^6*y^6
Z9xZ9,162,12,6,2.667,0.22,ok,x^3*y^7 + x^5*y^2 + x^7*y^6,y^7 + x^7 + x^8*y^5
Z9xZ9,162,12,6,2.667,0.08,ok,x^2*y^7 + x^8 + x^8*y^2,x^2*y^4 + x^2*y^8 + x^5*y^6
Z9xZ9,162,12,6,2.667,0.06,ok,x^5*y^6 + x^6*y^6 + x^7*y^6,x + x^6*y^6 + x^8
Z9xZ9,162,12,6,2.667,0.21,ok,x^3*y^4 + x^5*y^4 + x^7*y^7,y^4 + x*y^7 + x^8*y
Z9xZ9,162,12,6,2.667,0.1,ok,x*y^4 + x^6*y^2 + x^8,y^5 + x*y + x^5*y^3
Z9xZ9,162,12,6,2.667,0.09,ok,x*y^8 + x^6*y + x^8,y + x^7*y^2 + x^7*y^8
Z9xZ9,162,12,6,2.667,0.07,ok,x^4*y^8 + x^5*y^3 + x^6*y^7,x*y^5 + x^3*y + x^4*y^5
Z9xZ9,162,12,6,2.667,0.16,ok,x^2*y^6 + x^2*y^8 + x^5*y^6,x^2*y + x^2*y^2 + x^2*y^3
Z9xZ9,162,12,6,2.667,0.1,ok,x^3 + x^3*y^3 + x^6*y^6,x + x^2*y^6 + x^8*y^3
Z9xZ9,162,12,8,4.741,0.36,ok,x^3*y + x^4*y^3 + x^7*y^6,x^2*y^5 + x^2*y^8 + x^3*y^7
Z9xZ9,162,12,6,2.667,0.06,ok,x*y^8 + x^3*y^4 + x^8*y^3,x*y + x^3*y^6 + x^6*y^6
Z9xZ9,162,12,6,2.667,0.06,ok,x*y^4 + x^2 + x^3*y^5,y^8 + x^4*y^7 + x^6*y^8
Z9xZ9,162,12,6,2.667,0.06,ok,x^5*y^4 + x^6*y^2 + x^7*y^3,x^2*y^5 + x^6 + x^7*y^4
Z9xZ9,162,12,6,2.667,0.09,ok,x*y^6 + x^4*y^4 + x^4*y^5,y^5 + x^3*y + x^6
Z9xZ9,162,12,6,2.667,0.12,ok,x^2*y^4 + x^3*y^2 + x^4,y^5 + y^8 + x^2*y^4
Z9xZ9,162,12,6,2.667,0.06,ok,y^7 + x^4*y^6 + x^7*y^6,x*y^3 + x*y^6 + x^4*y^6
Z9xZ9,162,12,6,2.667,0.11,ok,y^5 + x^2 + x^4*y^7,x*y^2 + x^3 + x^5*y^4
Z9xZ9,162,12,6,2.667,0.13,ok,x*y^6 + x*y^8 + x^7,x*y^5 + x*y^6 + x^7*y^6
Z9xZ9,162,12,6,2.667,0.09,ok,x*y^7 + x^4*y^7 + x^7*y,x + x*y^5 + x^7*y^5
Z9xZ9,162,12,2,0.296,0.02,ok,x^3*y^4 + x^3*y^5 + x^6*y,1 + y^8 + x^3*y^5
Z9xZ9,162,12,8,4.741,0.3,ok,x + x^4*y^6 + x^4*y^8,x^3*y + x^3*y^8 + x^6*y^4
Z9xZ9,162,12,6,2.667,0.07,ok,x^2*y^6 + x^6*y^8 + x^8*y^6,y^8 + x^3*y^2 + x^4*y
Z9xZ9,162,12,6,2.667,0.07,ok,x*y + x^4*y^4 + x^4*y^8,x*y^7 + x^4*y^2 + x^7*y^3
Z9xZ9,162,12,6,2.667,0.11,ok,y^2 + x^3*y^2 + x^5*y^7,x*y^3 + x^5*y^4 + x^6*y^2
Z9xZ9,162,12,6,2.667,0.07,ok,x^3*y^8 + x^4*y + x^4*y^4,x^2*y^6 + x^6*y^5 + x^6*y^8
Z9xZ9,162,12,8,4.741,0.27,ok,x^2*y^8 + x^5*y^5 + x^7*y^8,y^2 + x^2*y^2 + x^5*y^5
Z9xZ9,162,12,4,1.185,0.03,ok,x^3*y^2 + x^3*y^8 + x^8*y^7,x^3*y^5 + x^3*y^8 + x^7
Z9xZ9,162,12,6,2.667,0.07,ok,x^2*y^6 + x^7*y^3 + x^8*y^3,x^5*y^6 + x^6 + x^7*y^3
Z9xZ9,162,12,6,2.667,0.06,ok,x*y^4 + x^2 + x^6*y^8,x^3*y^5 + x^4*y^7 + x^5*y^3
Z9xZ9,162,12,6,2.667,0.04,ok,x*y^2 + x^5 + x^5*y^3,y + y^4 + x^6*y^4
Z9xZ9,162,12,6,2.667,0.08,ok,y^8 + x*y^5 + x^7*y^2,x^4*y^5 + x^6*y^2 + x^8*y^8
Z9xZ9,162,12,2,0.296,0.02,ok,y^2 + x^3*y^2 + x^6*y^2,x^4*y^2 + x^6*y + x^7*y^8
Z9xZ9,162,12,8,4.741,0.31,ok,x^4*y^5 + x^7*y^5 + x^7*y^7,y^8 + x^6*y^2 + x^6*y^3
Z9xZ9,162,12,6,2.667,0.09,ok,x^2*y + x^4*y^4 + x^8*y^7,x^2*y^7 + x^5*y + x^5*y^4
Z9xZ9,162,12,6,2.667,0.1,ok,x^2*y^3 + x^6*y^5 + x^7*y^7,x^2*y^4 + x^4*y^5 + x^6*y^3
Z9xZ9,162,24,6,5.333,0.05,ok,y^7 + x^3*y^6 + x^6*y^2,y^3 + x^3 + x^6*y^3
Z9xZ9,162,12,6,2.667,0.09,ok,x^3*y^5 + x^7*y^6 + x^8*y^4,x^3*y^5 + x^5*y^4 + x^7*y^6
Z9xZ9,162,12,6,2.667,0.08,ok,x^2*y^6 + x^5*y^7 + x^8*y^4,x^2*y^2 + x^5*y^2 + x^8*y^8
Z9xZ9,162,12,6,2.667,0.03,ok,x^3*y^8 + x^7*y^2 + x^8*y^5,x^4*y^5 + x^8*y^2 + x^8*y^8
Z9xZ9,162,36,2,0.889,0.02,ok,x*y^6 + x^2*y^4 + x^6*y^5,x^2*y^7 + x^6*y^8 + x^7*y^6
Z9xZ9,162,12,6,2.667,0.07,ok,x^4*y + x^5 + x^8*y^3,x^2*y^6 + x^4*y^7 + x^8*y^3
Z9xZ9,162,24,4,2.37,0.03,ok,y^7 + x^2 + x^4*y^2,x^5*y^6 + x^6*y^4 + x^7*y^2
Z9xZ9,162,12,6,2.667,0.04,ok,x^2*y^4 + x^5*y^4 + x^8*y^7,x^2 + x^2*y^4 + x^5*y^3
Z9xZ9,162,12,6,2.667,0.04,ok,x^3*y^7 + x^4*y^3 + x^7*y^6,x + x^8*y^5 + x^8*y^8
Z9xZ9,162,12,6,2.667,0.05,ok,x^2*y + x^3*y^7 + x^7*y^4,x^3*y^4 + x^4*y^7 + x^7*y
Z9xZ9,162,12,2,0.296,0.01,ok,x^2*y + x^5*y + x^8,x*y^8 + x^4*y^7 + x^7*y^8
Z9xZ9,162,12,6,2.667,0.06,ok,y^6 + x^2*y + x^8*y^7,x^2*y + x^2*y^7 + x^6*y^6
Z9xZ9,162,12,6,2.667,0.05,ok,x^3*y^5 + x^3*y^7 + x^6*y^4,x^6 + x^6*y^4 + x^6*y^5
Z9xZ9,162,12,6,2.667,0.05,ok,x*y^2 + x*y^5 + x^7*y^8,x^6*y^3 + x^6*y^6 + x^7*y^6
Z9xZ9,162,12,6,2.667,0.05,ok,x + x^5*y^8 + x^6*y^4,x*y^6 + x^5*y^2 + x^6*y^7
Z9xZ9,162,12,6,2.667,0.06,ok,1 + x^3*y^8 + x^6*y^7,y^6 + x^3 + x^6*y^2
Z9xZ9,162,12,2,0.296,0.01,ok,y + y^4 + y^7,x^4*y^6 + x^5*y^2 + x^7*y^6
Z9xZ9,162,12,6,2.667,0.09,ok,x^2*y^6 + x^3*y^7 + x^4*y^8,y^7 + x^4*y^5 + x^5*y^6
Z9xZ9,162,12,6,2.667,0.09,ok,x^3*y^7 + x^6 + x^6*y,y^5 + x^3*y^4 + x^3*y^8
Z9xZ9,162,12,6,2.667,0.05,ok,x*y^6 + x^4*y^6 + x^6*y,y^4 + x^2*y^8 + x^7
Z9xZ9,162,12,4,1.185,0.03,ok,x^3*y^7 + x^5*y^5 + x^8*y^5,x^2*y^5 + x^7 + x^8*y^5
Z9xZ9,162,12,8,4.741,0.2,ok,x^6*y^7 + x^8*y^2 + x^8*y^8,y^4 + x^2*y^8 + x^6*y
Z9xZ9,162,24,6,5.333,0.07,ok,x^2*y^4 + x^5*y^5 + x^8*y^6,x^2*y^4 + x^5*y + x^8*y^4
